date,n,tmax,tmin,precip_mm,snow_cm,wind_max_kmh,heavy_rain,snow_day,hot_day,freezing_day,windy_day,expected_n,tmax_anomaly,ratio
2001-01-14,1119,1.5,-1.6,2.9,0.14,18.9,0,0,0,0,0,1101.25,3.4322580645161294,1.0161180476730987
2001-01-21,1105,-5.6,-15.8,0.0,0.0,15.9,0,0,0,1,0,1101.25,-3.6677419354838703,1.0034052213393871
2001-01-28,1076,-3.7,-11.2,0.0,0.21,25.6,0,0,0,0,0,1101.25,-1.767741935483871,0.9770715096481272
2001-01-07,1105,-0.6,-4.5,0.0,0.0,19.5,0,0,0,0,0,1101.25,1.3322580645161293,1.0034052213393871
2001-01-22,1180,-3.7,-13.7,0.0,0.0,18.7,0,0,0,0,0,1329.8,-1.767741935483871,0.8873514814257784
2001-01-29,1175,4.1,-4.5,22.3,0.28,29.2,1,0,0,0,0,1329.8,6.032258064516129,0.8835915175214318
2001-01-15,1312,0.8,-0.7,0.4,0.0,26.6,0,0,0,0,0,1329.8,2.732258064516129,0.9866145285005264
2001-01-01,1825,-5.6,-10.4,0.0,0.0,18.6,0,0,0,1,0,1329.8,-3.6677419354838703,1.3723868250864792
2001-01-08,1157,-4.6,-8.8,0.0,0.0,18.8,0,0,0,0,0,1329.8,-2.6677419354838703,0.8700556474657843
2001-01-09,1184,-6.2,-12.4,0.0,0.0,25.3,0,0,0,1,0,1207.8,-4.267741935483871,0.9802947507865541
2001-01-16,1251,-0.9,-3.4,0.0,0.21,21.3,0,0,0,0,0,1207.8,1.032258064516129,1.0357675111773472
2001-01-23,1250,0.7,-5.2,0.0,0.0,21.1,0,0,0,0,0,1207.8,2.632258064516129,1.0349395595297235
2001-01-02,1143,-9.6,-15.6,0.0,0.0,23.9,0,0,0,1,0,1207.8,-7.66774193548387,0.9463487332339792
2001-01-30,1211,4.2,-2.0,3.1,0.49,24.9,0,0,0,0,0,1207.8,6.1322580645161295,1.0026494452723962
2001-01-17,1288,-3.3,-6.1,0.0,0.0,13.7,0,0,0,0,0,1193.4,-1.3677419354838707,1.0792693145634322
2001-01-31,1190,0.8,-3.3,0.3,0.21,20.0,0,0,0,0,0,1193.4,2.732258064516129,0.9971509971509971
2001-01-24,1101,-3.5,-9.3,0.6,0.56,23.6,0,0,0,0,0,1193.4,-1.5677419354838709,0.9225741578682755
2001-01-10,1237,-1.1,-9.0,0.0,0.0,24.9,0,0,0,0,0,1193.4,0.832258064516129,1.0365342718283894
2001-01-03,1151,-3.3,-12.6,0.2,0.14,27.3,0,0,0,0,0,1193.4,-1.3677419354838707,0.9644712585889056
2001-01-25,1183,-5.0,-13.0,0.0,0.0,18.2,0,0,0,1,0,1213.75,-3.0677419354838706,0.9746652935118435
2001-01-04,1166,-1.1,-8.8,0.0,0.0,35.9,0,0,0,0,0,1213.75,0.832258064516129,0.9606591143151391
2001-01-11,1228,0.1,-5.6,0.0,0.0,22.2,0,0,0,0,0,1213.75,2.032258064516129,1.011740473738414
2001-01-18,1278,-0.7,-6.9,0.0,0.0,23.7,0,0,0,0,0,1213.75,1.2322580645161292,1.0529351184346034
2001-01-26,1296,-1.2,-8.1,2.2,1.82,22.7,0,0,0,0,0,1282.5,0.7322580645161292,1.0105263157894737
2001-01-19,1214,-3.9,-7.4,0.0,0.0,28.9,0,0,0,0,0,1282.5,-1.9677419354838708,0.946588693957115
2001-01-05,1267,0.9,-3.3,0.1,0.0,31.1,0,0,0,0,0,1282.5,2.8322580645161293,0.9879142300194932
2001-01-12,1353,-0.1,-6.5,0.0,0.0,9.0,0,0,0,0,0,1282.5,1.832258064516129,1.0549707602339182
2001-01-13,1311,0.3,-1.7,0.0,0.07,17.4,0,0,0,0,0,1268.75,2.232258064516129,1.0333004926108373
2001-01-06,1293,-1.0,-9.2,0.0,0.0,21.8,0,0,0,0,0,1268.75,0.9322580645161291,1.0191133004926107
2001-01-27,1215,-2.9,-8.5,0.0,0.0,26.0,0,0,0,0,0,1268.75,-0.9677419354838708,0.9576354679802955
2001-01-20,1256,-5.7,-12.1,0.0,0.0,16.5,0,0,0,1,0,1268.75,-3.767741935483871,0.9899507389162562
2001-02-11,1049,-4.3,-13.9,0.0,0.0,16.1,0,0,0,0,0,1110.0,-3.9714285714285715,0.945045045045045
2001-02-25,1162,8.3,-3.6,3.8,0.0,48.5,0,0,0,0,1,1110.0,8.62857142857143,1.0468468468468468
2001-02-04,1149,1.4,-2.4,0.1,0.42,15.5,0,0,0,0,0,1110.0,1.7285714285714284,1.0351351351351352
2001-02-18,1080,-3.8,-16.1,0.0,0.0,25.1,0,0,0,0,0,1110.0,-3.4714285714285715,0.972972972972973
2001-02-12,1235,1.6,-8.7,0.0,0.0,17.6,0,0,0,0,0,1240.75,1.9285714285714286,0.9953657062260729
2001-02-19,1211,4.2,-4.4,0.0,0.0,29.4,0,0,0,0,0,1240.75,4.5285714285714285,0.9760225669957687
2001-02-26,1204,2.7,-6.2,0.0,0.0,20.9,0,0,0,0,0,1240.75,3.0285714285714285,0.9703808180535967
2001-02-05,1313,-0.6,-2.7,0.3,0.42,18.2,0,0,0,0,0,1240.75,-0.2714285714285715,1.0582309087245618
2001-02-06,1196,-0.0,-3.5,1.4,1.05,18.3,0,0,0,0,0,1235.25,0.32857142857142846,0.9682250556567497
2001-02-27,1247,-2.1,-6.6,0.5,0.56,18.4,0,0,0,0,0,1235.25,-1.7714285714285716,1.009512244484922
2001-02-13,1241,1.3,-5.1,0.7,0.0,10.9,0,0,0,0,0,1235.25,1.6285714285714286,1.004654928152196
2001-02-20,1257,1.0,-5.1,0.0,0.0,21.5,0,0,0,0,0,1235.25,1.3285714285714285,1.0176077717061323
2001-02-07,1245,0.2,-6.9,1.7,0.21,22.3,0,0,0,0,0,1230.5,0.5285714285714285,1.0117838277123121
2001-02-28,1226,-3.5,-11.5,0.0,0.0,20.3,0,0,0,0,0,1230.5,-3.1714285714285717,0.9963429500203169
2001-02-14,1228,0.8,-5.1,9.2,2.24,22.9,0,1,0,0,0,1230.5,1.1285714285714286,0.9979683055668428
2001-02-21,1223,-6.1,-13.4,0.0,0.0,21.7,0,0,0,1,0,1230.5,-5.771428571428571,0.9939049167005283
2001-02-15,1294,-1.7,-6.0,0.0,0.0,20.2,0,0,0,0,0,1248.75,-1.3714285714285714,1.0362362362362363
2001-02-08,1242,7.6,0.5,7.3,0.0,25.6,0,0,0,0,0,1248.75,7.928571428571428,0.9945945945945946
2001-02-22,1126,-0.0,-11.5,0.8,0.63,23.9,0,0,0,0,0,1248.75,0.32857142857142846,0.9017017017017017
2001-02-01,1333,-0.4,-11.0,0.0,0.21,23.9,0,0,0,0,0,1248.75,-0.07142857142857156,1.0674674674674676
2001-02-02,1236,-10.4,-18.3,0.0,0.0,23.9,0,0,0,1,0,1233.75,-10.071428571428571,1.001823708206687
2001-02-09,1285,8.4,-4.4,28.2,2.66,35.1,1,1,0,0,0,1233.75,8.72857142857143,1.0415400202634246
2001-02-16,1213,-1.0,-8.3,0.0,0.0,23.2,0,0,0,0,0,1233.75,-0.6714285714285715,0.9831813576494428
2001-02-23,1201,-4.5,-6.9,0.0,0.0,20.2,0,0,0,0,0,1233.75,-4.171428571428572,0.9734549138804458
2001-02-10,1089,-5.2,-11.2,0.0,0.0,31.1,0,0,0,1,0,1147.25,-4.871428571428572,0.9492264109827849
2001-02-17,1078,-7.8,-14.5,0.0,0.0,26.8,0,0,0,1,0,1147.25,-7.4714285714285715,0.9396382654173022
2001-02-03,1185,-2.1,-11.8,0.0,0.21,19.1,0,0,0,0,0,1147.25,-1.7714285714285716,1.0329047722815428
2001-02-24,1237,6.8,-5.3,18.4,0.28,34.0,1,0,0,0,0,1147.25,7.128571428571428,1.07823055131837
2001-03-11,1144,3.5,-4.3,2.8,0.42,20.5,0,0,0,0,0,1150.0,1.303225806451613,0.9947826086956522
2001-03-25,1102,-4.0,-6.5,0.0,0.14,28.1,0,0,0,0,0,1150.0,-6.1967741935483875,0.9582608695652174
2001-03-04,1162,-3.2,-7.9,0.0,0.0,32.6,0,0,0,0,0,1150.0,-5.396774193548387,1.0104347826086957
2001-03-18,1192,0.6,-8.7,0.0,0.0,13.5,0,0,0,0,0,1150.0,-1.596774193548387,1.0365217391304349
2001-03-19,1344,2.8,-6.5,0.0,0.0,12.2,0,0,0,0,0,1264.0,0.6032258064516127,1.0632911392405062
2001-03-12,1264,5.9,-4.5,6.0,0.0,26.2,0,0,0,0,0,1264.0,3.7032258064516133,1.0
2001-03-05,1232,-3.8,-8.6,0.0,0.0,31.3,0,0,0,0,0,1264.0,-5.9967741935483865,0.9746835443037974
2001-03-26,1216,-0.7,-8.4,0.0,0.0,15.6,0,0,0,0,0,1264.0,-2.896774193548387,0.9620253164556962
2001-03-20,1433,2.5,-3.9,0.0,0.0,12.2,0,0,0,0,0,1345.25,0.3032258064516129,1.0652295112432633
2001-03-13,1291,4.0,-1.4,0.0,0.0,27.3,0,0,0,0,0,1345.25,1.803225806451613,0.9596729232484669
2001-03-06,1248,-1.5,-7.9,0.0,0.0,27.3,0,0,0,0,0,1345.25,-3.696774193548387,0.9277086043486341
2001-03-27,1409,0.3,-5.3,0.0,0.0,10.9,0,0,0,0,0,1345.25,-1.896774193548387,1.0473889611596356
2001-03-07,1369,4.0,-6.3,0.0,0.0,21.2,0,0,0,0,0,1345.0,1.803225806451613,1.0178438661710036
2001-03-28,1321,4.3,-4.2,0.0,0.0,13.0,0,0,0,0,0,1345.0,2.1032258064516127,0.9821561338289962
2001-03-21,1373,3.9,-3.4,0.0,0.0,16.1,0,0,0,0,0,1345.0,1.7032258064516128,1.020817843866171
2001-03-14,1317,6.1,-1.4,2.9,0.0,24.1,0,0,0,0,0,1345.0,3.9032258064516125,0.979182156133829
2001-03-22,1374,4.9,-3.2,0.0,0.0,12.6,0,0,0,0,0,1384.0,2.7032258064516133,0.9927745664739884
2001-03-01,1595,3.3,-6.6,0.9,0.42,20.6,0,0,0,0,0,1384.0,1.1032258064516127,1.152456647398844
2001-03-08,1356,0.4,-3.1,0.7,0.84,20.9,0,0,0,0,0,1384.0,-1.7967741935483872,0.9797687861271677
2001-03-29,1337,3.2,-0.2,0.0,0.0,13.7,0,0,0,0,0,1384.0,1.003225806451613,0.9660404624277457
2001-03-15,1258,2.9,0.4,14.0,2.03,29.9,1,1,0,0,0,1384.0,0.7032258064516128,0.9089595375722543
2001-03-30,1350,3.1,-0.8,0.0,0.0,15.3,0,0,0,0,0,1381.4,0.903225806451613,0.9772694368032431
2001-03-02,1398,4.2,-1.9,0.0,0.0,22.9,0,0,0,0,0,1381.4,2.003225806451613,1.0120167945562473
2001-03-23,1482,3.4,-1.2,0.0,0.0,21.6,0,0,0,0,0,1381.4,1.2032258064516128,1.0728246706240046
2001-03-09,1421,-0.1,-5.2,0.0,0.0,18.8,0,0,0,0,0,1381.4,-2.296774193548387,1.0286665701462283
2001-03-16,1256,0.2,-2.0,10.9,7.56,33.3,1,1,0,0,0,1381.4,-1.9967741935483871,0.9092225278702765
2001-03-24,1338,2.7,-4.1,0.0,0.0,25.7,0,0,0,0,0,1264.4,0.5032258064516131,1.0582094273963936
2001-03-17,1088,-0.4,-5.7,1.9,1.4,18.8,0,0,0,0,0,1264.4,-2.596774193548387,0.860487187598861
2001-03-31,1305,7.3,-0.0,2.4,0.07,31.1,0,0,0,0,0,1264.4,5.103225806451613,1.0321100917431192
2001-03-10,1267,5.5,-5.1,0.6,0.0,23.5,0,0,0,0,0,1264.4,3.303225806451613,1.0020563112938943
2001-03-03,1324,2.8,-3.9,0.0,0.0,10.1,0,0,0,0,0,1264.4,0.6032258064516127,1.0471369819677316
2001-04-15,1227,7.7,5.0,14.5,0.0,16.9,1,0,0,0,0,1311.2,-4.5333333333333306,0.935784014643075
2001-04-01,1362,5.6,-1.4,0.6,0.21,28.7,0,0,0,0,0,1311.2,-6.633333333333331,1.0387431360585722
2001-04-29,1295,17.5,8.6,0.0,0.0,21.4,0,0,0,0,0,1311.2,5.266666666666669,0.9876449054301403
2001-04-22,1353,18.4,7.3,4.9,0.0,28.0,0,0,0,0,0,1311.2,6.166666666666668,1.0318791946308725
2001-04-08,1319,16.7,7.2,0.0,0.0,26.5,0,0,0,0,0,1311.2,4.466666666666669,1.0059487492373398
2001-04-23,1308,18.8,8.5,4.8,0.0,42.0,0,0,0,0,0,1315.6,6.56666666666667,0.9942231681362117
2001-04-02,1322,7.6,-1.3,0.0,0.0,21.3,0,0,0,0,0,1315.6,-4.633333333333331,1.0048647005168745
2001-04-09,1338,9.9,3.6,1.3,0.0,24.5,0,0,0,0,0,1315.6,-2.3333333333333304,1.0170264518090606
2001-04-30,1433,21.8,11.7,0.0,0.0,21.7,0,0,0,0,0,1315.6,9.56666666666667,1.0892368501064154
2001-04-16,1177,6.4,0.5,0.2,0.28,31.6,0,0,0,0,0,1315.6,-5.83333333333333,0.8946488294314382
2001-04-03,1353,2.7,-0.1,0.0,0.0,27.1,0,0,0,0,0,1295.5,-9.533333333333331,1.044384407564647
2001-04-24,1294,9.8,5.6,0.0,0.0,28.8,0,0,0,0,0,1295.5,-2.43333333333333,0.998842145889618
2001-04-10,1341,8.7,4.2,0.7,0.0,21.1,0,0,0,0,0,1295.5,-3.5333333333333314,1.03512157468159
2001-04-17,1194,2.9,-0.4,0.1,0.14,35.5,0,0,0,0,0,1295.5,-9.33333333333333,0.9216518718641451
2001-04-18,1338,7.1,-0.5,0.0,0.0,13.1,0,0,0,0,0,1323.25,-5.133333333333331,1.0111467976572832
2001-04-11,1311,16.8,8.2,17.1,0.0,38.6,1,0,0,0,0,1323.25,4.56666666666667,0.9907424900812394
2001-04-25,1299,11.1,6.6,0.1,0.0,15.0,0,0,0,0,0,1323.25,-1.133333333333331,0.981673908936331
2001-04-04,1345,4.5,0.5,0.0,0.0,18.4,0,0,0,0,0,1323.25,-7.733333333333331,1.0164368033251465
2001-04-05,1274,11.8,2.6,3.2,0.0,22.5,0,0,0,0,0,1353.0,-0.43333333333333,0.9416112342941612
2001-04-19,1323,13.1,3.1,0.0,0.0,22.9,0,0,0,0,0,1353.0,0.8666666666666689,0.9778270509977827
2001-04-26,1358,18.5,7.4,0.3,0.0,29.7,0,0,0,0,0,1353.0,6.266666666666669,1.0036954915003695
2001-04-12,1457,14.7,8.8,0.0,0.0,42.2,0,0,0,0,0,1353.0,2.4666666666666686,1.0768662232076867
2001-04-06,1381,12.6,3.7,1.3,0.0,24.1,0,0,0,0,0,1424.25,0.3666666666666689,0.969633140249254
2001-04-27,1504,14.1,6.8,0.0,0.0,21.9,0,0,0,0,0,1424.25,1.866666666666669,1.055994383008601
2001-04-13,1336,8.1,4.5,0.0,0.0,17.3,0,0,0,0,0,1424.25,-4.133333333333331,0.9380375636299807
2001-04-20,1476,17.3,9.3,10.4,0.0,28.2,1,0,0,0,0,1424.25,5.06666666666667,1.0363349131121642
2001-04-07,1352,19.7,6.8,0.2,0.0,41.7,0,0,0,0,0,1343.0,7.466666666666669,1.0067014147431124
2001-04-21,1371,19.9,13.4,13.0,0.0,41.8,1,0,0,0,0,1343.0,7.666666666666668,1.020848845867461
2001-04-14,1347,11.0,5.1,2.4,0.0,13.4,0,0,0,0,0,1343.0,-1.2333333333333307,1.0029784065524945
2001-04-28,1302,12.2,5.8,0.0,0.0,17.7,0,0,0,0,0,1343.0,-0.03333333333333144,0.9694713328369322
2001-05-06,1222,20.3,12.0,4.4,0.0,23.6,0,0,0,0,0,1216.25,2.000000000000007,1.0047276464542652
2001-05-13,1209,15.2,6.4,0.0,0.0,11.0,0,0,0,0,0,1216.25,-3.0999999999999943,0.9940390544707092
2001-05-20,1282,21.3,12.7,0.0,0.0,23.3,0,0,0,0,0,1216.25,3.000000000000007,1.054059609455293
2001-05-27,1152,13.8,9.9,8.6,0.0,35.6,0,0,0,0,0,1216.25,-4.499999999999993,0.9471736896197328
2001-05-07,1392,18.8,13.9,6.4,0.0,27.0,0,0,0,0,0,1363.5,0.5000000000000071,1.020902090209021
2001-05-28,1325,17.8,11.0,0.0,0.0,13.7,0,0,0,0,0,1363.5,-0.4999999999999929,0.9717638430509717
2001-05-21,1437,19.4,14.5,15.7,0.0,31.3,1,0,0,0,0,1363.5,1.100000000000005,1.0539053905390539
2001-05-14,1300,18.4,11.6,4.8,0.0,25.9,0,0,0,0,0,1363.5,0.10000000000000497,0.9534286762009534
2001-05-15,1420,26.5,15.0,0.0,0.0,24.5,0,0,0,0,0,1413.4,8.200000000000006,1.0046695910570256
2001-05-08,1412,20.4,10.7,0.8,0.0,30.4,0,0,0,0,0,1413.4,2.100000000000005,0.9990094806848733
2001-05-29,1410,14.6,11.3,0.0,0.0,22.4,0,0,0,0,0,1413.4,-3.699999999999994,0.9975944530918353
2001-05-01,1548,22.6,15.8,0.0,0.0,29.8,0,0,0,0,0,1413.4,4.300000000000008,1.0952313570114616
2001-05-22,1277,15.1,9.6,1.4,0.0,27.8,0,0,0,0,0,1413.4,-3.199999999999994,0.903495118154804
2001-05-09,1469,22.8,12.9,0.0,0.0,24.3,0,0,0,0,0,1377.8,4.500000000000007,1.0661924807664394
2001-05-16,1382,25.7,16.5,2.5,0.0,19.9,0,0,0,0,0,1377.8,7.400000000000006,1.0030483379300335
2001-05-23,1233,16.0,9.2,2.6,0.0,21.6,0,0,0,0,0,1377.8,-2.2999999999999936,0.8949049208883728
2001-05-30,1343,12.6,9.6,0.0,0.0,19.6,0,0,0,0,0,1377.8,-5.699999999999994,0.9747423428654377
2001-05-02,1462,22.8,15.9,0.0,0.0,24.8,0,0,0,0,0,1377.8,4.500000000000007,1.061111917549717
2001-05-31,1297,15.3,11.5,8.2,0.0,23.7,0,0,0,0,0,1358.6,-2.999999999999993,0.9546592080082439
2001-05-24,1312,13.5,8.3,6.3,0.0,12.2,0,0,0,0,0,1358.6,-4.799999999999994,0.9656999852789637
2001-05-17,1407,23.4,15.8,0.0,0.0,11.0,0,0,0,0,0,1358.6,5.100000000000005,1.035624907993523
2001-05-10,1336,24.2,17.6,0.0,0.0,27.9,0,0,0,0,0,1358.6,5.900000000000006,0.9833652289121155
2001-05-03,1441,24.5,16.6,0.0,0.0,23.3,0,0,0,0,0,1358.6,6.200000000000006,1.0606506698071545
2001-05-18,1439,19.3,13.3,0.0,0.0,23.9,0,0,0,0,0,1420.0,1.000000000000007,1.013380281690141
2001-05-11,1358,19.0,8.1,18.6,0.0,21.9,1,0,0,0,0,1420.0,0.7000000000000064,0.956338028169014
2001-05-04,1533,15.9,8.8,1.2,0.0,23.6,0,0,0,0,0,1420.0,-2.3999999999999932,1.0795774647887324
2001-05-25,1350,13.1,8.8,5.3,0.0,11.4,0,0,0,0,0,1420.0,-5.199999999999994,0.9507042253521126
2001-05-05,1347,14.8,9.7,1.6,0.0,25.8,0,0,0,0,0,1272.0,-3.499999999999993,1.0589622641509433
2001-05-19,1335,17.0,13.1,0.0,0.0,15.5,0,0,0,0,0,1272.0,-1.2999999999999936,1.0495283018867925
2001-05-26,1161,13.7,9.3,17.3,0.0,35.5,1,0,0,0,0,1272.0,-4.599999999999994,0.9127358490566038
2001-05-12,1245,9.5,6.7,0.5,0.0,22.8,0,0,0,0,0,1272.0,-8.799999999999994,0.9787735849056604
2001-06-03,1185,12.3,10.3,0.1,0.0,21.4,0,0,0,0,0,1329.75,-10.573333333333327,0.8911449520586576
2001-06-24,1286,24.7,15.8,0.0,0.0,12.6,0,0,0,0,0,1329.75,1.8266666666666715,0.9670990787742056
2001-06-17,1435,27.5,18.2,0.0,0.0,16.8,0,0,0,0,0,1329.75,4.626666666666672,1.0791502162060538
2001-06-10,1413,25.4,18.2,0.0,0.0,26.4,0,0,0,0,0,1329.75,2.526666666666671,1.0626057529610828
2001-06-25,1383,26.7,19.0,0.0,0.0,13.5,0,0,0,0,0,1431.0,3.8266666666666715,0.9664570230607966
2001-06-04,1371,11.3,10.3,0.0,0.0,18.9,0,0,0,0,0,1431.0,-11.573333333333327,0.9580712788259959
2001-06-11,1476,24.8,18.3,3.2,0.0,21.3,0,0,0,0,0,1431.0,1.926666666666673,1.0314465408805031
2001-06-18,1494,29.7,22.3,1.2,0.0,35.3,0,0,0,0,0,1431.0,6.8266666666666715,1.0440251572327044
2001-06-26,1363,26.8,20.2,0.0,0.0,13.4,0,0,0,0,0,1389.75,3.926666666666673,0.9807519338010433
2001-06-12,1380,27.6,19.7,1.1,0.0,24.8,0,0,0,0,0,1389.75,4.726666666666674,0.992984349703184
2001-06-19,1535,25.6,20.5,1.4,0.0,35.6,0,0,0,0,0,1389.75,2.7266666666666737,1.1045152005756431
2001-06-05,1281,15.7,10.6,13.1,0.0,19.4,1,0,0,0,0,1389.75,-7.1733333333333285,0.9217485159201295
2001-06-13,1429,29.0,22.3,0.0,0.0,22.6,0,0,0,0,0,1385.5,6.126666666666672,1.0313966077228438
2001-06-27,1364,27.2,19.9,0.0,0.0,15.8,0,0,0,0,0,1385.5,4.3266666666666715,0.9844821364128473
2001-06-06,1344,16.4,14.1,6.5,0.0,16.1,0,0,0,0,0,1385.5,-6.473333333333329,0.97004691447131
2001-06-20,1405,21.3,18.1,0.2,0.0,12.2,0,0,0,0,0,1385.5,-1.573333333333327,1.014074341392999
2001-06-14,1392,28.8,22.5,0.0,0.0,23.8,0,0,0,0,0,1355.0,5.926666666666673,1.0273062730627307
2001-06-28,1380,27.5,20.1,0.0,0.0,11.5,0,0,0,0,0,1355.0,4.626666666666672,1.018450184501845
2001-06-21,1322,19.9,16.1,4.7,0.0,12.6,0,0,0,0,0,1355.0,-2.973333333333329,0.9756457564575646
2001-06-07,1326,16.3,14.0,0.0,0.0,12.3,0,0,0,0,0,1355.0,-6.573333333333327,0.9785977859778597
2001-06-15,1421,24.9,20.4,2.2,0.0,23.5,0,0,0,0,0,1456.2,2.026666666666671,0.9758274962230462
2001-06-01,1665,16.4,10.4,7.6,0.0,23.1,0,0,0,0,0,1456.2,-6.473333333333329,1.1433868974042027
2001-06-22,1374,18.1,15.8,2.6,0.0,14.0,0,0,0,0,0,1456.2,-4.773333333333326,0.9435517099299546
2001-06-08,1371,19.3,13.6,0.0,0.0,11.4,0,0,0,0,0,1456.2,-3.573333333333327,0.9414915533580552
2001-06-29,1450,28.4,20.9,0.0,0.0,10.6,0,0,0,0,0,1456.2,5.526666666666671,0.9957423430847411
2001-06-30,1404,29.8,22.0,0.0,0.0,16.9,0,0,0,0,0,1378.0,6.926666666666673,1.0188679245283019
2001-06-09,1386,24.1,13.8,0.0,0.0,15.5,0,0,0,0,0,1378.0,1.2266666666666737,1.0058055152394776
2001-06-23,1326,19.6,14.6,0.2,0.0,10.8,0,0,0,0,0,1378.0,-3.2733333333333263,0.9622641509433962
2001-06-16,1376,27.4,16.9,0.0,0.0,16.6,0,0,0,0,0,1378.0,4.526666666666671,0.9985486211901307
2001-06-02,1398,13.7,10.4,6.5,0.0,25.7,0,0,0,0,0,1378.0,-9.173333333333328,1.0145137880986939
2001-07-01,1603,25.4,14.9,0.0,0.0,31.8,0,0,0,0,0,1446.2,-1.380645161290328,1.1084220716360116
2001-07-29,1423,28.1,21.3,0.1,0.0,12.6,0,0,0,0,0,1446.2,1.3193548387096747,0.9839579587885493
2001-07-22,1429,30.7,24.3,4.7,0.0,13.5,0,0,1,0,0,1446.2,3.9193548387096726,0.9881067625501313
2001-07-15,1391,27.9,19.6,0.0,0.0,10.0,0,0,0,0,0,1446.2,1.119354838709672,0.9618310053934449
2001-07-08,1385,27.2,23.2,1.7,0.0,11.4,0,0,0,0,0,1446.2,0.4193548387096726,0.9576822016318628
2001-07-09,1431,27.1,22.7,2.2,0.0,11.4,0,0,0,0,0,1449.2,0.31935483870967474,0.9874413469500414
2001-07-23,1468,31.3,25.2,0.2,0.0,14.8,0,0,1,0,0,1449.2,4.519354838709674,1.0129726745790781
2001-07-16,1511,27.8,20.6,0.0,0.0,15.9,0,0,0,0,0,1449.2,1.019354838709674,1.04264421749931
2001-07-02,1372,22.2,13.5,0.2,0.0,23.7,0,0,0,0,0,1449.2,-4.580645161290327,0.9467292299199558
2001-07-30,1464,29.0,23.5,0.0,0.0,16.4,0,0,0,0,0,1449.2,2.2193548387096733,1.0102125310516146
2001-07-17,1425,27.3,22.3,1.9,0.0,14.2,0,0,0,0,0,1413.4,0.519354838709674,1.0082071600396207
2001-07-10,1492,27.0,22.8,0.0,0.0,29.7,0,0,0,0,0,1413.4,0.21935483870967332,1.0556105844063959
2001-07-24,1418,28.9,24.7,0.0,0.0,14.8,0,0,0,0,0,1413.4,2.119354838709672,1.0032545634639876
2001-07-03,1316,25.5,18.3,1.9,0.0,21.9,0,0,0,0,0,1413.4,-1.2806451612903267,0.9310881562190462
2001-07-31,1416,32.2,24.0,0.0,0.0,19.6,0,0,1,0,0,1413.4,5.419354838709676,1.0018395358709493
2001-07-11,1397,22.6,19.0,0.0,0.0,28.7,0,0,0,0,0,1422.0,-4.180645161290325,0.9824191279887482
2001-07-04,1420,27.6,20.2,0.0,0.0,16.7,0,0,0,0,0,1422.0,0.8193548387096747,0.9985935302390999
2001-07-18,1406,27.6,22.9,1.3,0.0,16.0,0,0,0,0,0,1422.0,0.8193548387096747,0.9887482419127989
2001-07-25,1465,27.0,22.0,21.8,0.0,25.5,1,0,0,0,0,1422.0,0.21935483870967332,1.030239099859353
2001-07-05,1377,23.2,17.4,0.0,0.0,22.7,0,0,0,0,0,1408.25,-3.5806451612903274,0.9778093378306408
2001-07-26,1434,23.0,21.2,0.1,0.0,23.0,0,0,0,0,0,1408.25,-3.7806451612903267,1.018285105627552
2001-07-12,1419,22.5,17.6,0.4,0.0,14.0,0,0,0,0,0,1408.25,-4.280645161290327,1.0076335877862594
2001-07-19,1403,28.5,22.3,0.0,0.0,14.5,0,0,0,0,0,1408.25,1.7193548387096733,0.9962719687555477
2001-07-20,1555,29.6,23.6,3.3,0.0,12.9,0,0,0,0,0,1496.5,2.8193548387096747,1.0390912128299366
2001-07-06,1455,24.0,14.3,0.0,0.0,23.6,0,0,0,0,0,1496.5,-2.7806451612903267,0.972268626795857
2001-07-13,1511,22.0,18.6,0.1,0.0,18.3,0,0,0,0,0,1496.5,-4.780645161290327,1.0096892749749415
2001-07-27,1465,24.8,18.1,0.0,0.0,20.7,0,0,0,0,0,1496.5,-1.980645161290326,0.978950885399265
2001-07-07,1447,29.3,17.9,9.6,0.0,25.2,0,0,0,0,0,1462.5,2.519354838709674,0.9894017094017094
2001-07-28,1459,25.6,20.6,2.0,0.0,17.8,0,0,0,0,0,1462.5,-1.1806451612903253,0.9976068376068377
2001-07-14,1442,25.6,17.7,0.0,0.0,16.3,0,0,0,0,0,1462.5,-1.1806451612903253,0.9859829059829059
2001-07-21,1502,29.7,24.7,4.7,0.0,14.7,0,0,0,0,0,1462.5,2.9193548387096726,1.027008547008547
2001-08-05,1472,30.0,23.0,0.0,0.0,11.8,0,0,1,0,0,1385.5,3.906451612903229,1.062432334897149
2001-08-19,1244,19.8,17.0,16.0,0.0,31.3,1,0,0,0,0,1385.5,-6.29354838709677,0.8978708047636232
2001-08-12,1406,26.1,20.1,0.0,0.0,13.0,0,0,0,0,0,1385.5,0.006451612903230597,1.0147961024900758
2001-08-26,1420,24.7,20.4,0.0,0.0,16.4,0,0,0,0,0,1385.5,-1.3935483870967715,1.024900757849152
2001-08-13,1412,24.2,20.3,2.4,0.0,25.2,0,0,0,0,0,1466.5,-1.8935483870967715,0.962836685987044
2001-08-06,1503,31.8,23.1,0.0,0.0,14.4,0,0,1,0,0,1466.5,5.70645161290323,1.0248891919536312
2001-08-27,1483,27.4,20.5,1.4,0.0,19.2,0,0,0,0,0,1466.5,1.3064516129032278,1.0112512785543812
2001-08-20,1468,22.9,16.9,0.0,0.0,17.4,0,0,0,0,0,1466.5,-3.1935483870967722,1.0010228435049437
2001-08-14,1410,22.4,17.9,0.0,0.0,14.7,0,0,0,0,0,1402.75,-3.6935483870967722,1.0051684191766173
2001-08-28,1410,23.0,21.2,0.1,0.0,19.7,0,0,0,0,0,1402.75,-3.093548387096771,1.0051684191766173
2001-08-07,1441,32.2,24.5,1.0,0.0,17.4,0,0,1,0,0,1402.75,6.106451612903232,1.0272678666904296
2001-08-21,1350,24.7,17.6,4.9,0.0,24.3,0,0,0,0,0,1402.75,-1.3935483870967715,0.9623952949563358
2001-08-08,1433,33.0,25.7,0.2,0.0,14.5,0,0,1,0,0,1475.2,6.906451612903229,0.9713937093275488
2001-08-01,1587,32.0,24.7,0.0,0.0,19.0,0,0,1,0,0,1475.2,5.906451612903229,1.0757863340563991
2001-08-15,1520,25.2,18.8,0.8,0.0,15.3,0,0,0,0,0,1475.2,-0.8935483870967715,1.0303687635574836
2001-08-29,1454,25.3,18.3,0.0,0.0,19.3,0,0,0,0,0,1475.2,-0.7935483870967701,0.9856290672451192
2001-08-22,1382,28.3,19.9,10.1,0.0,27.0,1,0,0,0,0,1475.2,2.20645161290323,0.936822125813449
2001-08-02,1310,27.7,25.1,9.5,0.0,12.8,0,0,0,0,0,1364.8,1.6064516129032285,0.9598475967174678
2001-08-09,1344,32.7,24.5,5.9,0.0,20.8,0,0,1,0,0,1364.8,6.606451612903232,0.9847596717467761
2001-08-30,1428,27.5,20.8,0.8,0.0,20.5,0,0,0,0,0,1364.8,1.4064516129032292,1.0463071512309496
2001-08-16,1434,22.2,19.8,18.8,0.0,25.4,1,0,0,0,0,1364.8,-3.8935483870967715,1.0507033997655335
2001-08-23,1308,23.9,22.1,8.5,0.0,16.6,0,0,0,0,0,1364.8,-2.1935483870967722,0.9583821805392732
2001-08-24,1418,25.2,20.4,0.3,0.0,15.5,0,0,0,0,0,1441.2,-0.8935483870967715,0.983902303635859
2001-08-17,1335,24.1,17.4,0.0,0.0,21.2,0,0,0,0,0,1441.2,-1.9935483870967694,0.9263114071606994
2001-08-10,1563,24.8,20.8,4.9,0.0,26.4,0,0,0,0,0,1441.2,-1.2935483870967701,1.0845129059117402
2001-08-31,1473,21.9,18.1,0.9,0.0,24.5,0,0,0,0,0,1441.2,-4.193548387096772,1.0220649458784345
2001-08-03,1417,26.3,23.8,1.1,0.0,15.8,0,0,0,0,0,1441.2,0.2064516129032299,0.9832084374132667
2001-08-18,1324,23.0,19.1,41.1,0.0,15.8,1,0,0,0,0,1403.75,-3.093548387096771,0.9431878895814781
2001-08-04,1516,27.6,21.9,0.0,0.0,11.4,0,0,0,0,0,1403.75,1.5064516129032306,1.0799643811219946
2001-08-25,1385,25.7,21.5,10.8,0.0,26.1,1,0,0,0,0,1403.75,-0.39354838709677153,0.9866429207479964
2001-08-11,1390,23.3,18.9,0.0,0.0,12.2,0,0,0,0,0,1403.75,-2.79354838709677,0.9902048085485308
2001-09-23,1267,18.1,14.0,10.9,0.0,35.3,1,0,0,0,0,1320.0,-2.009999999999998,0.9598484848484848
2001-09-30,1346,18.5,10.2,0.0,0.0,10.2,0,0,0,0,0,1320.0,-1.6099999999999994,1.0196969696969698
2001-09-02,1325,24.5,14.6,0.0,0.0,14.4,0,0,0,0,0,1320.0,4.390000000000001,1.003787878787879
2001-09-09,1322,20.6,14.8,25.1,0.0,28.8,1,0,0,0,0,1320.0,0.490000000000002,1.0015151515151515
2001-09-16,1340,19.3,13.1,0.0,0.0,11.3,0,0,0,0,0,1320.0,-0.8099999999999987,1.0151515151515151
2001-09-10,1383,23.0,13.8,0.0,0.0,27.1,0,0,0,0,0,1320.5,2.8900000000000006,1.0473305566073456
2001-09-03,1368,27.5,18.5,2.2,0.0,19.9,0,0,0,0,0,1320.5,7.390000000000001,1.0359712230215827
2001-09-17,1247,18.7,15.4,3.5,0.0,14.1,0,0,0,0,0,1320.5,-1.4100000000000001,0.9443392654297614
2001-09-24,1284,13.6,9.9,2.7,0.0,37.7,0,0,0,0,0,1320.5,-6.51,0.9723589549413101
2001-09-11,1374,23.4,15.6,0.0,0.0,12.2,0,0,0,0,0,1343.0,3.289999999999999,1.0230826507818318
2001-09-25,1311,12.3,8.1,1.1,0.0,31.0,0,0,0,0,0,1343.0,-7.809999999999999,0.9761727475800447
2001-09-04,1401,21.5,19.0,0.0,0.0,20.2,0,0,0,0,0,1343.0,1.3900000000000006,1.0431868950111691
2001-09-18,1286,20.6,15.6,1.7,0.0,24.8,0,0,0,0,0,1343.0,0.490000000000002,0.9575577066269546
2001-09-05,1308,23.7,16.9,0.0,0.0,16.1,0,0,0,0,0,1333.75,3.59,0.9806935332708528
2001-09-19,1289,18.8,16.1,17.8,0.0,31.7,1,0,0,0,0,1333.75,-1.3099999999999987,0.966447985004686
2001-09-12,1344,25.7,17.4,0.0,0.0,17.3,0,0,0,0,0,1333.75,5.59,1.0076850984067478
2001-09-26,1394,16.5,10.0,0.0,0.0,22.9,0,0,0,0,0,1333.75,-3.6099999999999994,1.0451733833177133
2001-09-20,1368,21.6,13.4,0.6,0.0,22.7,0,0,0,0,0,1378.75,1.490000000000002,0.9922030825022665
2001-09-13,1274,20.6,16.7,0.8,0.0,28.0,0,0,0,0,0,1378.75,0.490000000000002,0.9240253853127833
2001-09-27,1450,14.2,11.2,0.0,0.0,17.8,0,0,0,0,0,1378.75,-5.91,1.0516772438803264
2001-09-06,1423,26.9,18.4,0.0,0.0,22.5,0,0,0,0,0,1378.75,6.789999999999999,1.0320942883046238
2001-09-28,1462,13.6,12.2,0.0,0.0,22.0,0,0,0,0,0,1483.75,-6.51,0.9853411962931761
2001-09-14,1403,16.5,12.7,0.0,0.0,27.7,0,0,0,0,0,1483.75,-3.6099999999999994,0.9455770850884583
2001-09-21,1500,19.2,16.2,12.5,0.0,21.7,1,0,0,0,0,1483.75,-0.9100000000000001,1.0109519797809603
2001-09-07,1570,26.6,21.3,7.9,0.0,28.8,0,0,0,0,0,1483.75,6.490000000000002,1.0581297388374051
2001-09-01,1582,18.0,16.0,0.0,0.0,19.0,0,0,0,0,0,1495.0,-2.1099999999999994,1.0581939799331104
2001-09-15,1501,17.1,13.4,0.0,0.0,14.2,0,0,0,0,0,1495.0,-3.009999999999998,1.0040133779264213
2001-09-29,1383,15.9,12.2,0.0,0.0,13.2,0,0,0,0,0,1495.0,-4.209999999999999,0.9250836120401338
2001-09-22,1435,21.9,14.3,0.0,0.0,13.7,0,0,0,0,0,1495.0,1.7899999999999991,0.959866220735786
2001-09-08,1574,24.9,21.1,1.5,0.0,28.5,0,0,0,0,0,1495.0,4.789999999999999,1.0528428093645485
2001-10-28,1320,10.0,1.9,0.0,0.0,31.3,0,0,0,0,0,1281.0,-3.906451612903222,1.0304449648711944
2001-10-07,1243,9.7,3.5,0.0,0.0,14.8,0,0,0,0,0,1281.0,-4.206451612903223,0.970335675253708
2001-10-14,1197,14.1,9.8,6.1,0.0,25.6,0,0,0,0,0,1281.0,0.19354838709677757,0.9344262295081968
2001-10-21,1364,15.5,12.1,0.6,0.0,20.1,0,0,0,0,0,1281.0,1.593548387096778,1.064793130366901
2001-10-22,1311,16.5,12.0,5.4,0.0,26.1,0,0,0,0,0,1421.8,2.593548387096778,0.9220706147137432
2001-10-01,1708,21.6,12.7,0.0,0.0,17.3,0,0,0,0,0,1421.8,7.693548387096779,1.2012941341960894
2001-10-15,1366,11.1,7.2,0.6,0.0,23.0,0,0,0,0,0,1421.8,-2.8064516129032224,0.9607539738359826
2001-10-08,1381,15.8,7.8,0.0,0.0,28.2,0,0,0,0,0,1421.8,1.8935483870967786,0.9713039808693206
2001-10-29,1343,11.3,6.5,0.0,0.0,25.7,0,0,0,0,0,1421.8,-2.6064516129032214,0.9445772963848643
2001-10-23,1394,17.5,14.5,14.4,0.0,27.8,1,0,0,0,0,1394.6,3.593548387096778,0.9995697691094221
2001-10-30,1394,10.2,8.3,6.0,0.0,20.7,0,0,0,0,0,1394.6,-3.706451612903223,0.9995697691094221
2001-10-02,1411,23.2,13.1,0.0,0.0,27.2,0,0,0,0,0,1394.6,9.293548387096777,1.011759644342464
2001-10-16,1312,9.4,6.4,4.7,0.0,33.2,0,0,0,0,0,1394.6,-4.506451612903222,0.9407715473971032
2001-10-09,1462,18.3,12.2,1.8,0.0,30.8,0,0,0,0,0,1394.6,4.393548387096779,1.0483292700415892
2001-10-10,1380,17.2,14.4,8.5,0.0,37.7,0,0,0,0,0,1419.8,3.293548387096777,0.9719678828003945
2001-10-17,1376,9.0,3.7,0.0,0.0,26.3,0,0,0,0,0,1419.8,-4.906451612903222,0.9691505845893789
2001-10-03,1495,21.9,16.0,0.0,0.0,30.1,0,0,0,0,0,1419.8,7.9935483870967765,1.052965206367094
2001-10-24,1271,16.2,9.0,13.5,0.0,38.5,1,0,0,0,0,1419.8,2.293548387096777,0.8951965065502183
2001-10-31,1577,15.8,9.6,0.0,0.0,33.3,0,0,0,0,0,1419.8,1.8935483870967786,1.1107198196929144
2001-10-25,1280,7.6,3.3,0.0,0.0,49.4,0,0,0,0,1,1354.25,-6.306451612903222,0.9451726047627839
2001-10-11,1397,14.8,10.6,0.2,0.0,21.4,0,0,0,0,0,1354.25,0.8935483870967786,1.031567288166882
2001-10-18,1404,14.9,6.5,0.7,0.0,32.9,0,0,0,0,0,1354.25,0.9935483870967783,1.0367362008491785
2001-10-04,1336,15.5,10.6,13.3,0.0,16.5,1,0,0,0,0,1354.25,1.593548387096778,0.9865239062211556
2001-10-05,1424,11.4,9.4,10.2,0.0,21.4,1,0,0,0,0,1450.5,-2.5064516129032217,0.9817304377800758
2001-10-19,1492,13.4,9.0,0.8,0.0,19.2,0,0,0,0,0,1450.5,-0.5064516129032217,1.0286108238538434
2001-10-12,1477,15.4,12.5,19.7,0.0,29.0,1,0,0,0,0,1450.5,1.4935483870967783,1.0182695622199243
2001-10-26,1409,5.2,3.1,0.0,0.0,39.7,0,0,0,0,0,1450.5,-8.706451612903223,0.9713891761461565
2001-10-06,1366,9.0,5.2,0.4,0.0,27.6,0,0,0,0,0,1377.75,-4.906451612903222,0.9914716022500454
2001-10-13,1257,17.5,13.7,37.4,0.0,24.5,1,0,0,0,0,1377.75,3.593548387096778,0.9123571039738705
2001-10-27,1372,5.6,2.1,0.0,0.0,26.3,0,0,0,0,0,1377.75,-8.306451612903222,0.9958265287606605
2001-10-20,1516,16.5,8.6,0.0,0.0,19.6,0,0,0,0,0,1377.75,2.593548387096778,1.1003447650154237
2001-11-04,1260,12.6,7.6,0.0,0.0,15.5,0,0,0,0,0,1240.75,0.9833333333333307,1.0155148095909732
2001-11-18,1276,14.9,11.2,2.0,0.0,20.0,0,0,0,0,0,1240.75,3.2833333333333314,1.0284102357445093
2001-11-25,1152,11.7,5.3,2.8,0.0,34.9,0,0,0,0,0,1240.75,0.08333333333333037,0.9284706830546041
2001-11-11,1275,7.3,4.6,0.0,0.0,23.9,0,0,0,0,0,1240.75,-4.316666666666669,1.0276042716099134
2001-11-26,1313,8.5,3.2,1.1,0.0,23.9,0,0,0,0,0,1287.5,-3.116666666666669,1.0198058252427185
2001-11-05,1315,10.3,4.0,0.0,0.0,10.6,0,0,0,0,0,1287.5,-1.3166666666666682,1.021359223300971
2001-11-19,1275,12.4,4.5,2.9,0.0,25.6,0,0,0,0,0,1287.5,0.7833333333333314,0.9902912621359223
2001-11-12,1247,10.6,3.3,0.0,0.0,20.2,0,0,0,0,0,1287.5,-1.0166666666666693,0.9685436893203884
2001-11-06,1338,13.2,5.2,0.0,0.0,22.0,0,0,0,0,0,1312.5,1.5833333333333304,1.0194285714285714
2001-11-20,1302,4.9,1.4,0.0,0.0,25.5,0,0,0,0,0,1312.5,-6.716666666666669,0.992
2001-11-13,1340,13.2,6.7,0.0,0.0,23.8,0,0,0,0,0,1312.5,1.5833333333333304,1.020952380952381
2001-11-27,1270,9.1,3.4,1.2,0.0,26.6,0,0,0,0,0,1312.5,-2.5166666666666693,0.9676190476190476
2001-11-07,1367,14.8,8.7,0.0,0.0,19.8,0,0,0,0,0,1330.25,3.183333333333332,1.0276263860176658
2001-11-21,1308,10.1,3.5,0.0,0.0,26.1,0,0,0,0,0,1330.25,-1.5166666666666693,0.9832738207103928
2001-11-14,1311,14.4,10.2,1.8,0.0,22.8,0,0,0,0,0,1330.25,2.7833333333333314,0.9855290358955083
2001-11-28,1335,5.0,2.2,1.1,0.0,14.6,0,0,0,0,0,1330.25,-6.616666666666669,1.003570757376433
2001-11-15,1354,16.3,11.6,0.0,0.0,22.8,0,0,0,0,0,1333.8,4.683333333333332,1.0151446993552258
2001-11-08,1305,13.2,6.0,0.2,0.0,32.3,0,0,0,0,0,1333.8,1.5833333333333304,0.9784075573549258
2001-11-22,1012,11.0,5.5,0.0,0.0,24.7,0,0,0,0,0,1333.8,-0.6166666666666689,0.7587344429449693
2001-11-01,1736,15.2,12.5,1.3,0.0,34.9,0,0,0,0,0,1333.8,3.5833333333333304,1.3015444594391963
2001-11-29,1262,7.1,4.7,4.2,0.0,21.9,0,0,0,0,0,1333.8,-4.516666666666669,0.9461688409056831
2001-11-16,1420,13.5,7.8,0.0,0.0,16.0,0,0,0,0,0,1362.2,1.883333333333331,1.042431361033622
2001-11-09,1278,9.7,2.7,0.0,0.0,26.3,0,0,0,0,0,1362.2,-1.9166666666666696,0.9381882249302599
2001-11-02,1460,15.1,10.2,1.3,0.0,23.4,0,0,0,0,0,1362.2,3.4833333333333307,1.07179562472471
2001-11-23,1285,12.0,8.3,1.1,0.0,27.6,0,0,0,0,0,1362.2,0.3833333333333311,0.9433269710762002
2001-11-30,1368,8.8,5.7,10.3,0.0,27.1,1,0,0,0,0,1362.2,-2.816666666666668,1.0042578182352078
2001-11-10,1348,12.4,6.1,0.0,0.0,27.6,0,0,0,0,0,1361.0,0.7833333333333314,0.9904481998530492
2001-11-17,1345,13.1,7.3,0.0,0.0,12.6,0,0,0,0,0,1361.0,1.4833333333333307,0.988243938280676
2001-11-03,1354,14.6,6.2,0.0,0.0,15.6,0,0,0,0,0,1361.0,2.9833333333333307,0.9948567229977957
2001-11-24,1397,13.5,11.5,9.8,0.0,38.8,0,0,0,0,0,1361.0,1.883333333333331,1.0264511388684792
2001-12-16,1114,6.6,4.3,4.8,0.0,21.5,0,0,0,0,0,1086.2,2.5935483870967735,1.0255938132940525
2001-12-23,1098,7.1,-4.2,0.2,0.0,33.4,0,0,0,0,0,1086.2,3.0935483870967735,1.0108635610384828
2001-12-30,949,-7.2,-11.5,0.0,0.0,23.8,0,0,0,1,0,1086.2,-11.206451612903226,0.8736880869084883
2001-12-02,1174,9.7,1.8,0.0,0.0,30.8,0,0,0,0,0,1086.2,5.693548387096773,1.0808322592524398
2001-12-09,1096,4.1,-1.7,0.0,0.0,21.6,0,0,0,0,0,1086.2,0.09354838709677349,1.0090222795065364
2001-12-03,1280,10.8,6.3,0.0,0.0,28.7,0,0,0,0,0,1152.8,6.7935483870967746,1.1103400416377516
2001-12-31,1044,-5.5,-10.4,0.0,0.0,20.9,0,0,0,1,0,1152.8,-9.506451612903227,0.9056210964607911
2001-12-10,1277,6.7,0.3,0.0,0.0,20.2,0,0,0,0,0,1152.8,2.693548387096774,1.1077376821651632
2001-12-24,909,-4.6,-6.4,0.0,0.0,29.4,0,0,0,0,0,1152.8,-8.606451612903225,0.7885149201943096
2001-12-17,1254,6.6,2.0,2.0,0.0,18.4,0,0,0,0,0,1152.8,2.5935483870967735,1.0877862595419847
2001-12-11,1272,7.0,-0.6,0.0,0.0,19.9,0,0,0,0,0,1148.0,2.993548387096774,1.10801393728223
2001-12-04,1378,13.9,9.8,1.0,0.0,23.3,0,0,0,0,0,1148.0,9.893548387096775,1.2003484320557491
2001-12-18,1251,7.3,0.2,0.0,0.0,16.6,0,0,0,0,0,1148.0,3.2935483870967737,1.0897212543554007
2001-12-25,691,-5.3,-8.5,0.0,0.0,20.6,0,0,0,1,0,1148.0,-9.306451612903226,0.6019163763066202
2001-12-26,892,-7.5,-10.2,0.0,0.0,24.6,0,0,0,1,0,1191.75,-11.506451612903227,0.7484791273337529
2001-12-05,1335,16.2,12.4,2.6,0.0,38.4,0,0,0,0,0,1191.75,12.193548387096772,1.1202013845185652
2001-12-19,1234,4.5,0.3,2.6,1.05,29.7,0,0,0,0,0,1191.75,0.49354838709677384,1.0354520662890707
2001-12-12,1306,7.3,4.1,5.6,0.0,17.9,0,0,0,0,0,1191.75,3.2935483870967737,1.0958674218586113
2001-12-13,1335,7.0,2.3,3.7,0.0,17.8,0,0,0,0,0,1220.75,2.993548387096774,1.093590006143764
2001-12-27,1061,-3.1,-7.3,0.0,0.0,25.0,0,0,0,0,0,1220.75,-7.106451612903227,0.8691378251075159
2001-12-06,1313,10.0,3.6,0.0,0.0,29.5,0,0,0,0,0,1220.75,5.993548387096774,1.07556829817735
2001-12-20,1174,3.0,-1.8,0.0,0.0,27.0,0,0,0,0,0,1220.75,-1.0064516129032262,0.9617038705713701
2001-12-21,1243,3.1,-1.2,0.0,0.0,20.6,0,0,0,0,0,1293.0,-0.9064516129032261,0.9613302397525135
2001-12-07,1476,6.7,4.2,0.0,0.0,17.9,0,0,0,0,0,1293.0,2.693548387096774,1.1415313225058004
2001-12-14,1370,4.2,0.7,3.6,0.07,19.0,0,0,0,0,0,1293.0,0.19354838709677402,1.0595514307811291
2001-12-28,1083,-3.7,-6.1,0.0,0.07,24.5,0,0,0,0,0,1293.0,-7.706451612903226,0.8375870069605569
2001-12-29,1068,-6.3,-9.8,0.0,0.0,25.6,0,0,0,1,0,1247.8,-10.306451612903226,0.8559063952556499
2001-12-01,1436,6.4,3.8,0.0,0.0,27.9,0,0,0,0,0,1247.8,2.393548387096774,1.1508254527969226
2001-12-22,1187,8.0,1.7,1.7,0.0,34.2,0,0,0,0,0,1247.8,3.993548387096774,0.9512742426670941
2001-12-15,1290,4.7,1.3,0.0,0.0,23.4,0,0,0,0,0,1247.8,0.693548387096774,1.0338195223593525
2001-12-08,1258,6.5,1.7,0.2,0.0,25.0,0,0,0,0,0,1247.8,2.493548387096774,1.008174386920981
2002-01-27,1274,8.6,2.2,0.0,0.0,28.0,0,0,0,0,0,1158.0,6.541935483870967,1.1001727115716753
2002-01-20,1123,1.4,-4.5,0.0,0.0,24.5,0,0,0,0,0,1158.0,-0.6580645161290324,0.9697754749568221
2002-01-13,1197,3.2,-3.3,0.0,0.0,20.1,0,0,0,0,0,1158.0,1.1419354838709679,1.0336787564766838
2002-01-06,1038,1.1,-1.3,0.0,0.0,27.6,0,0,0,0,0,1158.0,-0.9580645161290322,0.8963730569948186
2002-01-28,1276,7.0,1.7,0.0,0.0,21.4,0,0,0,0,0,1181.0,4.941935483870967,1.0804403048264184
2002-01-07,1172,-1.6,-6.3,0.0,0.0,25.6,0,0,0,0,0,1181.0,-3.6580645161290324,0.9923793395427604
2002-01-21,1083,1.9,-2.2,0.1,0.28,29.6,0,0,0,0,0,1181.0,-0.15806451612903238,0.9170194750211685
2002-01-14,1193,3.8,0.2,2.5,0.21,21.3,0,0,0,0,0,1181.0,1.7419354838709675,1.010160880609653
2002-01-29,1200,1.7,0.7,0.4,0.14,22.1,0,0,0,0,0,1387.4,-0.35806451612903234,0.8649272019605015
2002-01-15,1355,1.1,-1.4,0.0,0.07,27.2,0,0,0,0,0,1387.4,-0.9580645161290322,0.9766469655470664
2002-01-01,1871,-3.9,-9.8,0.0,0.0,16.1,0,0,0,0,0,1387.4,-5.958064516129032,1.3485656623900821
2002-01-08,1244,2.8,-6.3,0.0,0.0,28.5,0,0,0,0,0,1387.4,0.7419354838709675,0.89664119936572
2002-01-22,1267,7.3,-1.0,0.0,0.0,34.6,0,0,0,0,0,1387.4,5.241935483870968,0.9132189707366296
2002-01-02,1188,-1.3,-6.7,0.0,0.0,11.5,0,0,0,0,0,1217.0,-3.3580645161290326,0.9761709120788825
2002-01-16,1263,0.3,-2.6,5.4,3.85,25.3,0,1,0,0,0,1217.0,-1.7580645161290323,1.037797863599014
2002-01-09,1317,7.3,1.5,0.0,0.0,29.6,0,0,0,0,0,1217.0,5.241935483870968,1.0821692686935087
2002-01-23,1253,5.5,0.8,2.0,0.0,26.9,0,0,0,0,0,1217.0,3.4419354838709677,1.029580936729663
2002-01-30,1064,0.8,-0.3,6.5,4.76,22.5,0,1,0,0,0,1217.0,-1.2580645161290323,0.8742810188989318
2002-01-10,1376,3.9,0.2,0.0,0.0,19.4,0,0,0,0,0,1180.4,1.8419354838709676,1.1657065401558793
2002-01-03,1118,-2.6,-8.2,0.0,0.0,19.3,0,0,0,0,0,1180.4,-4.658064516129032,0.9471365638766519
2002-01-17,1115,-2.7,-6.0,0.0,0.0,27.1,0,0,0,0,0,1180.4,-4.758064516129032,0.9445950525245679
2002-01-31,988,0.7,-1.2,24.6,15.05,30.3,1,1,0,0,0,1180.4,-1.3580645161290323,0.8370044052863436
2002-01-24,1305,2.3,-1.5,0.0,0.0,21.9,0,0,0,0,0,1180.4,0.24193548387096753,1.105557438156557
2002-01-04,1151,1.6,-6.4,0.0,0.0,29.6,0,0,0,0,0,1281.5,-0.4580645161290322,0.8981662114709325
2002-01-25,1402,6.2,-2.4,0.0,0.0,32.1,0,0,0,0,0,1281.5,4.141935483870968,1.0940304330862272
2002-01-11,1337,3.4,-1.4,0.0,0.0,22.9,0,0,0,0,0,1281.5,1.3419354838709676,1.0433086227077644
2002-01-18,1236,-5.8,-8.9,0.0,0.0,18.0,0,0,0,1,0,1281.5,-7.858064516129032,0.9644947327350761
2002-01-05,1104,1.5,-1.7,0.8,0.63,21.7,0,0,0,0,0,1253.25,-0.5580645161290323,0.8809096349491322
2002-01-19,1182,-1.3,-7.6,0.0,0.0,22.5,0,0,0,0,0,1253.25,-3.3580645161290326,0.943147815679234
2002-01-12,1341,2.5,-0.6,0.0,0.0,26.4,0,0,0,0,0,1253.25,0.4419354838709677,1.0700179533213645
2002-01-26,1386,7.1,0.3,0.0,0.0,30.1,0,0,0,0,0,1253.25,5.041935483870967,1.1059245960502693
2002-02-03,1041,-0.2,-5.4,0.0,0.07,30.6,0,0,0,0,0,1100.5,-2.603571428571429,0.9459336665152204
2002-02-24,1219,10.3,2.0,0.0,0.0,34.7,0,0,0,0,0,1100.5,7.896428571428572,1.1076783280327125
2002-02-10,1102,4.0,-2.2,3.2,0.49,37.1,0,0,0,0,0,1100.5,1.596428571428571,1.0013630168105407
2002-02-17,1040,1.1,-2.1,0.0,0.0,22.9,0,0,0,0,0,1100.5,-1.3035714285714288,0.9450249886415266
2002-02-04,1067,-5.2,-11.3,0.0,0.0,30.6,0,0,0,1,0,1183.5,-7.6035714285714295,0.9015631601182932
2002-02-11,1231,1.2,-5.5,0.0,0.0,37.2,0,0,0,0,0,1183.5,-1.203571428571429,1.040135192226447
2002-02-18,1222,6.6,-2.4,0.7,0.0,25.6,0,0,0,0,0,1183.5,4.196428571428571,1.0325306294888044
2002-02-25,1214,7.6,-0.3,1.0,0.77,32.6,0,0,0,0,0,1183.5,5.196428571428571,1.0257710181664554
2002-02-26,1098,-0.6,-5.0,4.1,3.08,26.5,0,1,0,0,0,1190.25,-3.003571428571429,0.9224952741020794
2002-02-05,1153,-2.3,-12.2,0.0,0.0,23.8,0,0,0,0,0,1190.25,-4.703571428571429,0.9687040537702163
2002-02-19,1171,6.5,3.3,11.7,0.0,27.7,1,0,0,0,0,1190.25,4.0964285714285715,0.983826927116152
2002-02-12,1339,3.4,-1.9,0.0,0.0,36.6,0,0,0,0,0,1190.25,0.996428571428571,1.1249737450115522
2002-02-06,1201,1.0,-6.7,0.0,0.0,19.7,0,0,0,0,0,1199.25,-1.403571428571429,1.0014592453616844
2002-02-27,1192,-3.9,-7.0,0.0,0.35,26.1,0,0,0,0,0,1199.25,-6.303571428571429,0.9939545549301647
2002-02-13,1157,0.2,-5.5,0.0,0.0,24.1,0,0,0,0,0,1199.25,-2.2035714285714287,0.964769647696477
2002-02-20,1247,7.7,2.0,7.2,0.0,32.8,0,0,0,0,0,1199.25,5.296428571428571,1.039816552011674
2002-02-07,1227,2.0,-4.5,0.0,0.0,21.8,0,0,0,0,0,1222.25,-0.4035714285714289,1.0038862753119246
2002-02-14,1211,5.2,-2.7,0.0,0.0,31.8,0,0,0,0,0,1222.25,2.7964285714285713,0.9907956637349151
2002-02-21,1253,1.6,-2.5,2.6,1.75,26.8,0,0,0,0,0,1222.25,-0.8035714285714288,1.0251585191245653
2002-02-28,1198,0.5,-7.8,0.0,0.0,29.2,0,0,0,0,0,1222.25,-1.903571428571429,0.9801595418285948
2002-02-22,1275,-0.3,-4.1,0.0,0.0,26.4,0,0,0,0,0,1336.75,-2.7035714285714287,0.9538058724518421
2002-02-08,1300,2.5,-3.0,0.0,0.0,24.6,0,0,0,0,0,1336.75,0.09642857142857109,0.9725079483822704
2002-02-01,1378,1.0,-4.3,2.4,0.56,31.7,0,0,0,0,0,1336.75,-1.403571428571429,1.0308584252852067
2002-02-15,1394,4.2,1.0,0.0,0.0,29.6,0,0,0,0,0,1336.75,1.7964285714285713,1.0428277538806807
2002-02-02,1219,-0.7,-10.4,0.0,0.0,28.8,0,0,0,0,0,1244.5,-3.1035714285714286,0.9795098433105665
2002-02-09,1261,5.2,-1.2,0.0,0.0,18.2,0,0,0,0,0,1244.5,2.7964285714285713,1.013258336681398
2002-02-23,1261,5.2,-3.8,0.0,0.0,24.2,0,0,0,0,0,1244.5,2.7964285714285713,1.013258336681398
2002-02-16,1237,3.5,0.3,0.3,0.0,29.5,0,0,0,0,0,1244.5,1.096428571428571,0.9939734833266372
2002-03-10,1075,-2.1,-9.1,0.0,0.0,41.9,0,0,0,0,0,1098.0,-5.729032258064516,0.9790528233151184
2002-03-03,915,-5.4,-14.7,2.3,1.82,34.2,0,0,0,1,0,1098.0,-9.029032258064516,0.8333333333333334
2002-03-31,1137,5.8,-1.3,0.7,0.0,17.7,0,0,0,0,0,1098.0,2.170967741935484,1.03551912568306
2002-03-17,1136,2.7,-0.3,1.2,0.0,21.7,0,0,0,0,0,1098.0,-0.9290322580645158,1.034608378870674
2002-03-24,1227,2.5,-3.5,1.5,1.19,37.1,0,0,0,0,0,1098.0,-1.129032258064516,1.1174863387978142
2002-03-04,969,-8.5,-19.7,0.6,0.49,24.9,0,0,0,1,0,1162.25,-12.129032258064516,0.8337276833727684
2002-03-18,1262,3.6,-0.4,0.0,0.0,15.7,0,0,0,0,0,1162.25,-0.029032258064515926,1.085824908582491
2002-03-11,1296,5.6,-4.6,0.0,0.0,26.3,0,0,0,0,0,1162.25,1.9709677419354836,1.1150785115078512
2002-03-25,1122,-1.8,-4.4,1.3,1.19,36.6,0,0,0,0,0,1162.25,-5.429032258064516,0.9653688965368896
2002-03-19,1233,6.6,0.6,2.0,0.0,16.5,0,0,0,0,0,1208.75,2.9709677419354836,1.0200620475698035
2002-03-12,1278,6.0,-1.9,0.0,0.0,17.8,0,0,0,0,0,1208.75,2.370967741935484,1.0572905894519131
2002-03-26,1216,-0.7,-3.0,0.0,0.0,26.1,0,0,0,0,0,1208.75,-4.329032258064516,1.0059979317476733
2002-03-05,1108,-1.6,-9.0,0.0,0.14,16.7,0,0,0,0,0,1208.75,-5.229032258064516,0.9166494312306102
2002-03-20,1290,4.3,0.7,1.5,0.0,22.7,0,0,0,0,0,1319.5,0.6709677419354838,0.9776430466085638
2002-03-27,1342,3.6,-3.4,0.0,0.0,16.8,0,0,0,0,0,1319.5,-0.029032258064515926,1.0170519136036378
2002-03-13,1413,11.4,1.1,0.0,0.0,21.3,0,0,0,0,0,1319.5,7.770967741935484,1.0708601743084503
2002-03-06,1233,1.8,-2.2,0.0,0.0,20.8,0,0,0,0,0,1319.5,-1.829032258064516,0.9344448654793482
2002-03-07,1227,2.9,-0.8,0.0,0.14,21.8,0,0,0,0,0,1312.5,-0.7290322580645161,0.9348571428571428
2002-03-21,1163,2.8,-6.0,1.6,0.91,34.1,0,0,0,0,0,1312.5,-0.8290322580645162,0.886095238095238
2002-03-14,1436,10.7,1.9,0.0,0.0,23.8,0,0,0,0,0,1312.5,7.070967741935483,1.094095238095238
2002-03-28,1424,6.0,-2.0,0.8,0.0,29.1,0,0,0,0,0,1312.5,2.370967741935484,1.084952380952381
2002-03-29,1247,4.2,1.3,12.2,0.0,17.8,1,0,0,0,0,1393.0,0.5709677419354842,0.8951902368987796
2002-03-22,1218,0.9,-8.7,0.0,0.0,28.5,0,0,0,0,0,1393.0,-2.729032258064516,0.8743718592964824
2002-03-08,1467,12.5,4.3,4.3,0.0,34.6,0,0,0,0,0,1393.0,8.870967741935484,1.0531227566403445
2002-03-15,1494,11.1,0.1,0.1,0.0,28.6,0,0,0,0,0,1393.0,7.470967741935484,1.072505384063173
2002-03-01,1539,-1.0,-6.7,0.5,0.42,19.6,0,0,0,0,0,1393.0,-4.629032258064516,1.1048097631012204
2002-03-30,1334,7.8,0.8,0.0,0.0,23.4,0,0,0,0,0,1224.2,4.170967741935484,1.0896912269237053
2002-03-02,1093,0.4,-4.5,22.2,14.91,33.8,1,1,0,0,0,1224.2,-3.229032258064516,0.8928279692860643
2002-03-09,1224,12.2,-4.9,10.6,0.0,54.1,1,0,0,0,1,1224.2,8.570967741935483,0.9998366280019604
2002-03-23,1214,6.8,-2.2,0.0,0.0,26.0,0,0,0,0,0,1224.2,3.170967741935484,0.9916680280999837
2002-03-16,1256,1.4,-1.6,0.0,0.0,28.1,0,0,0,0,0,1224.2,-2.229032258064516,1.0259761476882863
2002-04-21,1108,5.6,3.7,18.8,0.0,30.9,1,0,0,0,0,1165.0,-5.00333333333333,0.9510729613733906
2002-04-28,1152,13.9,4.8,1.4,0.0,32.8,0,0,0,0,0,1165.0,3.2966666666666704,0.9888412017167382
2002-04-14,1297,16.9,5.6,0.0,0.0,23.9,0,0,0,0,0,1165.0,6.296666666666669,1.1133047210300429
2002-04-07,1103,7.7,1.5,14.8,0.0,26.7,1,0,0,0,0,1165.0,-2.9033333333333298,0.9467811158798283
2002-04-15,1494,21.6,14.0,0.0,0.0,25.8,0,0,0,0,0,1380.4,10.996666666666671,1.0822949869603014
2002-04-29,1479,13.6,3.8,0.0,0.0,22.4,0,0,0,0,0,1380.4,2.9966666666666697,1.0714285714285714
2002-04-22,1198,4.3,2.5,1.0,0.0,20.3,0,0,0,0,0,1380.4,-6.30333333333333,0.8678643871341639
2002-04-01,1528,2.7,-2.0,7.7,3.5,21.8,0,1,0,0,0,1380.4,-7.90333333333333,1.1069255288322224
2002-04-08,1203,7.9,4.0,19.2,0.0,21.3,1,0,0,0,0,1380.4,-2.7033333333333296,0.8714865256447406
2002-04-16,1328,21.7,14.9,0.0,0.0,30.9,0,0,0,0,0,1323.4,11.09666666666667,1.0034758954208856
2002-04-23,1321,9.8,0.8,0.0,0.0,20.5,0,0,0,0,0,1323.4,-0.8033333333333292,0.9981864893456248
2002-04-02,1269,4.6,0.6,10.3,0.0,22.9,1,0,0,0,0,1323.4,-6.00333333333333,0.9588937585008311
2002-04-30,1351,11.5,8.3,0.2,0.0,25.1,0,0,0,0,0,1323.4,0.89666666666667,1.0208553725253136
2002-04-09,1348,5.4,2.3,4.5,0.0,26.6,0,0,0,0,0,1323.4,-5.20333333333333,1.0185884842073447
2002-04-10,1477,11.9,1.5,0.0,0.0,20.0,0,0,0,0,0,1356.25,1.2966666666666704,1.0890322580645162
2002-04-24,1297,17.5,8.6,9.5,0.0,35.2,0,0,0,0,0,1356.25,6.89666666666667,0.9563133640552995
2002-04-17,1347,21.9,15.0,0.3,0.0,28.8,0,0,0,0,0,1356.25,11.296666666666669,0.9931797235023041
2002-04-03,1304,2.3,-0.9,0.4,0.0,20.9,0,0,0,0,0,1356.25,-8.303333333333331,0.9614746543778802
2002-04-25,1326,10.9,4.4,0.0,0.0,38.4,0,0,0,0,0,1365.25,0.2966666666666704,0.9712506866874199
2002-04-04,1340,1.1,-1.0,0.1,0.21,11.4,0,0,0,0,0,1365.25,-9.50333333333333,0.9815052188243911
2002-04-11,1439,16.2,6.5,0.0,0.0,24.5,0,0,0,0,0,1365.25,5.596666666666669,1.054019410364402
2002-04-18,1356,22.6,14.9,4.3,0.0,30.1,0,0,0,0,0,1365.25,11.996666666666671,0.9932246841237868
2002-04-26,1401,6.4,3.4,0.0,0.0,17.3,0,0,0,0,0,1419.0,-4.20333333333333,0.9873150105708245
2002-04-05,1534,3.1,-2.7,0.1,0.14,17.9,0,0,0,0,0,1419.0,-7.50333333333333,1.0810429880197323
2002-04-12,1377,13.9,5.7,2.5,0.0,27.9,0,0,0,0,0,1419.0,3.2966666666666704,0.9704016913319239
2002-04-19,1364,16.5,6.1,4.1,0.0,28.0,0,0,0,0,0,1419.0,5.89666666666667,0.9612403100775194
2002-04-06,1361,2.8,-2.3,0.0,0.0,21.4,0,0,0,0,0,1324.0,-7.80333333333333,1.0279456193353473
2002-04-27,1281,9.7,5.3,20.4,0.0,33.2,1,0,0,0,0,1324.0,-0.9033333333333307,0.9675226586102719
2002-04-13,1331,8.2,3.4,0.0,0.0,11.1,0,0,0,0,0,1324.0,-2.4033333333333307,1.005287009063444
2002-04-20,1323,5.9,4.2,7.9,0.0,30.4,0,0,0,0,0,1324.0,-4.70333333333333,0.9992447129909365
2002-05-12,1174,13.1,6.7,40.5,0.0,23.2,1,0,0,0,0,1255.25,-2.3709677419354858,0.9352718581955786
2002-05-05,1281,17.8,8.5,0.0,0.0,27.8,0,0,0,0,0,1255.25,2.3290322580645153,1.0205138418641704
2002-05-26,1306,19.1,6.3,0.0,0.0,19.7,0,0,0,0,0,1255.25,3.629032258064516,1.0404301931886077
2002-05-19,1260,9.6,4.1,0.5,0.0,18.6,0,0,0,0,0,1255.25,-5.870967741935486,1.003784106751643
2002-05-13,1405,10.7,6.6,0.6,0.0,29.6,0,0,0,0,0,1341.0,-4.770967741935486,1.0477255779269201
2002-05-27,1302,20.8,12.5,0.0,0.0,19.1,0,0,0,0,0,1341.0,5.329032258064515,0.970917225950783
2002-05-20,1384,6.3,5.0,0.0,0.0,21.3,0,0,0,0,0,1341.0,-9.170967741935485,1.0320656226696494
2002-05-06,1273,19.1,14.4,6.5,0.0,28.1,0,0,0,0,0,1341.0,3.629032258064516,0.9492915734526473
2002-05-28,1513,21.3,15.6,2.8,0.0,13.8,0,0,0,0,0,1413.0,5.829032258064515,1.0707714083510262
2002-05-21,1383,10.9,3.1,0.0,0.0,14.7,0,0,0,0,0,1413.0,-4.570967741935485,0.9787685774946921
2002-05-07,1308,17.3,6.9,0.0,0.0,29.3,0,0,0,0,0,1413.0,1.8290322580645153,0.9256900212314225
2002-05-14,1448,13.2,7.2,0.3,0.0,17.1,0,0,0,0,0,1413.0,-2.270967741935486,1.024769992922859
2002-05-15,1540,20.0,7.6,0.1,0.0,29.1,0,0,0,0,0,1445.0,4.529032258064515,1.065743944636678
2002-05-08,1396,15.1,8.0,3.5,0.0,26.6,0,0,0,0,0,1445.0,-0.37096774193548576,0.9660899653979239
2002-05-22,1332,16.0,7.3,0.0,0.0,27.5,0,0,0,0,0,1445.0,0.5290322580645146,0.9217993079584775
2002-05-29,1460,24.7,17.6,0.5,0.0,16.7,0,0,0,0,0,1445.0,9.229032258064514,1.0103806228373702
2002-05-01,1497,12.1,8.0,2.2,0.0,34.0,0,0,0,0,0,1445.0,-3.3709677419354858,1.0359861591695503
2002-05-23,1552,19.8,11.9,0.3,0.0,30.0,0,0,0,0,0,1402.2,4.329032258064515,1.1068321209527885
2002-05-09,1396,16.0,10.5,18.0,0.0,36.0,1,0,0,0,0,1402.2,0.5290322580645146,0.9955783768363999
2002-05-16,1273,17.2,7.9,19.3,0.0,26.6,1,0,0,0,0,1402.2,1.7290322580645139,0.9078590785907859
2002-05-30,1521,25.4,17.8,0.4,0.0,23.4,0,0,0,0,0,1402.2,9.929032258064513,1.0847240051347882
2002-05-02,1269,10.9,6.1,0.3,0.0,40.4,0,0,0,0,0,1402.2,-4.570967741935485,0.9050064184852374
2002-05-03,1316,7.6,4.4,0.0,0.0,16.7,0,0,0,0,0,1460.4,-7.870967741935486,0.9011229800054779
2002-05-10,1523,15.4,7.3,0.0,0.0,29.6,0,0,0,0,0,1460.4,-0.07096774193548505,1.0428649685017803
2002-05-24,1466,16.5,6.5,7.1,0.0,28.5,0,0,0,0,0,1460.4,1.0290322580645146,1.0038345658723637
2002-05-31,1572,24.2,20.7,0.2,0.0,27.5,0,0,0,0,0,1460.4,8.729032258064514,1.076417419884963
2002-05-17,1425,7.8,4.8,0.0,0.0,30.8,0,0,0,0,0,1460.4,-7.670967741935486,0.9757600657354148
2002-05-11,1267,11.8,8.3,15.0,0.0,31.0,1,0,0,0,0,1334.5,-3.6709677419354847,0.9494192581491195
2002-05-25,1382,16.7,7.0,9.7,0.0,24.2,0,0,0,0,0,1334.5,1.2290322580645139,1.0355938553765456
2002-05-18,1374,7.7,4.0,0.0,0.0,24.5,0,0,0,0,0,1334.5,-7.770967741935485,1.0295991007868115
2002-05-04,1315,15.5,5.0,0.0,0.0,16.0,0,0,0,0,0,1334.5,0.029032258064514593,0.9853877856875234
2002-06-23,1437,30.1,22.9,0.0,0.0,14.2,0,0,1,0,0,1418.6,5.006666666666671,1.012970534329621
2002-06-16,1400,22.6,14.7,0.0,0.0,20.2,0,0,0,0,0,1418.6,-2.4933333333333287,0.986888481601579
2002-06-09,1340,25.9,18.6,0.0,0.0,18.1,0,0,0,0,0,1418.6,0.8066666666666684,0.9445932609615114
2002-06-30,1477,31.6,23.4,0.0,0.0,14.3,0,0,1,0,0,1418.6,6.506666666666671,1.041167348089666
2002-06-02,1439,20.7,15.7,1.8,0.0,25.3,0,0,0,0,0,1418.6,-4.393333333333331,1.014380375017623
2002-06-24,1390,29.9,22.2,0.0,0.0,11.0,0,0,0,0,0,1388.75,4.806666666666668,1.0009000900090008
2002-06-03,1352,21.5,16.5,26.1,0.0,34.8,1,0,0,0,0,1388.75,-3.59333333333333,0.9735373537353735
2002-06-10,1402,27.6,21.5,2.8,0.0,19.2,0,0,0,0,0,1388.75,2.5066666666666713,1.0095409540954094
2002-06-17,1411,22.0,15.7,3.3,0.0,15.1,0,0,0,0,0,1388.75,-3.09333333333333,1.016021602160216
2002-06-11,1474,25.7,21.8,4.0,0.0,33.4,0,0,0,0,0,1424.5,0.6066666666666691,1.0347490347490347
2002-06-18,1439,24.6,17.3,0.0,0.0,21.7,0,0,0,0,0,1424.5,-0.49333333333332874,1.0101790101790102
2002-06-25,1465,28.2,22.9,1.4,0.0,19.2,0,0,0,0,0,1424.5,3.106666666666669,1.0284310284310285
2002-06-04,1320,25.2,16.6,11.4,0.0,25.5,1,0,0,0,0,1424.5,0.10666666666666913,0.9266409266409267
2002-06-12,1527,22.5,16.6,0.0,0.0,20.4,0,0,0,0,0,1421.25,-2.59333333333333,1.0744063324538258
2002-06-05,1348,21.3,13.5,0.0,0.0,18.4,0,0,0,0,0,1421.25,-3.7933333333333294,0.9484608619173263
2002-06-19,1357,26.1,19.6,0.0,0.0,19.6,0,0,0,0,0,1421.25,1.0066666666666713,0.9547933157431838
2002-06-26,1453,29.4,22.0,8.3,0.0,23.8,0,0,0,0,0,1421.25,4.306666666666668,1.022339489885664
2002-06-06,1482,16.3,12.2,0.0,0.0,19.6,0,0,0,0,0,1421.0,-8.79333333333333,1.0429275158339197
2002-06-13,1367,18.0,15.4,9.1,0.0,19.5,0,0,0,0,0,1421.0,-7.09333333333333,0.9619985925404645
2002-06-27,1437,23.9,20.7,0.2,0.0,19.1,0,0,0,0,0,1421.0,-1.1933333333333316,1.011259676284307
2002-06-20,1398,29.3,21.6,0.0,0.0,20.5,0,0,0,0,0,1421.0,4.2066666666666706,0.983814215341309
2002-06-14,1380,17.9,15.1,5.0,0.0,16.9,0,0,0,0,0,1421.75,-7.193333333333332,0.9706347810796554
2002-06-21,1468,28.1,22.4,0.0,0.0,14.0,0,0,0,0,0,1421.75,3.0066666666666713,1.0325303323369088
2002-06-07,1446,22.0,12.9,0.0,0.0,15.2,0,0,0,0,0,1421.75,-3.09333333333333,1.0170564445225954
2002-06-28,1393,26.3,19.1,0.0,0.0,9.0,0,0,0,0,0,1421.75,1.2066666666666706,0.9797784420608405
2002-06-01,1782,28.9,18.0,0.0,0.0,24.6,0,0,0,0,0,1487.6,3.8066666666666684,1.1979026620059157
2002-06-15,1482,23.2,14.5,0.6,0.0,22.1,0,0,0,0,0,1487.6,-1.8933333333333309,0.9962355471901049
2002-06-08,1348,24.5,16.0,0.0,0.0,20.5,0,0,0,0,0,1487.6,-0.5933333333333302,0.9061575692390428
2002-06-29,1470,29.2,20.4,0.0,0.0,14.3,0,0,0,0,0,1487.6,4.106666666666669,0.9881688625974725
2002-06-22,1356,30.3,22.4,0.0,0.0,14.5,0,0,1,0,0,1487.6,5.2066666666666706,0.9115353589674644
2002-07-21,1424,31.6,25.9,0.0,0.0,20.2,0,0,1,0,0,1431.5,3.6161290322580584,0.9947607404820119
2002-07-14,1407,27.4,19.9,0.0,0.0,10.8,0,0,0,0,0,1431.5,-0.5838709677419445,0.9828850855745721
2002-07-28,1443,29.0,24.8,1.8,0.0,27.7,0,0,0,0,0,1431.5,1.016129032258057,1.0080335312609152
2002-07-07,1452,28.4,22.1,0.0,0.0,12.8,0,0,0,0,0,1431.5,0.41612903225805553,1.0143206426825009
2002-07-29,1576,27.2,23.0,8.2,0.0,17.5,0,0,0,0,0,1555.4,-0.7838709677419438,1.0132441815610131
2002-07-01,1635,31.1,24.5,0.0,0.0,18.2,0,0,1,0,0,1555.4,3.1161290322580584,1.0511765462260512
2002-07-22,1454,31.7,24.0,13.0,0.0,19.7,1,0,1,0,0,1555.4,3.7161290322580562,0.9348077664909348
2002-07-15,1619,28.5,20.8,0.0,0.0,8.9,0,0,0,0,0,1555.4,0.516129032258057,1.0408898032660407
2002-07-08,1493,31.4,24.4,0.8,0.0,22.5,0,0,1,0,0,1555.4,3.4161290322580555,0.9598817024559598
2002-07-09,1440,26.4,21.2,9.5,0.0,28.1,0,0,0,0,0,1477.8,-1.5838709677419445,0.97442143727162
2002-07-16,1535,29.7,22.8,0.0,0.0,12.6,0,0,0,0,0,1477.8,1.7161290322580562,1.0387061848694006
2002-07-23,1460,24.7,20.4,0.2,0.0,29.3,0,0,0,0,0,1477.8,-3.2838709677419438,0.9879550683448369
2002-07-02,1411,32.1,24.1,0.0,0.0,17.8,0,0,1,0,0,1477.8,4.116129032258058,0.9547976722154554
2002-07-30,1543,30.7,21.8,0.0,0.0,15.5,0,0,1,0,0,1477.8,2.7161290322580562,1.0441196372986872
2002-07-03,1320,32.6,24.2,0.3,0.0,16.6,0,0,1,0,0,1444.0,4.616129032258058,0.9141274238227147
2002-07-17,1404,29.4,22.8,0.2,0.0,13.2,0,0,0,0,0,1444.0,1.4161290322580555,0.9722991689750693
2002-07-10,1559,23.5,21.0,0.0,0.0,26.0,0,0,0,0,0,1444.0,-4.483870967741943,1.0796398891966759
2002-07-31,1460,31.5,23.3,0.0,0.0,19.8,0,0,1,0,0,1444.0,3.516129032258057,1.0110803324099722
2002-07-24,1477,23.6,18.8,0.0,0.0,17.7,0,0,0,0,0,1444.0,-4.383870967741942,1.0228531855955678
2002-07-11,1401,23.3,18.7,0.0,0.0,26.2,0,0,0,0,0,1440.0,-4.683870967741942,0.9729166666666667
2002-07-04,1466,28.3,25.2,5.2,0.0,23.2,0,0,0,0,0,1440.0,0.31612903225805766,1.0180555555555555
2002-07-18,1480,29.7,23.5,0.0,0.0,16.2,0,0,0,0,0,1440.0,1.7161290322580562,1.0277777777777777
2002-07-25,1413,25.2,19.4,0.0,0.0,16.3,0,0,0,0,0,1440.0,-2.7838709677419438,0.98125
2002-07-12,1551,23.2,17.8,0.0,0.0,14.1,0,0,0,0,0,1528.25,-4.783870967741944,1.0148863078684771
2002-07-26,1472,28.1,22.6,1.2,0.0,16.9,0,0,0,0,0,1528.25,0.11612903225805837,0.9631931948306887
2002-07-19,1558,25.5,23.0,10.8,0.0,16.6,1,0,0,0,0,1528.25,-2.483870967741943,1.019466710289547
2002-07-05,1532,24.9,22.9,0.0,0.0,22.6,0,0,0,0,0,1528.25,-3.0838709677419445,1.0024537870112875
2002-07-13,1477,25.0,19.6,0.0,0.0,13.8,0,0,0,0,0,1507.0,-2.983870967741943,0.980092899800929
2002-07-06,1467,25.3,21.0,1.1,0.0,15.5,0,0,0,0,0,1507.0,-2.6838709677419423,0.973457199734572
2002-07-20,1593,30.0,22.0,0.0,0.0,13.7,0,0,1,0,0,1507.0,2.016129032258057,1.0570670205706703
2002-07-27,1491,28.5,23.0,27.0,0.0,29.6,1,0,0,0,0,1507.0,0.516129032258057,0.9893828798938288
2002-08-11,1504,31.1,22.2,0.0,0.0,17.5,0,0,1,0,0,1404.0,5.538709677419362,1.0712250712250713
2002-08-04,1409,29.2,25.3,2.0,0.0,15.4,0,0,0,0,0,1404.0,3.63870967741936,1.0035612535612535
2002-08-25,1325,26.4,20.7,0.0,0.0,10.9,0,0,0,0,0,1404.0,0.8387096774193594,0.9437321937321937
2002-08-18,1378,23.6,16.8,0.3,0.0,20.6,0,0,0,0,0,1404.0,-1.9612903225806377,0.9814814814814815
2002-08-26,1450,24.8,21.3,1.0,0.0,12.6,0,0,0,0,0,1414.25,-0.7612903225806384,1.0252784161216193
2002-08-19,1316,22.0,19.5,29.8,0.0,23.8,1,0,0,0,0,1414.25,-3.561290322580639,0.9305285487007248
2002-08-05,1425,25.8,23.4,12.9,0.0,28.7,1,0,0,0,0,1414.25,0.23870967741936155,1.007601202050557
2002-08-12,1466,28.1,22.6,0.0,0.0,22.0,0,0,0,0,0,1414.25,2.5387096774193623,1.0365918331270991
2002-08-27,1430,25.3,21.6,0.0,0.0,21.1,0,0,0,0,0,1427.0,-0.26129032258063845,1.0021023125437982
2002-08-20,1386,23.0,17.7,0.0,0.0,15.2,0,0,0,0,0,1427.0,-2.561290322580639,0.9712683952347583
2002-08-13,1424,25.5,21.1,16.3,0.0,24.1,1,0,0,0,0,1427.0,-0.061290322580639156,0.9978976874562018
2002-08-06,1468,22.8,19.2,0.0,0.0,29.3,0,0,0,0,0,1427.0,-2.7612903225806384,1.0287316047652417
2002-08-21,1353,27.9,19.8,0.0,0.0,24.1,0,0,0,0,0,1395.0,2.3387096774193594,0.9698924731182795
2002-08-07,1396,21.8,17.6,0.0,0.0,16.6,0,0,0,0,0,1395.0,-3.7612903225806384,1.0007168458781361
2002-08-28,1449,22.6,20.0,0.0,0.0,17.8,0,0,0,0,0,1395.0,-2.9612903225806377,1.038709677419355
2002-08-14,1382,23.4,19.6,1.5,0.0,16.7,0,0,0,0,0,1395.0,-2.1612903225806406,0.9906810035842294
2002-08-29,1284,23.2,19.3,0.0,0.0,14.5,0,0,0,0,0,1427.0,-2.36129032258064,0.8997897687456202
2002-08-15,1415,26.6,18.5,0.0,0.0,27.8,0,0,0,0,0,1427.0,1.0387096774193623,0.9915907498248073
2002-08-22,1357,25.8,23.1,27.7,0.0,25.2,1,0,0,0,0,1427.0,0.23870967741936155,0.9509460406447092
2002-08-01,1689,31.3,24.1,13.1,0.0,21.4,1,0,1,0,0,1427.0,5.7387096774193616,1.1836019621583742
2002-08-08,1390,23.5,18.2,0.0,0.0,12.0,0,0,0,0,0,1427.0,-2.061290322580639,0.9740714786264891
2002-08-09,1478,25.5,19.1,0.0,0.0,12.7,0,0,0,0,0,1455.2,-0.061290322580639156,1.0156679494227596
2002-08-23,1467,25.3,22.2,1.1,0.0,10.3,0,0,0,0,0,1455.2,-0.26129032258063845,1.0081088510170424
2002-08-16,1432,25.8,22.2,1.2,0.0,20.8,0,0,0,0,0,1455.2,0.23870967741936155,0.9840571742715778
2002-08-30,1445,25.5,20.6,0.0,0.0,14.4,0,0,0,0,0,1455.2,-0.061290322580639156,0.9929906542056074
2002-08-02,1454,23.2,21.4,7.7,0.0,26.4,0,0,0,0,0,1455.2,-2.36129032258064,0.9991753710830126
2002-08-24,1454,24.4,20.7,9.7,0.0,11.2,0,0,0,0,0,1448.8,-1.1612903225806406,1.0035891772501382
2002-08-17,1495,26.3,22.1,1.6,0.0,32.3,0,0,0,0,0,1448.8,0.7387096774193616,1.031888459414688
2002-08-31,1371,25.5,20.2,0.0,0.0,15.7,0,0,0,0,0,1448.8,-0.061290322580639156,0.9463003865267808
2002-08-03,1462,28.4,20.6,0.0,0.0,14.8,0,0,0,0,0,1448.8,2.8387096774193594,1.0091109884041967
2002-08-10,1462,28.8,19.4,0.0,0.0,14.2,0,0,0,0,0,1448.8,3.2387096774193616,1.0091109884041967
2002-09-15,1412,21.0,18.0,0.3,0.0,21.6,0,0,0,0,0,1424.4,-2.673333333333332,0.9912945801741083
2002-09-22,1376,18.3,13.0,6.8,0.0,22.1,0,0,0,0,0,1424.4,-5.373333333333331,0.9660207806795843
2002-09-08,1369,29.3,21.1,0.0,0.0,12.1,0,0,0,0,0,1424.4,5.626666666666669,0.9611064307778713
2002-09-01,1552,27.8,20.1,0.0,0.0,15.1,0,0,0,0,0,1424.4,4.126666666666669,1.0895815782083684
2002-09-29,1413,25.3,17.4,3.2,0.0,25.9,0,0,0,0,0,1424.4,1.6266666666666687,0.9919966301600673
2002-09-16,1385,21.9,14.7,0.0,0.0,9.3,0,0,0,0,0,1356.8,-1.7733333333333334,1.0207841981132075
2002-09-23,1292,18.7,10.5,0.0,0.0,26.5,0,0,0,0,0,1356.8,-4.973333333333333,0.9522405660377359
2002-09-09,1352,29.1,22.4,0.2,0.0,6.9,0,0,0,0,0,1356.8,5.426666666666669,0.9964622641509434
2002-09-02,1364,27.1,22.2,0.0,0.0,28.2,0,0,0,0,0,1356.8,3.4266666666666694,1.005306603773585
2002-09-30,1391,25.0,19.1,0.0,0.0,27.5,0,0,0,0,0,1356.8,1.326666666666668,1.0252063679245282
2002-09-17,1475,23.8,16.2,0.0,0.0,12.0,0,0,0,0,0,1392.0,0.1266666666666687,1.0596264367816093
2002-09-10,1321,29.6,21.2,3.3,0.0,29.6,0,0,0,0,0,1392.0,5.926666666666669,0.9489942528735632
2002-09-03,1439,25.7,20.6,0.0,0.0,26.5,0,0,0,0,0,1392.0,2.0266666666666673,1.033764367816092
2002-09-24,1333,13.8,9.4,0.0,0.0,24.2,0,0,0,0,0,1392.0,-9.873333333333331,0.9576149425287356
2002-09-04,1389,25.1,19.8,0.0,0.0,13.6,0,0,0,0,0,1390.25,1.4266666666666694,0.9991008811364862
2002-09-11,1394,21.1,18.6,0.1,0.0,29.4,0,0,0,0,0,1390.25,-2.5733333333333306,1.0026973565905413
2002-09-25,1392,20.0,11.4,0.0,0.0,15.0,0,0,0,0,0,1390.25,-3.673333333333332,1.0012587664089192
2002-09-18,1386,24.4,18.1,5.4,0.0,21.6,0,0,0,0,0,1390.25,0.7266666666666666,0.9969429958640532
2002-09-05,1408,23.7,19.0,0.0,0.0,17.8,0,0,0,0,0,1392.25,0.026666666666667282,1.011312623451248
2002-09-26,1413,20.9,13.4,0.0,0.0,15.8,0,0,0,0,0,1392.25,-2.7733333333333334,1.0149039324833902
2002-09-19,1435,24.1,21.0,2.7,0.0,25.7,0,0,0,0,0,1392.25,0.4266666666666694,1.030705692224816
2002-09-12,1313,22.6,17.0,0.0,0.0,9.8,0,0,0,0,0,1392.25,-1.0733333333333306,0.9430777518405459
2002-09-27,1459,19.6,15.2,0.9,0.0,25.8,0,0,0,0,0,1522.75,-4.073333333333331,0.9581349532096536
2002-09-20,1596,21.0,17.6,6.9,0.0,27.8,0,0,0,0,0,1522.75,-2.673333333333332,1.0481037596453784
2002-09-13,1477,23.5,16.6,0.0,0.0,9.7,0,0,0,0,0,1522.75,-0.173333333333332,0.9699556723033984
2002-09-06,1559,26.8,18.6,0.0,0.0,14.1,0,0,0,0,0,1522.75,3.1266666666666687,1.0238056148415695
2002-09-21,1398,24.8,15.7,0.3,0.0,25.1,0,0,0,0,0,1424.0,1.1266666666666687,0.9817415730337079
2002-09-14,1450,27.2,17.1,0.0,0.0,15.3,0,0,0,0,0,1424.0,3.5266666666666673,1.0182584269662922
2002-09-07,1446,27.6,18.9,0.0,0.0,11.9,0,0,0,0,0,1424.0,3.9266666666666694,1.0154494382022472
2002-09-28,1402,21.4,14.6,0.3,0.0,18.4,0,0,0,0,0,1424.0,-2.2733333333333334,0.9845505617977528
2002-10-13,1147,11.3,5.9,0.0,0.0,29.3,0,0,0,0,0,1287.5,-1.483870967741936,0.890873786407767
2002-10-20,1340,7.9,3.9,0.0,0.0,12.3,0,0,0,0,0,1287.5,-4.883870967741936,1.0407766990291263
2002-10-06,1387,19.0,11.2,0.4,0.0,37.1,0,0,0,0,0,1287.5,6.216129032258063,1.0772815533980582
2002-10-27,1276,6.7,5.2,0.2,0.0,17.8,0,0,0,0,0,1287.5,-6.0838709677419365,0.9910679611650486
2002-10-28,1332,8.3,5.3,0.0,0.0,24.5,0,0,0,0,0,1326.25,-4.483870967741936,1.0043355325164938
2002-10-14,1341,12.3,4.9,0.0,0.0,20.7,0,0,0,0,0,1326.25,-0.48387096774193594,1.0111215834118756
2002-10-21,1350,11.8,4.9,0.0,0.0,17.5,0,0,0,0,0,1326.25,-0.9838709677419359,1.0179076343072573
2002-10-07,1282,10.4,6.7,0.0,0.0,35.1,0,0,0,0,0,1326.25,-2.3838709677419363,0.9666352497643732
2002-10-22,1261,9.0,4.7,0.0,0.0,20.0,0,0,0,0,0,1453.0,-3.7838709677419367,0.8678596008258775
2002-10-15,1464,12.5,6.9,0.0,0.0,22.0,0,0,0,0,0,1453.0,-0.28387096774193665,1.007570543702684
2002-10-29,1396,7.7,4.0,2.0,0.0,26.7,0,0,0,0,0,1453.0,-5.0838709677419365,0.9607708189951824
2002-10-08,1381,16.5,9.5,0.0,0.0,22.5,0,0,0,0,0,1453.0,3.7161290322580633,0.9504473503097041
2002-10-01,1763,25.2,19.8,0.9,0.0,26.8,0,0,0,0,0,1453.0,12.416129032258063,1.2133516861665519
2002-10-09,1455,16.0,10.7,0.0,0.0,16.5,0,0,0,0,0,1390.6,3.2161290322580633,1.0463109449158636
2002-10-30,1351,6.3,5.0,0.2,0.0,22.0,0,0,0,0,0,1390.6,-6.483870967741937,0.9715230835610529
2002-10-02,1469,22.1,18.5,3.2,0.0,27.1,0,0,0,0,0,1390.6,9.316129032258065,1.0563785416367037
2002-10-23,1357,7.3,5.4,1.9,0.0,19.5,0,0,0,0,0,1390.6,-5.483870967741937,0.9758377678699842
2002-10-16,1321,8.6,4.8,0.0,0.0,25.4,0,0,0,0,0,1390.6,-4.183870967741937,0.9499496620163959
2002-10-10,1367,19.9,13.1,0.0,0.0,12.6,0,0,0,0,0,1392.4,7.116129032258062,0.9817581154840562
2002-10-03,1438,18.5,16.9,2.3,0.0,25.3,0,0,0,0,0,1392.4,5.716129032258063,1.0327492099971272
2002-10-31,1463,7.5,3.2,0.0,0.0,22.1,0,0,0,0,0,1392.4,-5.283870967741937,1.0507038207411663
2002-10-24,1368,7.2,5.4,1.4,0.0,21.8,0,0,0,0,0,1392.4,-5.5838709677419365,0.9824762999138178
2002-10-17,1326,6.9,4.2,3.1,0.0,18.4,0,0,0,0,0,1392.4,-5.883870967741936,0.9523125538638322
2002-10-18,1444,14.1,4.4,0.0,0.0,32.2,0,0,0,0,0,1482.75,1.316129032258063,0.9738661271286461
2002-10-11,1561,19.2,13.0,0.0,0.0,17.1,0,0,0,0,0,1482.75,6.416129032258063,1.052773562636992
2002-10-25,1390,7.6,5.2,9.5,0.0,22.1,0,0,0,0,0,1482.75,-5.183870967741937,0.9374473107401787
2002-10-04,1536,21.8,13.5,10.3,0.0,42.7,1,0,0,0,0,1482.75,9.016129032258064,1.0359129994941831
2002-10-12,1406,19.1,11.3,5.7,0.0,23.4,0,0,0,0,0,1395.0,6.316129032258065,1.0078853046594982
2002-10-05,1410,15.7,10.9,0.0,0.0,28.4,0,0,0,0,0,1395.0,2.9161290322580626,1.010752688172043
2002-10-19,1365,11.6,5.4,0.0,0.0,23.6,0,0,0,0,0,1395.0,-1.183870967741937,0.978494623655914
2002-10-26,1399,8.3,6.9,0.2,0.0,17.3,0,0,0,0,0,1395.0,-4.483870967741936,1.0028673835125448
2002-11-24,1090,2.2,-0.6,1.7,1.26,16.7,0,0,0,0,0,1159.25,-3.783333333333334,0.9402631011429804
2002-11-17,1139,2.3,0.4,0.9,0.56,20.1,0,0,0,0,0,1159.25,-3.6833333333333345,0.9825318093594997
2002-11-03,1145,6.5,-0.0,0.0,0.0,20.1,0,0,0,0,0,1159.25,0.5166666666666657,0.9877075695492775
2002-11-10,1263,13.6,8.6,6.3,0.0,23.8,0,0,0,0,0,1159.25,7.616666666666665,1.0894975199482424
2002-11-11,1286,8.1,3.1,2.1,0.0,21.6,0,0,0,0,0,1253.25,2.1166666666666654,1.026132056652703
2002-11-25,1196,-0.7,-2.5,0.0,0.0,17.6,0,0,0,0,0,1253.25,-6.6833333333333345,0.9543187711948933
2002-11-04,1257,5.3,2.0,0.0,0.0,18.0,0,0,0,0,0,1253.25,-0.6833333333333345,1.0029922202274086
2002-11-18,1274,5.8,-0.8,2.0,0.0,19.5,0,0,0,0,0,1253.25,-0.18333333333333446,1.016556951924995
2002-11-19,1292,9.7,0.9,2.5,0.0,24.7,0,0,0,0,0,1218.25,3.716666666666665,1.060537656474451
2002-11-12,1268,5.5,3.2,0.0,0.0,18.8,0,0,0,0,0,1218.25,-0.4833333333333343,1.040837266570901
2002-11-26,1142,-0.1,-1.7,4.5,3.08,12.7,0,1,0,0,0,1218.25,-6.083333333333334,0.9374102195772624
2002-11-05,1171,4.4,3.2,3.6,0.0,19.6,0,0,0,0,0,1218.25,-1.583333333333334,0.9612148573773855
2002-11-06,1235,5.6,1.9,0.0,0.0,23.5,0,0,0,0,0,1284.0,-0.38333333333333464,0.9618380062305296
2002-11-27,1219,-1.3,-4.6,0.1,0.14,14.9,0,0,0,0,0,1284.0,-7.283333333333334,0.9493769470404985
2002-11-20,1309,9.1,4.4,0.0,0.0,16.7,0,0,0,0,0,1284.0,3.1166666666666654,1.0194704049844237
2002-11-13,1373,10.2,2.6,0.5,0.0,29.3,0,0,0,0,0,1284.0,4.216666666666665,1.0693146417445483
2002-11-28,843,0.4,-5.5,0.0,0.0,26.0,0,0,0,0,0,1116.25,-5.583333333333334,0.7552071668533035
2002-11-21,1154,5.1,2.7,6.9,0.0,37.5,0,0,0,0,0,1116.25,-0.8833333333333346,1.0338185890257559
2002-11-14,1177,10.7,5.4,2.9,0.0,29.1,0,0,0,0,0,1116.25,4.716666666666665,1.0544232922732364
2002-11-07,1291,11.5,1.8,0.0,0.0,34.7,0,0,0,0,0,1116.25,5.516666666666666,1.1565509518477044
2002-11-22,1341,2.4,-0.6,0.0,0.0,28.2,0,0,0,0,0,1327.2,-3.5833333333333344,1.0103978300180831
2002-11-01,1551,3.6,-1.4,0.0,0.0,23.8,0,0,0,0,0,1327.2,-2.383333333333334,1.168625678119349
2002-11-29,1108,6.9,-0.7,0.0,0.0,36.4,0,0,0,0,0,1327.2,0.9166666666666661,0.834840265220012
2002-11-15,1352,5.2,2.5,0.0,0.0,23.7,0,0,0,0,0,1327.2,-0.7833333333333341,1.0186859553948162
2002-11-08,1284,13.4,9.0,0.0,0.0,34.1,0,0,0,0,0,1327.2,7.416666666666666,0.9674502712477395
2002-11-09,1442,14.6,10.4,4.8,0.0,31.8,0,0,0,0,0,1278.8,8.616666666666665,1.1276196434157022
2002-11-23,1214,6.7,-1.1,0.4,0.28,24.3,0,0,0,0,0,1278.8,0.7166666666666659,0.9493274945261183
2002-11-02,1321,6.8,-0.0,0.0,0.0,25.7,0,0,0,0,0,1278.8,0.8166666666666655,1.0329996872067564
2002-11-16,1319,2.2,0.4,0.2,0.28,17.6,0,0,0,0,0,1278.8,-3.783333333333334,1.0314357209884266
2002-11-30,1098,3.8,-5.6,0.7,0.49,37.0,0,0,0,0,0,1278.8,-2.1833333333333345,0.8586174538629966
2002-12-29,1094,2.0,-2.2,0.0,0.0,25.1,0,0,0,0,0,1164.8,0.3612903225806452,0.939217032967033
2002-12-22,1149,-0.2,-2.9,0.0,0.0,30.4,0,0,0,0,0,1164.8,-1.8387096774193548,0.9864354395604396
2002-12-15,1245,4.1,0.7,0.0,0.0,24.8,0,0,0,0,0,1164.8,2.461290322580645,1.0688530219780221
2002-12-08,1065,-1.2,-4.9,0.0,0.0,25.3,0,0,0,0,0,1164.8,-2.838709677419355,0.914320054945055
2002-12-01,1271,0.8,-7.6,0.0,0.0,33.3,0,0,0,0,0,1164.8,-0.8387096774193548,1.0911744505494505
2002-12-02,1172,0.8,-2.8,3.6,2.66,29.8,0,1,0,0,0,1220.6,-0.8387096774193548,0.9601835163034574
2002-12-23,1148,-0.4,-3.0,0.0,0.0,29.4,0,0,0,0,0,1220.6,-2.0387096774193547,0.940521055218745
2002-12-30,1281,10.6,1.8,3.1,0.0,29.6,0,0,0,0,0,1220.6,8.961290322580645,1.0494838603965264
2002-12-09,1257,-1.3,-6.2,0.0,0.0,20.9,0,0,0,0,0,1220.6,-2.9387096774193546,1.029821399311814
2002-12-16,1245,0.4,-1.8,0.0,0.0,29.1,0,0,0,0,0,1220.6,-1.238709677419355,1.0199901687694577
2002-12-31,1195,3.3,-0.8,0.0,0.0,18.2,0,0,0,0,0,1191.4,1.661290322580645,1.0030216551955682
2002-12-17,1282,2.1,-2.0,2.6,0.0,27.9,0,0,0,0,0,1191.4,0.4612903225806453,1.0760449890884674
2002-12-24,1058,-0.8,-3.0,1.8,1.33,24.8,0,0,0,0,0,1191.4,-2.4387096774193546,0.8880308880308879
2002-12-03,1117,-3.3,-5.5,0.5,0.49,22.2,0,0,0,0,0,1191.4,-4.938709677419355,0.9375524592915897
2002-12-10,1305,3.5,-2.7,0.0,0.0,19.8,0,0,0,0,0,1191.4,1.8612903225806452,1.0953500083934866
2002-12-04,1168,-2.5,-5.9,0.0,0.0,12.0,0,0,0,0,0,1108.25,-4.138709677419355,1.0539138281073765
2002-12-11,1278,3.5,-2.9,0.0,0.0,14.8,0,0,0,0,0,1108.25,1.8612903225806452,1.1531694112339275
2002-12-25,803,-0.8,-3.9,2.8,2.03,26.3,0,1,0,0,0,1108.25,-2.4387096774193546,0.7245657568238213
2002-12-18,1184,9.8,2.6,13.8,0.0,37.1,1,0,0,0,0,1108.25,8.161290322580646,1.068351003834875
2002-12-12,1345,3.6,-1.1,0.0,0.0,21.0,0,0,0,0,0,1193.0,1.9612903225806453,1.1274098910310142
2002-12-05,1156,-2.6,-6.1,0.0,0.21,21.6,0,0,0,0,0,1193.0,-4.2387096774193544,0.9689857502095558
2002-12-19,1320,9.3,2.4,2.3,0.0,30.9,0,0,0,0,0,1193.0,7.661290322580646,1.1064543168482817
2002-12-26,951,-2.0,-5.7,0.0,0.0,19.4,0,0,0,0,0,1193.0,-3.638709677419355,0.7971500419111484
2002-12-27,1076,0.2,-5.8,0.0,0.0,22.2,0,0,0,0,0,1295.0,-1.4387096774193548,0.8308880308880309
2002-12-06,1282,-1.3,-8.9,0.0,0.0,32.1,0,0,0,0,0,1295.0,-2.9387096774193546,0.9899613899613899
2002-12-20,1364,2.1,-0.4,0.1,0.07,36.2,0,0,0,0,0,1295.0,0.4612903225806453,1.0532818532818533
2002-12-13,1458,2.6,0.4,0.1,0.0,20.2,0,0,0,0,0,1295.0,0.9612903225806453,1.1258687258687259
2002-12-07,1207,3.4,-1.3,0.0,0.0,31.1,0,0,0,0,0,1227.0,1.761290322580645,0.9837000814995925
2002-12-28,1164,1.8,-2.5,0.0,0.0,23.0,0,0,0,0,0,1227.0,0.16129032258064524,0.9486552567237164
2002-12-14,1253,2.3,-0.4,0.0,0.0,25.7,0,0,0,0,0,1227.0,0.661290322580645,1.0211898940505297
2002-12-21,1284,1.0,-1.6,0.0,0.07,31.7,0,0,0,0,0,1227.0,-0.6387096774193548,1.0464547677261613
2003-01-05,1149,0.1,-1.6,1.6,1.54,16.6,0,0,0,0,0,1015.0,3.2935483870967746,1.1320197044334976
2003-01-26,877,-5.0,-14.4,0.9,0.63,25.6,0,0,0,1,0,1015.0,-1.8064516129032255,0.864039408866995
2003-01-19,979,-3.3,-14.3,0.0,0.0,31.9,0,0,0,0,0,1015.0,-0.10645161290322536,0.9645320197044335
2003-01-12,1055,-1.9,-9.7,0.0,0.0,34.0,0,0,0,0,0,1015.0,1.2935483870967746,1.0394088669950738
2003-01-06,1261,0.1,-3.0,0.5,0.35,29.1,0,0,0,0,0,1165.75,3.2935483870967746,1.0817070555436414
2003-01-27,1104,-8.9,-17.4,0.0,0.0,26.3,0,0,0,1,0,1165.75,-5.706451612903226,0.9470298091357495
2003-01-13,1180,-1.7,-7.9,0.2,0.21,31.1,0,0,0,0,0,1165.75,1.4935483870967745,1.0122238901994425
2003-01-20,1118,-5.0,-11.2,0.0,0.0,20.3,0,0,0,1,0,1165.75,-1.8064516129032255,0.9590392451211667
2003-01-07,1203,4.0,-3.3,0.0,0.0,31.6,0,0,0,0,0,1150.5,7.193548387096774,1.045632333767927
2003-01-14,1153,-6.4,-9.6,0.0,0.0,23.9,0,0,0,1,0,1150.5,-3.206451612903226,1.0021729682746632
2003-01-28,1122,-2.3,-8.6,2.9,2.03,18.5,0,1,0,0,0,1150.5,0.8935483870967746,0.9752281616688396
2003-01-21,1124,-9.0,-13.3,0.0,0.0,19.7,0,0,0,1,0,1150.5,-5.806451612903226,0.9769665362885702
2003-01-01,2033,-0.2,-1.6,0.0,0.0,30.1,0,0,0,0,0,1361.0,2.9935483870967743,1.4937545922116091
2003-01-22,1125,-11.2,-14.6,0.0,0.0,24.2,0,0,0,1,0,1361.0,-8.006451612903225,0.8265980896399706
2003-01-15,1214,-5.6,-13.0,0.0,0.0,22.5,0,0,0,1,0,1361.0,-2.406451612903225,0.8919911829537105
2003-01-29,1115,-3.1,-10.5,0.0,0.0,24.4,0,0,0,0,0,1361.0,0.09354838709677438,0.8192505510653931
2003-01-08,1318,8.5,1.8,0.0,0.0,31.5,0,0,0,0,0,1361.0,11.693548387096774,0.9684055841293167
2003-01-02,1171,-1.6,-2.2,0.0,0.07,23.6,0,0,0,0,0,1184.6,1.5935483870967744,0.9885193314198887
2003-01-30,1195,-2.0,-10.3,0.0,0.0,24.6,0,0,0,0,0,1184.6,1.1935483870967745,1.008779334796556
2003-01-16,1212,-4.1,-7.6,0.0,0.0,23.7,0,0,0,0,0,1184.6,-0.9064516129032252,1.023130170521695
2003-01-09,1317,5.0,-0.8,0.3,0.21,31.8,0,0,0,0,0,1184.6,8.193548387096774,1.1117676852946143
2003-01-23,1028,-12.9,-19.8,0.0,0.0,26.3,0,0,0,1,0,1184.6,-9.706451612903226,0.8678034779672464
2003-01-17,1260,-6.9,-11.2,0.0,0.0,30.1,0,0,0,1,0,1229.6,-3.706451612903226,1.0247234873129474
2003-01-03,1298,-0.5,-3.3,0.0,0.0,17.7,0,0,0,0,0,1229.6,2.6935483870967745,1.0556278464541315
2003-01-31,1187,0.3,-2.4,5.0,3.36,24.7,0,1,0,0,0,1229.6,3.4935483870967743,0.9653545868575147
2003-01-24,1171,-9.1,-16.9,0.0,0.07,19.6,0,0,0,1,0,1229.6,-5.906451612903226,0.9523422251138582
2003-01-10,1232,-1.5,-7.6,0.0,0.0,31.3,0,0,0,0,0,1229.6,1.6935483870967745,1.0019518542615486
2003-01-04,1197,-0.3,-4.6,1.6,1.19,16.8,0,0,0,0,0,1130.0,2.8935483870967746,1.05929203539823
2003-01-11,1103,-7.1,-11.2,0.0,0.0,25.0,0,0,0,1,0,1130.0,-3.906451612903225,0.9761061946902655
2003-01-18,1100,-5.7,-12.3,0.4,0.35,26.7,0,0,0,1,0,1130.0,-2.5064516129032257,0.9734513274336283
2003-01-25,1120,-1.7,-11.0,0.7,0.56,21.2,0,0,0,0,0,1130.0,1.4935483870967745,0.9911504424778761
2003-02-16,1083,-9.9,-14.7,0.0,0.0,32.2,0,0,0,1,0,1087.25,-6.757142857142858,0.996091055415038
2003-02-23,1091,-9.9,-13.3,0.0,0.0,40.0,0,0,0,1,0,1087.25,-6.757142857142858,1.003449068751437
2003-02-09,1021,-5.7,-13.7,0.0,0.0,22.8,0,0,0,1,0,1087.25,-2.5571428571428574,0.9390664520579444
2003-02-02,1154,1.0,-2.1,1.3,0.21,22.2,0,0,0,0,0,1087.25,4.142857142857142,1.0613934237755807
2003-02-03,1199,3.9,-1.1,4.6,0.35,27.7,0,0,0,0,0,1155.0,7.042857142857143,1.0380952380952382
2003-02-17,1070,-6.6,-13.0,0.0,0.0,21.2,0,0,0,1,0,1155.0,-3.457142857142857,0.9264069264069265
2003-02-10,1220,-4.6,-13.8,0.1,0.49,23.6,0,0,0,0,0,1155.0,-1.4571428571428569,1.0562770562770563
2003-02-24,1131,-8.3,-13.5,0.2,0.49,22.1,0,0,0,1,0,1155.0,-5.157142857142858,0.9792207792207792
2003-02-11,1084,-1.3,-14.4,1.9,1.33,44.0,0,0,0,0,0,1114.0,1.8428571428571427,0.9730700179533214
2003-02-04,1109,-1.2,-10.7,0.0,0.07,32.6,0,0,0,0,0,1114.0,1.9428571428571428,0.9955116696588869
2003-02-18,1210,2.4,-9.3,0.0,0.0,27.9,0,0,0,0,0,1114.0,5.542857142857143,1.0861759425493716
2003-02-25,1053,-10.5,-16.0,0.0,0.0,15.1,0,0,0,1,0,1114.0,-7.357142857142858,0.9452423698384201
2003-02-26,1223,-5.5,-11.7,0.0,0.0,10.5,0,0,0,1,0,1146.75,-2.357142857142857,1.066492260736865
2003-02-12,992,-7.9,-16.0,0.0,0.0,29.0,0,0,0,1,0,1146.75,-4.757142857142858,0.8650534118160017
2003-02-05,1136,-5.8,-13.7,0.0,0.0,19.3,0,0,0,1,0,1146.75,-2.657142857142857,0.9906256812731633
2003-02-19,1236,1.6,-4.4,0.0,0.0,26.0,0,0,0,0,0,1146.75,4.742857142857143,1.07782864617397
2003-02-27,1206,-5.1,-11.4,0.0,0.0,11.5,0,0,0,1,0,1209.5,-1.9571428571428569,0.9971062422488631
2003-02-06,1206,-1.4,-8.2,0.0,0.0,18.1,0,0,0,0,0,1209.5,1.7428571428571429,0.9971062422488631
2003-02-20,1249,5.5,-4.1,0.0,0.0,24.3,0,0,0,0,0,1209.5,8.642857142857142,1.0326581231914014
2003-02-13,1177,-3.0,-13.3,0.0,0.0,18.3,0,0,0,0,0,1209.5,0.1428571428571428,0.9731293923108723
2003-02-07,1160,-8.4,-12.3,0.0,0.0,21.7,0,0,0,1,0,1257.25,-5.257142857142858,0.9226486379001789
2003-02-14,1256,-2.1,-9.1,1.3,0.98,24.6,0,0,0,0,0,1257.25,1.0428571428571427,0.9990057665539869
2003-02-21,1335,3.4,-3.9,0.0,0.0,18.1,0,0,0,0,0,1257.25,6.542857142857143,1.0618413203420163
2003-02-28,1278,-1.8,-9.0,0.0,0.0,9.7,0,0,0,0,0,1257.25,1.3428571428571427,1.0165042752038178
2003-02-22,1121,-0.5,-9.1,0.0,0.0,41.5,0,0,0,0,0,1157.75,2.642857142857143,0.96825739581084
2003-02-08,1027,-2.1,-12.6,0.0,0.0,28.0,0,0,0,0,0,1157.75,1.0428571428571427,0.8870654286331245
2003-02-01,1411,0.3,-1.8,0.0,0.0,16.8,0,0,0,0,0,1157.75,3.4428571428571426,1.2187432519974088
2003-02-15,1072,-4.5,-11.6,1.2,1.12,34.5,0,0,0,0,0,1157.75,-1.3571428571428572,0.9259339235586267
2003-03-16,1255,12.3,3.7,0.0,0.0,17.8,0,0,0,0,0,1148.8,8.551612903225807,1.0924442896935933
2003-03-30,1181,1.4,-2.9,0.6,0.0,9.5,0,0,0,0,0,1148.8,-2.348387096774193,1.0280292479108635
2003-03-09,965,-9.0,-14.6,0.0,0.0,23.4,0,0,0,1,0,1148.8,-12.748387096774193,0.8400069637883009
2003-03-23,1285,8.7,2.0,0.0,0.0,14.1,0,0,0,0,0,1148.8,4.951612903225806,1.1185584958217272
2003-03-02,1058,-1.0,-15.4,0.4,0.56,34.0,0,0,0,0,0,1148.8,-4.748387096774193,0.9209610027855154
2003-03-17,1324,11.9,1.4,0.0,0.0,17.0,0,0,0,0,0,1254.0,8.151612903225807,1.0558213716108453
2003-03-31,1306,6.9,-2.4,1.5,0.0,26.0,0,0,0,0,0,1254.0,3.1516129032258076,1.0414673046251994
2003-03-03,1238,-3.6,-16.2,1.8,1.4,25.9,0,0,0,0,0,1254.0,-7.348387096774193,0.9872408293460925
2003-03-10,1201,-9.4,-18.3,0.0,0.0,22.1,0,0,0,1,0,1254.0,-13.148387096774194,0.9577352472089314
2003-03-24,1201,14.6,3.6,4.1,0.0,23.6,0,0,0,0,0,1254.0,10.851612903225806,0.9577352472089314
2003-03-04,1145,-1.5,-5.4,7.2,5.18,27.2,0,1,0,0,0,1269.5,-5.248387096774193,0.9019298936589208
2003-03-25,1362,8.6,3.1,6.2,0.0,19.5,0,0,0,0,0,1269.5,4.851612903225806,1.0728633320204806
2003-03-18,1252,3.3,1.3,0.0,0.0,27.0,0,0,0,0,0,1269.5,-0.448387096774193,0.9862150452934226
2003-03-11,1319,3.8,-12.2,0.0,0.0,26.7,0,0,0,0,0,1269.5,0.05161290322580703,1.038991729027176
2003-03-19,1283,6.0,1.4,12.1,0.0,27.7,1,0,0,0,0,1238.0,2.251612903225807,1.0363489499192247
2003-03-26,1330,9.8,-0.7,0.0,0.0,15.4,0,0,0,0,0,1238.0,6.0516129032258075,1.074313408723748
2003-03-12,1335,1.6,-1.3,0.6,0.0,20.4,0,0,0,0,0,1238.0,-2.1483870967741927,1.0783521809369951
2003-03-05,1004,-5.7,-9.7,5.1,3.71,29.2,0,1,0,1,0,1238.0,-9.448387096774193,0.8109854604200323
2003-03-20,1195,10.2,2.6,2.2,0.0,15.1,0,0,0,0,0,1257.75,6.451612903225806,0.9501093222023455
2003-03-13,1312,-1.1,-5.4,2.8,0.21,28.2,0,0,0,0,0,1257.75,-4.848387096774193,1.043132578016299
2003-03-06,1119,-5.0,-11.3,0.3,0.42,17.9,0,0,0,1,0,1257.75,-8.748387096774193,0.8896839594514013
2003-03-27,1405,9.6,1.3,0.4,0.0,22.0,0,0,0,0,0,1257.75,5.851612903225806,1.1170741403299542
2003-03-28,1171,10.7,2.2,6.6,0.0,28.0,0,0,0,0,0,1309.5,6.951612903225806,0.8942344406261932
2003-03-07,1351,0.9,-6.6,1.5,0.98,23.1,0,0,0,0,0,1309.5,-2.848387096774193,1.0316914852997328
2003-03-14,1455,6.4,-7.7,0.0,0.0,19.1,0,0,0,0,0,1309.5,2.6516129032258076,1.1111111111111112
2003-03-21,1261,5.6,2.1,3.2,0.0,28.3,0,0,0,0,0,1309.5,1.8516129032258068,0.9629629629629629
2003-03-15,1341,9.8,-1.1,0.0,0.0,18.1,0,0,0,0,0,1267.8,6.0516129032258075,1.057737813535258
2003-03-01,1461,1.5,-5.1,0.0,0.0,12.9,0,0,0,0,0,1267.8,-2.248387096774193,1.1523899668717463
2003-03-08,1150,2.8,-8.7,1.4,0.7,34.7,0,0,0,0,0,1267.8,-0.948387096774193,0.9070831361413473
2003-03-22,1210,4.3,1.5,0.0,0.0,22.8,0,0,0,0,0,1267.8,0.551612903225807,0.9544092128095915
2003-03-29,1177,1.8,-1.8,0.0,0.21,21.6,0,0,0,0,0,1267.8,-1.9483870967741928,0.9283798706420572
2003-04-13,1274,9.4,-0.2,0.0,0.0,20.4,0,0,0,0,0,1234.25,-0.009999999999999787,1.0322057929916955
2003-04-27,1280,17.3,3.9,0.0,0.0,19.9,0,0,0,0,0,1234.25,7.890000000000001,1.0370670447640267
2003-04-06,1146,2.4,-2.6,0.4,0.21,29.7,0,0,0,0,0,1234.25,-7.01,0.9284990885152927
2003-04-20,1237,14.8,9.8,5.9,0.0,28.8,0,0,0,0,0,1234.25,5.390000000000001,1.0022280737289853
2003-04-14,1350,18.4,6.8,0.0,0.0,29.6,0,0,0,0,0,1307.75,8.989999999999998,1.0323073982030204
2003-04-21,1273,9.7,5.8,0.1,0.0,26.1,0,0,0,0,0,1307.75,0.28999999999999915,0.9734276428981075
2003-04-07,1162,0.2,-1.0,13.0,9.03,33.1,1,1,0,0,0,1307.75,-9.21,0.8885490346014147
2003-04-28,1446,17.5,8.9,0.1,0.0,20.8,0,0,0,0,0,1307.75,8.09,1.1057159242974575
2003-04-01,1611,16.5,5.5,0.0,0.0,30.7,0,0,0,0,0,1400.4,7.09,1.1503856041131104
2003-04-29,1363,10.2,5.9,1.0,0.0,19.8,0,0,0,0,0,1400.4,0.7899999999999991,0.9732933447586404
2003-04-22,1314,5.8,2.1,0.0,0.0,21.4,0,0,0,0,0,1400.4,-3.6100000000000003,0.9383033419023136
2003-04-08,1273,-0.5,-1.3,0.3,0.91,25.0,0,0,0,0,0,1400.4,-9.91,0.9090259925735503
2003-04-15,1441,19.9,13.2,0.0,0.0,31.6,0,0,0,0,0,1400.4,10.489999999999998,1.028991716652385
2003-04-02,1356,14.6,1.4,0.0,0.0,20.7,0,0,0,0,0,1354.4,5.1899999999999995,1.0011813349084464
2003-04-16,1367,15.4,5.5,0.1,0.0,30.4,0,0,0,0,0,1354.4,5.99,1.0093030124040165
2003-04-09,1368,1.4,-2.1,0.0,0.0,16.4,0,0,0,0,0,1354.4,-8.01,1.0100413467217955
2003-04-30,1305,16.3,7.0,8.5,0.0,23.7,0,0,0,0,0,1354.4,6.890000000000001,0.9635262847017129
2003-04-23,1376,5.6,1.3,0.0,0.0,13.5,0,0,0,0,0,1354.4,-3.8100000000000005,1.0159480212640284
2003-04-24,1349,10.6,3.2,0.2,0.0,16.1,0,0,0,0,0,1324.0,1.1899999999999995,1.0188821752265862
2003-04-17,1203,7.3,4.5,0.3,0.0,28.4,0,0,0,0,0,1324.0,-2.1100000000000003,0.9086102719033232
2003-04-03,1290,6.1,1.4,2.3,0.0,20.3,0,0,0,0,0,1324.0,-3.3100000000000005,0.974320241691843
2003-04-10,1454,5.5,-1.7,0.0,0.0,9.0,0,0,0,0,0,1324.0,-3.91,1.0981873111782476
2003-04-25,1435,8.6,4.6,0.0,0.0,26.6,0,0,0,0,0,1340.5,-0.8100000000000005,1.0704960835509139
2003-04-04,1248,6.6,-0.5,17.3,0.0,26.3,1,0,0,0,0,1340.5,-2.8100000000000005,0.9309958970533383
2003-04-11,1336,10.1,-0.3,0.0,0.0,18.0,0,0,0,0,0,1340.5,0.6899999999999995,0.9966430436404327
2003-04-18,1343,5.2,2.9,1.1,0.0,18.9,0,0,0,0,0,1340.5,-4.21,1.001864975755315
2003-04-19,1363,17.2,4.9,6.5,0.0,25.6,0,0,0,0,0,1297.25,7.789999999999999,1.0506841395259203
2003-04-12,1384,3.5,0.7,0.0,0.0,24.2,0,0,0,0,0,1297.25,-5.91,1.0668722297167084
2003-04-05,1113,-0.3,-3.5,0.0,0.07,29.9,0,0,0,0,0,1297.25,-9.71,0.8579687801117749
2003-04-26,1329,7.0,3.7,0.0,0.0,21.7,0,0,0,0,0,1297.25,-2.41,1.0244748506455965
2003-05-25,1284,13.6,9.6,0.0,0.0,20.0,0,0,0,0,0,1180.25,-1.0451612903225804,1.0879051048506672
2003-05-11,1112,18.1,9.5,23.3,0.0,54.1,1,0,0,0,1,1180.25,3.4548387096774213,0.9421732683753442
2003-05-18,1217,17.1,11.1,0.0,0.0,19.0,0,0,0,0,0,1180.25,2.4548387096774213,1.0311374708748147
2003-05-04,1108,12.4,4.1,4.5,0.0,26.0,0,0,0,0,0,1180.25,-2.2451612903225797,0.9387841558991739
2003-05-26,1172,15.0,10.3,0.0,0.0,20.8,0,0,0,0,0,1332.25,0.35483870967741993,0.8797147682492025
2003-05-05,1416,18.5,9.9,14.0,0.0,28.4,1,0,0,0,0,1332.25,3.85483870967742,1.062863576656033
2003-05-19,1389,18.7,14.7,1.0,0.0,20.2,0,0,0,0,0,1332.25,4.054838709677419,1.0425971101519984
2003-05-12,1352,14.2,9.5,0.0,0.0,36.6,0,0,0,0,0,1332.25,-0.4451612903225808,1.014824544942766
2003-05-06,1388,13.8,8.4,0.0,0.0,21.2,0,0,0,0,0,1380.75,-0.8451612903225794,1.0052507695093247
2003-05-27,1393,16.8,10.8,0.0,0.0,14.2,0,0,0,0,0,1380.75,2.1548387096774206,1.008871989860583
2003-05-20,1392,18.3,9.5,4.0,0.0,25.2,0,0,0,0,0,1380.75,3.6548387096774206,1.0081477457903314
2003-05-13,1350,16.4,10.0,0.0,0.0,19.5,0,0,0,0,0,1380.75,1.7548387096774185,0.977729494839761
2003-05-14,1291,12.8,10.2,10.2,0.0,20.2,1,0,0,0,0,1334.75,-1.8451612903225794,0.9672223262783293
2003-05-21,1337,10.0,7.8,0.0,0.0,20.7,0,0,0,0,0,1334.75,-4.64516129032258,1.0016857089342575
2003-05-07,1432,12.6,7.4,4.1,0.0,24.2,0,0,0,0,0,1334.75,-2.0451612903225804,1.0728600861584567
2003-05-28,1279,20.3,13.6,3.6,0.0,28.3,0,0,0,0,0,1334.75,5.654838709677421,0.9582318786289568
2003-05-29,1303,14.6,12.5,0.7,0.0,28.1,0,0,0,0,0,1344.6,-0.04516129032258043,0.9690614309088206
2003-05-01,1352,10.4,6.0,15.9,0.0,19.5,1,0,0,0,0,1344.6,-4.24516129032258,1.0055034954633348
2003-05-22,1340,12.1,8.2,0.0,0.0,15.8,0,0,0,0,0,1344.6,-2.5451612903225804,0.9965789082254947
2003-05-15,1436,10.6,8.7,1.7,0.0,22.4,0,0,0,0,0,1344.6,-4.04516129032258,1.0679756061282166
2003-05-08,1292,12.3,7.2,0.6,0.0,20.2,0,0,0,0,0,1344.6,-2.3451612903225794,0.9608805592741336
2003-05-23,1386,12.6,8.8,0.6,0.0,13.9,0,0,0,0,0,1413.4,-2.0451612903225804,0.9806141219753784
2003-05-30,1423,18.6,11.2,12.4,0.0,23.4,1,0,0,0,0,1413.4,3.9548387096774213,1.0067921324465827
2003-05-16,1508,12.2,8.0,0.0,0.0,14.0,0,0,0,0,0,1413.4,-2.445161290322581,1.0669308051507003
2003-05-02,1361,7.0,4.2,0.0,0.0,26.4,0,0,0,0,0,1413.4,-7.64516129032258,0.9629262770624026
2003-05-09,1389,23.7,11.6,24.8,0.0,30.1,1,0,0,0,0,1413.4,9.05483870967742,0.9827366633649356
2003-05-24,1346,15.1,9.1,0.0,0.0,19.1,0,0,0,0,0,1298.8,0.4548387096774196,1.036341238065907
2003-05-10,1341,18.3,12.1,16.7,0.0,20.2,1,0,0,0,0,1298.8,3.6548387096774206,1.032491530643671
2003-05-03,1180,7.7,3.9,0.0,0.0,16.3,0,0,0,0,0,1298.8,-6.94516129032258,0.9085309516476748
2003-05-17,1345,14.1,9.0,0.0,0.0,21.3,0,0,0,0,0,1298.8,-0.5451612903225804,1.0355712965814599
2003-05-31,1282,16.1,7.6,0.8,0.0,39.3,0,0,0,0,0,1298.8,1.4548387096774213,0.9870649830612874
2003-06-08,1297,18.1,14.3,5.9,0.0,25.2,0,0,0,0,0,1350.8,-3.439999999999994,0.9601717500740302
2003-06-15,1335,19.0,14.7,0.0,0.0,16.6,0,0,0,0,0,1350.8,-2.5399999999999956,0.9883032277169085
2003-06-22,1259,26.2,16.5,0.0,0.0,12.8,0,0,0,0,0,1350.8,4.660000000000004,0.932040272431152
2003-06-01,1493,13.2,6.6,0.0,0.0,20.8,0,0,0,0,0,1350.8,-8.339999999999996,1.1052709505478235
2003-06-29,1370,26.5,19.0,0.0,0.0,18.4,0,0,0,0,0,1350.8,4.960000000000004,1.014213799230086
2003-06-16,1333,20.5,16.2,0.0,0.0,16.6,0,0,0,0,0,1357.2,-1.0399999999999956,0.9821691718243442
2003-06-30,1337,26.2,19.4,0.0,0.0,14.0,0,0,0,0,0,1357.2,4.660000000000004,0.9851164161508988
2003-06-02,1384,17.2,9.0,1.5,0.0,12.0,0,0,0,0,0,1357.2,-4.339999999999996,1.0197465369879162
2003-06-23,1364,27.9,18.5,0.0,0.0,16.9,0,0,0,0,0,1357.2,6.360000000000003,1.0050103153551428
2003-06-09,1368,22.0,12.9,0.0,0.0,16.2,0,0,0,0,0,1357.2,0.4600000000000044,1.0079575596816976
2003-06-17,1348,21.8,15.8,0.0,0.0,12.5,0,0,0,0,0,1394.0,0.2600000000000051,0.9670014347202296
2003-06-03,1374,14.4,11.9,4.3,0.0,23.4,0,0,0,0,0,1394.0,-7.139999999999995,0.9856527977044476
2003-06-10,1499,21.7,17.5,2.1,0.0,30.9,0,0,0,0,0,1394.0,0.1600000000000037,1.07532281205165
2003-06-24,1355,29.8,21.0,0.0,0.0,22.1,0,0,0,0,0,1394.0,8.260000000000005,0.9720229555236729
2003-06-25,1368,29.7,22.3,0.0,0.0,23.6,0,0,0,0,0,1352.5,8.160000000000004,1.011460258780037
2003-06-04,1343,14.8,11.6,0.0,0.0,17.2,0,0,0,0,0,1352.5,-6.739999999999995,0.9929759704251386
2003-06-18,1399,28.0,17.0,12.9,0.0,18.4,1,0,0,0,0,1352.5,6.460000000000004,1.034380776340111
2003-06-11,1300,18.8,12.6,0.0,0.0,21.2,0,0,0,0,0,1352.5,-2.739999999999995,0.9611829944547134
2003-06-05,1267,21.7,11.1,0.0,0.0,15.3,0,0,0,0,0,1321.25,0.1600000000000037,0.9589403973509933
2003-06-26,1328,25.4,19.2,3.5,0.0,28.0,0,0,0,0,0,1321.25,3.860000000000003,1.0051087984862819
2003-06-12,1357,16.7,13.3,0.0,0.0,15.4,0,0,0,0,0,1321.25,-4.839999999999996,1.0270577105014191
2003-06-19,1333,17.9,13.3,0.0,0.0,33.2,0,0,0,0,0,1321.25,-3.639999999999997,1.0088930936613056
2003-06-27,1362,25.9,16.1,0.0,0.0,21.1,0,0,0,0,0,1397.75,4.360000000000003,0.9744231801108925
2003-06-20,1451,18.9,12.3,0.0,0.0,19.9,0,0,0,0,0,1397.75,-2.639999999999997,1.038096941513146
2003-06-13,1364,17.8,15.2,0.0,0.0,11.8,0,0,0,0,0,1397.75,-3.739999999999995,0.9758540511536398
2003-06-06,1414,19.4,14.1,2.8,0.0,19.2,0,0,0,0,0,1397.75,-2.139999999999997,1.0116258272223215
2003-06-21,1289,22.0,14.1,0.0,0.0,15.5,0,0,0,0,0,1354.25,0.4600000000000044,0.9518183496400221
2003-06-07,1385,20.3,13.9,0.0,0.0,18.8,0,0,0,0,0,1354.25,-1.2399999999999949,1.022706294997231
2003-06-28,1396,25.0,18.8,4.9,0.0,23.2,0,0,0,0,0,1354.25,3.4600000000000044,1.0308288720694112
2003-06-14,1347,19.4,14.8,0.0,0.0,19.3,0,0,0,0,0,1354.25,-2.139999999999997,0.9946464832933358
2003-07-20,1370,28.3,20.5,0.2,0.0,21.7,0,0,0,0,0,1353.25,2.4806451612903118,1.0123776094587105
2003-07-27,1339,26.7,21.9,0.6,0.0,24.7,0,0,0,0,0,1353.25,0.8806451612903103,0.9894697949381119
2003-07-13,1427,25.5,18.3,0.0,0.0,9.5,0,0,0,0,0,1353.25,-0.31935483870968895,1.0544984297062627
2003-07-06,1277,29.0,21.5,16.1,0.0,25.5,1,0,0,0,0,1353.25,3.180645161290311,0.9436541658969149
2003-07-28,1480,21.6,19.2,0.0,0.0,18.6,0,0,0,0,0,1429.0,-4.2193548387096875,1.0356892932120363
2003-07-07,1410,29.8,22.3,2.6,0.0,26.2,0,0,0,0,0,1429.0,3.9806451612903118,0.986703988803359
2003-07-21,1386,24.7,19.6,6.2,0.0,20.5,0,0,0,0,0,1429.0,-1.1193548387096897,0.9699090272918125
2003-07-14,1440,27.2,19.5,0.0,0.0,17.9,0,0,0,0,0,1429.0,1.3806451612903103,1.0076976906927921
2003-07-22,1344,20.1,17.4,3.3,0.0,27.6,0,0,0,0,0,1422.8,-5.7193548387096875,0.9446162496485803
2003-07-15,1470,28.4,20.7,7.8,0.0,28.4,0,0,0,0,0,1422.8,2.5806451612903096,1.0331740230531348
2003-07-08,1290,26.0,19.8,19.5,0.0,19.9,1,0,0,0,0,1422.8,0.18064516129031105,0.9066629181894855
2003-07-01,1568,26.4,20.6,0.0,0.0,18.0,0,0,0,0,0,1422.8,0.5806451612903096,1.102052291256677
2003-07-29,1442,24.2,17.4,0.0,0.0,8.6,0,0,0,0,0,1422.8,-1.6193548387096897,1.0134945178521226
2003-07-16,1426,25.4,18.6,0.0,0.0,16.6,0,0,0,0,0,1376.0,-0.41935483870969037,1.0363372093023255
2003-07-02,1336,26.9,20.5,0.0,0.0,14.8,0,0,0,0,0,1376.0,1.0806451612903096,0.9709302325581395
2003-07-30,1430,26.0,18.8,0.0,0.0,13.2,0,0,0,0,0,1376.0,0.18064516129031105,1.0392441860465116
2003-07-09,1309,22.5,19.0,10.9,0.0,15.9,1,0,0,0,0,1376.0,-3.319354838709689,0.9513081395348837
2003-07-23,1379,20.2,17.7,0.1,0.0,23.2,0,0,0,0,0,1376.0,-5.61935483870969,1.0021802325581395
2003-07-10,1342,25.3,19.7,4.6,0.0,29.6,0,0,0,0,0,1363.4,-0.5193548387096882,0.9843039460173096
2003-07-24,1378,23.6,16.7,0.0,0.0,13.4,0,0,0,0,0,1363.4,-2.2193548387096875,1.0107085228106205
2003-07-03,1331,30.9,21.6,0.0,0.0,22.7,0,0,1,0,0,1363.4,5.08064516129031,0.9762358808860202
2003-07-17,1361,28.5,20.9,13.1,0.0,17.1,1,0,0,0,0,1363.4,2.680645161290311,0.9982396948804458
2003-07-31,1405,27.7,19.8,0.0,0.0,15.5,0,0,0,0,0,1363.4,1.8806451612903103,1.0305119554056035
2003-07-25,1437,26.0,18.5,0.0,0.0,23.0,0,0,0,0,0,1412.25,0.18064516129031105,1.0175252257036644
2003-07-04,1301,32.0,24.6,0.9,0.0,23.0,0,0,1,0,0,1412.25,6.180645161290311,0.9212249955744379
2003-07-18,1429,21.9,18.9,0.1,0.0,22.1,0,0,0,0,0,1412.25,-3.9193548387096904,1.011860506284298
2003-07-11,1482,22.5,17.2,1.6,0.0,32.8,0,0,0,0,0,1412.25,-3.319354838709689,1.0493892724375995
2003-07-12,1419,23.8,17.3,0.0,0.0,10.5,0,0,0,0,0,1457.25,-2.0193548387096882,0.9737519300051467
2003-07-26,1481,26.3,20.8,0.0,0.0,30.8,0,0,0,0,0,1457.25,0.48064516129031176,1.0162978212386344
2003-07-19,1557,25.2,17.2,0.0,0.0,12.8,0,0,0,0,0,1457.25,-0.6193548387096897,1.0684508492022646
2003-07-05,1372,27.8,22.3,3.9,0.0,19.0,0,0,0,0,0,1457.25,1.9806451612903118,0.9414993995539543
2003-08-03,1307,23.7,19.3,7.1,0.0,14.2,0,0,0,0,0,1326.8,-2.5516129032258057,0.9850768766958095
2003-08-17,1361,26.2,23.3,0.0,0.0,20.0,0,0,0,0,0,1326.8,-0.051612903225805695,1.0257763038890564
2003-08-24,1368,28.7,19.2,0.0,0.0,25.4,0,0,0,0,0,1326.8,2.4483870967741943,1.0310521555622552
2003-08-31,1190,19.6,18.0,9.2,0.0,17.2,0,0,0,0,0,1326.8,-6.651612903225804,0.8968947844437746
2003-08-10,1408,25.5,19.2,0.0,0.0,14.5,0,0,0,0,0,1326.8,-0.751612903225805,1.0611998794091047
2003-08-18,1417,26.1,19.8,0.0,0.0,12.7,0,0,0,0,0,1404.0,-0.15161290322580356,1.0092592592592593
2003-08-04,1363,22.6,18.6,2.9,0.0,14.2,0,0,0,0,0,1404.0,-3.6516129032258036,0.9707977207977208
2003-08-25,1477,31.0,22.7,0.0,0.0,20.6,0,0,1,0,0,1404.0,4.748387096774195,1.0519943019943019
2003-08-11,1359,23.9,20.6,7.8,0.0,26.4,0,0,0,0,0,1404.0,-2.3516129032258064,0.967948717948718
2003-08-26,1391,32.8,25.4,0.5,0.0,24.7,0,0,1,0,0,1433.75,6.548387096774192,0.9701830863121186
2003-08-12,1387,22.2,19.4,2.3,0.0,24.6,0,0,0,0,0,1433.75,-4.051612903225806,0.9673931996512641
2003-08-19,1437,27.6,19.8,0.0,0.0,14.3,0,0,0,0,0,1433.75,1.3483870967741964,1.0022667829119443
2003-08-05,1520,24.2,20.0,0.1,0.0,10.3,0,0,0,0,0,1433.75,-2.0516129032258057,1.060156931124673
2003-08-20,1475,29.8,20.5,0.0,0.0,20.0,0,0,0,0,0,1459.5,3.5483870967741957,1.0106200753682768
2003-08-27,1425,27.1,21.6,0.0,0.0,22.9,0,0,0,0,0,1459.5,0.8483870967741964,0.9763617677286742
2003-08-13,1475,24.5,19.8,0.0,0.0,15.5,0,0,0,0,0,1459.5,-1.751612903225805,1.0106200753682768
2003-08-06,1463,25.5,21.0,0.1,0.0,8.4,0,0,0,0,0,1459.5,-0.751612903225805,1.0023980815347722
2003-08-07,1427,23.9,20.7,0.9,0.0,21.4,0,0,0,0,0,1472.25,-2.3516129032258064,0.9692647308541348
2003-08-28,1334,31.1,19.4,0.0,0.0,20.8,0,0,1,0,0,1472.25,4.848387096774196,0.9060961113941246
2003-08-21,1683,31.6,24.2,0.4,0.0,24.4,0,0,1,0,0,1472.25,5.348387096774196,1.143148242485991
2003-08-14,1445,27.7,22.4,0.3,0.0,11.2,0,0,0,0,0,1472.25,1.4483870967741943,0.9814909152657497
2003-08-08,1500,22.2,20.2,1.2,0.0,24.5,0,0,0,0,0,1523.6,-4.051612903225806,0.9845103701758993
2003-08-29,1600,26.0,22.4,11.8,0.0,20.4,1,0,0,0,0,1523.6,-0.251612903225805,1.0501443948542926
2003-08-15,1507,29.9,23.3,0.1,0.0,12.8,0,0,0,0,0,1523.6,3.6483870967741936,0.9891047519033868
2003-08-01,1613,28.4,21.6,5.6,0.0,20.1,0,0,0,0,0,1523.6,2.1483870967741936,1.0586768180624837
2003-08-22,1398,26.1,22.1,0.0,0.0,23.2,0,0,0,0,0,1523.6,-0.15161290322580356,0.917563665003938
2003-08-16,1492,30.7,24.2,0.0,0.0,18.8,0,0,1,0,0,1388.0,4.448387096774194,1.07492795389049
2003-08-09,1294,22.2,19.8,0.4,0.0,20.2,0,0,0,0,0,1388.0,-4.051612903225806,0.9322766570605188
2003-08-23,1389,23.8,20.3,0.0,0.0,14.4,0,0,0,0,0,1388.0,-2.4516129032258043,1.0007204610951008
2003-08-02,1365,26.9,19.9,0.0,0.0,14.6,0,0,0,0,0,1388.0,0.6483870967741936,0.9834293948126801
2003-08-30,1400,22.3,19.3,0.0,0.0,21.1,0,0,0,0,0,1388.0,-3.9516129032258043,1.0086455331412103
2003-09-07,1440,26.9,18.3,0.0,0.0,13.8,0,0,0,0,0,1363.0,5.876666666666669,1.0564930300807043
2003-09-21,1374,22.5,14.6,0.0,0.0,22.9,0,0,0,0,0,1363.0,1.4766666666666701,1.008070432868672
2003-09-14,1351,22.0,18.2,8.8,0.0,23.8,0,0,0,0,0,1363.0,0.9766666666666701,0.9911958914159942
2003-09-28,1287,12.5,9.5,0.1,0.0,24.8,0,0,0,0,0,1363.0,-8.52333333333333,0.9442406456346295
2003-09-08,1326,26.0,19.6,0.0,0.0,11.6,0,0,0,0,0,1331.8,4.97666666666667,0.9956449917405016
2003-09-15,1460,21.3,15.4,0.0,0.0,22.2,0,0,0,0,0,1331.8,0.27666666666667084,1.0962606998047755
2003-09-01,1334,18.4,17.0,10.6,0.0,22.9,1,0,0,0,0,1331.8,-2.6233333333333313,1.0016518996846373
2003-09-22,1292,19.2,15.4,10.9,0.0,23.2,1,0,0,0,0,1331.8,-1.8233333333333306,0.9701156329779247
2003-09-29,1247,12.9,6.9,0.1,0.0,20.1,0,0,0,0,0,1331.8,-8.12333333333333,0.9363267757921611
2003-09-16,1405,25.3,14.5,0.0,0.0,20.3,0,0,0,0,0,1422.6,4.276666666666671,0.9876282862364685
2003-09-30,1223,11.8,6.9,0.0,0.0,24.8,0,0,0,0,0,1422.6,-9.22333333333333,0.8596935189090399
2003-09-23,1622,18.6,11.4,0.7,0.0,23.2,0,0,0,0,0,1422.6,-2.4233333333333285,1.1401658934345564
2003-09-09,1457,25.0,20.4,0.0,0.0,16.1,0,0,0,0,0,1422.6,3.97666666666667,1.024181076901448
2003-09-02,1406,21.6,17.5,0.0,0.0,17.3,0,0,0,0,0,1422.6,0.5766666666666715,0.9883312245184873
2003-09-03,1336,25.0,16.7,0.4,0.0,25.3,0,0,0,0,0,1370.75,3.97666666666667,0.9746489148276491
2003-09-24,1396,21.4,14.6,13.9,0.0,27.2,1,0,0,0,0,1370.75,0.3766666666666687,1.0184205726791902
2003-09-17,1327,24.9,16.7,0.0,0.0,23.5,0,0,0,0,0,1370.75,3.8766666666666687,0.968083166149918
2003-09-10,1424,25.4,19.1,0.0,0.0,19.1,0,0,0,0,0,1370.75,4.376666666666669,1.0388473463432428
2003-09-11,1457,26.0,19.8,0.0,0.0,25.1,0,0,0,0,0,1379.0,4.97666666666667,1.056562726613488
2003-09-25,1327,14.0,10.1,0.0,0.0,23.7,0,0,0,0,0,1379.0,-7.02333333333333,0.962291515591008
2003-09-04,1346,19.8,17.0,0.0,0.0,24.0,0,0,0,0,0,1379.0,-1.2233333333333292,0.9760696156635243
2003-09-18,1386,24.3,17.2,0.0,0.0,21.2,0,0,0,0,0,1379.0,3.276666666666671,1.0050761421319796
2003-09-19,1453,19.8,14.4,0.0,0.0,28.9,0,0,0,0,0,1403.25,-1.2233333333333292,1.0354534117227865
2003-09-05,1373,20.3,14.7,0.0,0.0,12.6,0,0,0,0,0,1403.25,-0.7233333333333292,0.978442900409763
2003-09-12,1530,24.8,18.1,0.0,0.0,24.8,0,0,0,0,0,1403.25,3.776666666666671,1.0903260288615713
2003-09-26,1257,17.5,11.4,9.7,0.0,28.1,0,0,0,0,0,1403.25,-3.52333333333333,0.8957776590058792
2003-09-06,1589,24.2,15.5,0.0,0.0,14.1,0,0,0,0,0,1397.5,3.1766666666666694,1.1370304114490162
2003-09-20,1348,18.4,11.3,0.0,0.0,12.3,0,0,0,0,0,1397.5,-2.6233333333333313,0.9645796064400716
2003-09-13,1465,26.3,20.3,0.5,0.0,21.5,0,0,0,0,0,1397.5,5.276666666666671,1.0483005366726297
2003-09-27,1188,14.6,10.0,0.0,0.0,26.7,0,0,0,0,0,1397.5,-6.42333333333333,0.8500894454382827
2003-10-05,1224,12.7,7.7,0.0,0.0,11.4,0,0,0,0,0,1249.75,-2.0000000000000018,0.9793958791758351
2003-10-19,1247,14.7,11.1,0.0,0.0,19.6,0,0,0,0,0,1249.75,-1.7763568394002505e-15,0.9977995599119824
2003-10-12,1262,18.4,11.2,2.1,0.0,26.7,0,0,0,0,0,1249.75,3.6999999999999975,1.0098019603920785
2003-10-26,1266,10.5,4.3,0.0,0.0,19.0,0,0,0,0,0,1249.75,-4.200000000000001,1.013002600520104
2003-10-27,1301,6.1,4.0,0.0,0.0,20.2,0,0,0,0,0,1372.75,-8.600000000000001,0.9477326534328901
2003-10-06,1419,13.6,7.1,0.0,0.0,12.0,0,0,0,0,0,1372.75,-1.1000000000000014,1.033691495173921
2003-10-20,1441,22.6,12.2,0.0,0.0,30.2,0,0,0,0,0,1372.75,7.9,1.0497177199052996
2003-10-13,1330,19.0,10.3,0.2,0.0,17.1,0,0,0,0,0,1372.75,4.299999999999999,0.9688581314878892
2003-10-07,1380,20.9,9.9,0.0,0.0,18.5,0,0,0,0,0,1342.25,6.1999999999999975,1.0281244179549265
2003-10-28,1333,10.8,6.1,2.7,0.0,29.5,0,0,0,0,0,1342.25,-3.9000000000000004,0.9931085863289253
2003-10-21,1388,17.6,11.1,0.0,0.0,24.1,0,0,0,0,0,1342.25,2.9000000000000004,1.0340845595082884
2003-10-14,1268,14.0,11.1,17.2,0.0,34.4,1,0,0,0,0,1342.25,-0.7000000000000011,0.94468243620786
2003-10-29,1352,8.6,4.1,0.8,0.0,22.1,0,0,0,0,0,1425.6,-6.100000000000001,0.9483726150392817
2003-10-22,1374,10.8,8.5,0.9,0.0,21.0,0,0,0,0,0,1425.6,-3.9000000000000004,0.9638047138047139
2003-10-01,1548,10.9,5.8,0.0,0.0,23.5,0,0,0,0,0,1425.6,-3.8000000000000007,1.0858585858585859
2003-10-08,1531,21.7,13.4,0.0,0.0,16.4,0,0,0,0,0,1425.6,6.999999999999998,1.0739337822671158
2003-10-15,1323,15.2,8.3,0.0,0.0,23.6,0,0,0,0,0,1425.6,0.4999999999999982,0.9280303030303031
2003-10-02,1369,9.5,4.4,0.0,0.0,21.3,0,0,0,0,0,1458.8,-5.200000000000001,0.9384425555250892
2003-10-16,1701,12.2,7.6,0.0,0.0,16.2,0,0,0,0,0,1458.8,-2.5000000000000018,1.1660268714011517
2003-10-23,1368,10.6,6.9,0.1,0.0,15.5,0,0,0,0,0,1458.8,-4.100000000000001,0.9377570605977517
2003-10-30,1338,17.4,6.9,0.0,0.0,28.8,0,0,0,0,0,1458.8,2.6999999999999975,0.9171922127776255
2003-10-09,1518,19.7,13.6,0.0,0.0,13.1,0,0,0,0,0,1458.8,4.999999999999998,1.0405812996983823
2003-10-10,1435,19.8,12.9,0.0,0.0,15.0,0,0,0,0,0,1504.4,5.1,0.9538686519542674
2003-10-17,1751,11.5,6.3,0.0,0.0,12.8,0,0,0,0,0,1504.4,-3.200000000000001,1.1639191704333953
2003-10-03,1347,11.8,6.6,2.6,0.0,32.9,0,0,0,0,0,1504.4,-2.9000000000000004,0.8953735708588141
2003-10-24,1465,14.0,6.4,2.4,0.0,20.2,0,0,0,0,0,1504.4,-0.7000000000000011,0.973810156873172
2003-10-31,1524,16.4,10.4,0.6,0.0,27.1,0,0,0,0,0,1504.4,1.6999999999999975,1.013028449880351
2003-10-25,1378,13.4,9.1,12.9,0.0,17.1,1,0,0,0,0,1381.75,-1.3000000000000007,0.9972860502985345
2003-10-11,1390,21.4,15.0,0.0,0.0,26.3,0,0,0,0,0,1381.75,6.6999999999999975,1.005970689343224
2003-10-18,1323,17.0,7.8,0.0,0.0,25.6,0,0,0,0,0,1381.75,2.299999999999999,0.9574814546770399
2003-10-04,1436,12.9,7.1,0.0,0.0,19.5,0,0,0,0,0,1381.75,-1.8000000000000007,1.0392618056812013
2003-11-02,1145,12.4,9.4,22.6,0.0,15.8,1,0,0,0,0,1169.2,3.726666666666665,0.9793020868970236
2003-11-16,1084,7.3,5.3,0.6,0.0,9.1,0,0,0,0,0,1169.2,-1.3733333333333357,0.9271296613068765
2003-11-09,1076,3.1,-1.7,0.0,0.0,14.8,0,0,0,0,0,1169.2,-5.573333333333336,0.9202873759835785
2003-11-30,1395,9.1,3.1,0.0,0.0,30.4,0,0,0,0,0,1169.2,0.4266666666666641,1.1931235032500855
2003-11-23,1146,15.3,1.9,17.7,0.0,32.6,1,0,0,0,0,1169.2,6.626666666666665,0.9801573725624358
2003-11-03,1346,11.5,10.0,26.4,0.0,25.7,1,0,0,0,0,1262.25,2.8266666666666644,1.0663497722321251
2003-11-24,1188,1.4,-4.8,0.0,0.07,41.6,0,0,0,0,0,1262.25,-7.273333333333335,0.9411764705882353
2003-11-10,1289,8.9,0.8,0.5,0.0,21.8,0,0,0,0,0,1262.25,0.2266666666666648,1.0211923153099625
2003-11-17,1226,10.9,4.9,0.0,0.0,24.7,0,0,0,0,0,1262.25,2.226666666666665,0.9712814418696771
2003-11-25,1173,4.2,-2.5,0.0,0.0,32.0,0,0,0,0,0,1277.5,-4.473333333333335,0.9181996086105675
2003-11-04,1365,17.8,11.5,10.8,0.0,25.2,1,0,0,0,0,1277.5,9.126666666666665,1.0684931506849316
2003-11-18,1201,13.5,9.3,72.9,0.0,30.8,1,0,0,0,0,1277.5,4.826666666666664,0.9401174168297456
2003-11-11,1371,11.2,8.2,1.7,0.0,21.2,0,0,0,0,0,1277.5,2.5266666666666637,1.0731898238747555
2003-11-26,1286,6.3,0.7,0.0,0.0,19.2,0,0,0,0,0,1315.25,-2.3733333333333357,0.9777608819616043
2003-11-19,1357,11.4,4.6,0.0,0.0,30.1,0,0,0,0,0,1315.25,2.726666666666665,1.0317430146360007
2003-11-12,1275,12.9,3.2,0.4,0.0,46.8,0,0,0,0,1,1315.25,4.226666666666665,0.9693974529557119
2003-11-05,1343,11.3,4.1,5.9,0.0,21.6,0,0,0,0,0,1315.25,2.626666666666665,1.0210986504466832
2003-11-27,1009,6.8,4.1,1.6,0.0,17.7,0,0,0,0,0,1244.75,-1.8733333333333357,0.810604539064069
2003-11-20,1470,14.7,4.0,0.0,0.0,32.1,0,0,0,0,0,1244.75,6.026666666666664,1.180960032134967
2003-11-06,1308,5.3,2.7,0.0,0.0,17.7,0,0,0,0,0,1244.75,-3.3733333333333357,1.0508134163486644
2003-11-13,1192,3.1,0.2,0.0,0.0,41.4,0,0,0,0,0,1244.75,-5.573333333333336,0.9576220124522996
2003-11-28,1102,4.8,-1.2,0.3,0.28,31.5,0,0,0,0,0,1285.75,-3.8733333333333357,0.8570873031304685
2003-11-21,1409,10.6,6.2,0.0,0.0,27.0,0,0,0,0,0,1285.75,1.926666666666664,1.095858448376434
2003-11-14,1370,7.8,-0.2,0.0,0.0,22.8,0,0,0,0,0,1285.75,-0.8733333333333357,1.0655259576122886
2003-11-07,1262,5.1,-0.2,0.0,0.0,21.1,0,0,0,0,0,1285.75,-3.573333333333336,0.9815282908808088
2003-11-29,1172,3.0,-2.9,0.0,0.0,33.3,0,0,0,0,0,1333.8,-5.673333333333336,0.8786924576398261
2003-11-01,1655,10.3,8.1,1.2,0.0,12.9,0,0,0,0,0,1333.8,1.6266666666666652,1.240815714499925
2003-11-08,1219,1.9,-0.9,0.0,0.0,19.3,0,0,0,0,0,1333.8,-6.773333333333335,0.9139301244564403
2003-11-15,1279,5.5,3.8,0.5,0.0,19.7,0,0,0,0,0,1333.8,-3.1733333333333356,0.9589143799670116
2003-11-22,1344,12.8,7.4,0.6,0.0,22.8,0,0,0,0,0,1333.8,4.126666666666665,1.007647323436797
2003-12-07,1186,3.4,-0.5,0.0,0.0,19.6,0,0,0,0,0,1137.0,0.7806451612903227,1.0430958663148637
2003-12-14,1076,-0.4,-2.9,0.3,0.56,17.5,0,0,0,0,0,1137.0,-3.019354838709677,0.9463500439753738
2003-12-28,1169,7.8,5.0,2.6,0.0,33.4,0,0,0,0,0,1137.0,5.180645161290323,1.0281442392260334
2003-12-21,1117,5.8,-3.1,0.0,0.0,31.5,0,0,0,0,0,1137.0,3.1806451612903226,0.9824098504837291
2003-12-15,1226,3.3,-3.5,0.0,0.0,30.1,0,0,0,0,0,1230.6,0.6806451612903226,0.9962619860230782
2003-12-22,1150,5.5,1.8,0.0,0.0,28.0,0,0,0,0,0,1230.6,2.8806451612903228,0.9345034942304568
2003-12-29,1175,6.3,-0.1,0.8,0.0,24.3,0,0,0,0,0,1230.6,3.6806451612903226,0.9548187875832927
2003-12-01,1417,4.6,0.2,0.0,0.0,33.3,0,0,0,0,0,1230.6,1.9806451612903224,1.1514708272387455
2003-12-08,1185,5.8,1.8,0.0,0.0,20.3,0,0,0,0,0,1230.6,3.1806451612903226,0.9629449049244272
2003-12-23,1134,2.5,-0.6,1.4,0.91,22.4,0,0,0,0,0,1170.8,-0.11935483870967722,0.9685685001708234
2003-12-02,1210,0.7,-1.6,0.0,0.0,21.3,0,0,0,0,0,1170.8,-1.9193548387096773,1.0334813802528187
2003-12-16,1143,4.9,-2.9,1.6,0.0,36.9,0,0,0,0,0,1170.8,2.280645161290323,0.9762555517594808
2003-12-30,1160,3.2,-3.3,0.0,0.0,32.4,0,0,0,0,0,1170.8,0.580645161290323,0.9907755380936113
2003-12-09,1207,6.4,3.7,2.6,0.0,19.3,0,0,0,0,0,1170.8,3.780645161290323,1.0309190297232662
2003-12-24,963,-1.0,-4.6,0.3,0.35,25.1,0,0,0,0,0,1135.4,-3.6193548387096772,0.8481592390347014
2003-12-17,1083,-2.3,-4.3,0.0,0.07,28.2,0,0,0,0,0,1135.4,-4.919354838709677,0.9538488638365333
2003-12-03,1304,3.0,0.2,0.0,0.0,21.6,0,0,0,0,0,1135.4,0.3806451612903228,1.1484939228465738
2003-12-31,1104,4.7,-1.7,0.5,0.0,33.8,0,0,0,0,0,1135.4,2.080645161290323,0.9723445481768539
2003-12-10,1223,8.6,0.0,17.6,0.49,30.9,1,0,0,0,0,1135.4,5.980645161290322,1.0771534261053373
2003-12-25,729,1.4,-5.4,0.0,0.0,17.7,0,0,0,0,0,1015.0,-1.2193548387096773,0.7182266009852217
2003-12-11,1083,-0.6,-7.0,0.0,0.0,30.6,0,0,0,0,0,1015.0,-3.2193548387096773,1.0669950738916256
2003-12-04,1119,3.3,0.3,2.6,0.14,18.8,0,0,0,0,0,1015.0,0.6806451612903226,1.102463054187192
2003-12-18,1129,-2.6,-4.7,0.0,0.14,20.1,0,0,0,0,0,1015.0,-5.219354838709677,1.1123152709359605
2003-12-12,1155,-5.0,-8.9,0.0,0.0,18.2,0,0,0,1,0,1186.75,-7.619354838709677,0.9732462607962924
2003-12-26,1025,3.0,-4.3,0.0,0.0,16.6,0,0,0,0,0,1186.75,0.3806451612903228,0.8637033916157573
2003-12-19,1199,-1.6,-3.9,0.3,0.35,33.9,0,0,0,0,0,1186.75,-4.219354838709677,1.0103223088266273
2003-12-05,1368,4.6,1.0,8.0,2.94,33.2,0,1,0,0,0,1186.75,1.9806451612903224,1.152728038761323
2003-12-06,1244,3.4,0.8,0.0,0.0,16.7,0,0,0,0,0,1188.0,0.7806451612903227,1.0471380471380471
2003-12-13,1123,-0.9,-6.6,0.4,0.49,22.7,0,0,0,0,0,1188.0,-3.519354838709677,0.9452861952861953
2003-12-20,1206,-1.7,-7.0,0.0,0.0,29.7,0,0,0,0,0,1188.0,-4.319354838709677,1.0151515151515151
2003-12-27,1179,5.1,-0.4,0.0,0.0,32.7,0,0,0,0,0,1188.0,2.4806451612903224,0.9924242424242424
2004-01-18,1006,-1.5,-11.8,0.0,0.0,30.6,0,0,0,0,0,984.0,1.8064516129032255,1.0223577235772359
2004-01-25,1022,-8.0,-11.2,0.0,0.0,30.5,0,0,0,1,0,984.0,-4.693548387096774,1.0386178861788617
2004-01-04,879,-0.4,-1.2,14.0,9.94,33.3,1,1,0,0,0,984.0,2.9064516129032256,0.8932926829268293
2004-01-11,1029,2.4,-4.5,0.0,0.0,26.6,0,0,0,0,0,984.0,5.7064516129032254,1.045731707317073
2004-01-26,1055,-5.3,-8.3,3.3,2.87,30.9,0,1,0,1,0,1061.5,-1.9935483870967743,0.993876589731512
2004-01-12,1193,1.8,-1.3,0.0,0.0,22.8,0,0,0,0,0,1061.5,5.106451612903226,1.123881300047103
2004-01-05,941,-1.1,-12.3,1.5,1.33,25.5,0,0,0,0,0,1061.5,2.2064516129032254,0.886481394253415
2004-01-19,1057,-9.1,-13.7,0.0,0.0,23.3,0,0,0,1,0,1061.5,-5.793548387096774,0.9957607159679699
2004-01-06,921,-12.4,-17.5,0.0,0.0,32.7,0,0,0,1,0,1082.25,-9.093548387096774,0.851004851004851
2004-01-13,1154,-0.4,-3.8,0.0,0.0,26.0,0,0,0,0,0,1082.25,2.9064516129032256,1.0662970662970663
2004-01-20,1199,-6.8,-10.6,0.0,0.0,13.9,0,0,0,1,0,1082.25,-3.4935483870967743,1.107877107877108
2004-01-27,1055,-4.8,-10.7,4.5,3.36,27.6,0,1,0,0,0,1082.25,-1.4935483870967743,0.9748209748209749
2004-01-07,1023,-7.4,-12.6,0.0,0.0,26.2,0,0,0,1,0,1125.75,-4.093548387096774,0.9087275149900067
2004-01-14,1213,1.4,-6.8,0.3,0.42,33.0,0,0,0,0,0,1125.75,4.7064516129032254,1.0775038862980235
2004-01-21,1146,0.9,-12.4,0.0,0.0,33.6,0,0,0,0,0,1125.75,4.2064516129032254,1.0179880079946702
2004-01-28,1121,-10.7,-15.4,0.0,0.14,25.0,0,0,0,1,0,1125.75,-7.393548387096773,0.9957805907172996
2004-01-01,1897,7.9,-1.7,1.0,0.0,23.7,0,0,0,0,0,1272.2,11.206451612903226,1.491117748781638
2004-01-08,1142,-1.9,-9.3,0.0,0.14,17.6,0,0,0,0,0,1272.2,1.4064516129032256,0.8976576010061311
2004-01-22,1077,-3.4,-18.0,0.0,0.0,32.6,0,0,0,0,0,1272.2,-0.09354838709677438,0.8465650055022795
2004-01-29,980,-14.7,-18.5,0.4,0.56,20.2,0,0,0,1,0,1272.2,-11.393548387096773,0.7703191322119164
2004-01-15,1265,-5.2,-8.9,0.2,0.28,28.6,0,0,0,1,0,1272.2,-1.8935483870967746,0.9943405124980349
2004-01-02,1317,11.3,4.1,0.7,0.0,27.9,0,0,0,0,0,1197.8,14.606451612903227,1.0995157789280348
2004-01-16,1258,-2.6,-5.0,0.0,0.28,20.9,0,0,0,0,0,1197.8,0.7064516129032254,1.0502588078143262
2004-01-30,939,-15.6,-23.0,0.0,0.0,21.8,0,0,0,1,0,1197.8,-12.293548387096774,0.783937218233428
2004-01-23,1246,-4.9,-15.1,2.7,2.1,19.6,0,1,0,0,0,1197.8,-1.5935483870967748,1.0402404408081483
2004-01-09,1229,-2.8,-6.4,0.0,0.21,19.9,0,0,0,0,0,1197.8,0.5064516129032257,1.0260477542160629
2004-01-31,1025,-10.6,-21.5,0.0,0.0,16.1,0,0,0,1,0,1149.6,-7.293548387096774,0.8916144745998609
2004-01-24,1135,-5.4,-9.4,0.0,0.63,23.1,0,0,0,1,0,1149.6,-2.093548387096775,0.9872999304105776
2004-01-03,1183,10.1,-0.2,1.3,0.77,21.7,0,0,0,0,0,1149.6,13.406451612903226,1.0290535838552541
2004-01-17,1223,0.7,-2.9,4.0,2.59,20.1,0,1,0,0,0,1149.6,4.006451612903225,1.063848295059151
2004-01-10,1182,-4.0,-9.1,0.4,0.42,22.3,0,0,0,0,0,1149.6,-0.6935483870967745,1.0281837160751566
2004-02-22,1158,2.5,-4.3,0.5,0.0,14.1,0,0,0,0,0,1129.6,3.231034482758621,1.0251416430594902
2004-02-08,981,-4.7,-11.9,0.0,0.0,30.1,0,0,0,0,0,1129.6,-3.9689655172413794,0.8684490084985836
2004-02-01,1185,-4.9,-13.9,0.0,0.0,19.6,0,0,0,0,0,1129.6,-4.1689655172413795,1.049043909348442
2004-02-15,1059,-7.9,-12.2,0.0,0.0,15.6,0,0,0,1,0,1129.6,-7.1689655172413795,0.9375000000000001
2004-02-29,1265,8.6,1.2,0.0,0.0,22.1,0,0,0,0,0,1129.6,9.331034482758621,1.1198654390934846
2004-02-23,1229,4.3,0.4,3.0,0.0,17.9,0,0,0,0,0,1133.25,5.031034482758621,1.084491506728436
2004-02-09,1157,-1.2,-5.5,0.0,0.0,36.2,0,0,0,0,0,1133.25,-0.46896551724137914,1.0209574233399514
2004-02-02,1159,-0.5,-6.8,3.2,2.17,20.3,0,1,0,0,0,1133.25,0.23103448275862082,1.0227222589896316
2004-02-16,988,-5.8,-14.7,0.0,0.0,13.6,0,0,0,1,0,1133.25,-5.068965517241379,0.8718288109419811
2004-02-03,1027,-0.6,-10.9,1.8,1.47,26.1,0,0,0,0,0,1151.25,0.13103448275862084,0.8920738327904452
2004-02-10,1139,-3.9,-11.5,0.0,0.07,27.4,0,0,0,0,0,1151.25,-3.168965517241379,0.9893593919652551
2004-02-24,1252,0.2,-2.5,0.0,0.0,18.7,0,0,0,0,0,1151.25,0.9310344827586208,1.087513572204126
2004-02-17,1187,-0.5,-9.7,0.0,0.0,8.6,0,0,0,0,0,1151.25,0.23103448275862082,1.0310532030401738
2004-02-18,1224,3.6,-12.1,0.0,0.0,26.6,0,0,0,0,0,1202.5,4.331034482758621,1.017879417879418
2004-02-04,1144,-7.6,-17.0,0.0,0.0,12.9,0,0,0,1,0,1202.5,-6.868965517241379,0.9513513513513514
2004-02-11,1199,-0.9,-13.4,0.0,0.0,18.4,0,0,0,0,0,1202.5,-0.1689655172413792,0.9970893970893971
2004-02-25,1243,-0.3,-7.1,0.0,0.0,18.6,0,0,0,0,0,1202.5,0.43103448275862083,1.0336798336798336
2004-02-19,1315,2.8,-4.0,0.0,0.0,16.0,0,0,0,0,0,1196.0,3.5310344827586206,1.0994983277591974
2004-02-26,1264,0.6,-7.3,0.0,0.0,15.8,0,0,0,0,0,1196.0,1.331034482758621,1.0568561872909699
2004-02-12,1048,-3.8,-10.0,0.0,0.0,18.2,0,0,0,0,0,1196.0,-3.068965517241379,0.8762541806020067
2004-02-05,1157,-3.0,-8.5,6.4,4.83,26.3,0,1,0,0,0,1196.0,-2.268965517241379,0.967391304347826
2004-02-20,1291,4.5,0.4,3.4,0.14,28.1,0,0,0,0,0,1261.25,5.231034482758621,1.023587710604559
2004-02-13,1223,-3.6,-10.9,0.0,0.0,29.5,0,0,0,0,0,1261.25,-2.8689655172413793,0.9696729435084241
2004-02-06,1266,-2.0,-4.7,1.5,1.26,17.4,0,0,0,0,0,1261.25,-1.2689655172413792,1.0037661050545095
2004-02-27,1265,1.2,-6.9,0.0,0.0,13.0,0,0,0,0,0,1261.25,1.9310344827586208,1.0029732408325074
2004-02-07,1122,-3.4,-8.4,0.4,0.84,22.0,0,0,0,0,0,1161.25,-2.668965517241379,0.9662002152852529
2004-02-21,1124,1.4,-2.7,1.1,0.7,26.8,0,0,0,0,0,1161.25,2.1310344827586207,0.9679224973089343
2004-02-28,1245,7.0,-5.7,0.0,0.0,17.0,0,0,0,0,0,1161.25,7.731034482758621,1.0721205597416577
2004-02-14,1154,-3.3,-8.9,0.0,0.0,27.4,0,0,0,0,0,1161.25,-2.568965517241379,0.993756727664155
2004-03-21,1119,-0.4,-4.6,0.0,0.35,28.6,0,0,0,0,0,1134.5,-6.293548387096775,0.9863375936535919
2004-03-07,1155,4.4,-0.2,1.2,0.0,43.6,0,0,0,0,0,1134.5,-1.4935483870967747,1.0180696342000881
2004-03-14,1104,5.0,0.9,2.7,0.21,43.6,0,0,0,0,0,1134.5,-0.8935483870967751,0.9731159100925518
2004-03-28,1160,16.5,7.5,14.1,0.0,31.8,1,0,0,0,0,1134.5,10.606451612903225,1.022476862053768
2004-03-22,1187,1.5,-5.5,0.0,0.0,18.1,0,0,0,0,0,1293.8,-4.393548387096775,0.917452465605194
2004-03-08,1231,1.3,-2.4,0.0,0.0,24.5,0,0,0,0,0,1293.8,-4.593548387096775,0.9514608131086721
2004-03-15,1245,-0.0,-3.2,0.4,0.35,21.2,0,0,0,0,0,1293.8,-5.893548387096775,0.962281650950688
2004-03-29,1373,12.0,4.3,0.6,0.0,16.9,0,0,0,0,0,1293.8,6.106451612903225,1.0612150255062607
2004-03-01,1433,10.6,4.1,7.3,0.0,28.8,0,0,0,0,0,1293.8,4.706451612903225,1.1075900448291853
2004-03-30,1296,6.4,2.1,0.1,0.0,26.5,0,0,0,0,0,1288.2,0.5064516129032253,1.0060549604098743
2004-03-09,1266,0.2,-3.0,0.0,0.0,17.9,0,0,0,0,0,1288.2,-5.693548387096775,0.9827666511411272
2004-03-23,1395,9.4,-0.5,0.0,0.0,23.0,0,0,0,0,0,1288.2,3.5064516129032253,1.0829063809967396
2004-03-02,1329,6.5,3.6,0.0,0.0,28.0,0,0,0,0,0,1288.2,0.6064516129032249,1.031672100605496
2004-03-16,1155,-0.6,-1.8,0.6,0.49,22.4,0,0,0,0,0,1288.2,-6.493548387096775,0.8965999068467629
2004-03-17,1318,1.4,-2.5,2.4,1.75,16.5,0,0,0,0,0,1312.4,-4.493548387096775,1.0042669917708016
2004-03-10,1337,5.3,-4.5,0.0,0.0,25.6,0,0,0,0,0,1312.4,-0.5935483870967753,1.0187442852788784
2004-03-31,1253,3.3,1.4,0.3,0.0,26.3,0,0,0,0,0,1312.4,-2.5935483870967753,0.9547394087168546
2004-03-03,1287,3.4,0.5,0.4,0.0,10.8,0,0,0,0,0,1312.4,-2.493548387096775,0.9806461444681499
2004-03-24,1367,12.7,4.7,18.2,0.0,25.8,1,0,0,0,0,1312.4,6.806451612903224,1.0416031697653154
2004-03-25,1463,11.3,9.6,1.5,0.0,27.6,0,0,0,0,0,1296.75,5.406451612903226,1.1282051282051282
2004-03-11,1263,3.5,-6.0,0.4,0.0,37.0,0,0,0,0,0,1296.75,-2.393548387096775,0.9739733950260266
2004-03-18,1265,3.7,-3.2,2.6,1.33,18.8,0,0,0,0,0,1296.75,-2.193548387096775,0.9755157123578176
2004-03-04,1196,3.3,2.0,15.5,0.0,26.3,1,0,0,0,0,1296.75,-2.5935483870967753,0.9223057644110275
2004-03-26,1327,14.9,3.6,1.6,0.0,30.8,0,0,0,0,0,1358.25,9.006451612903225,0.9769924535247562
2004-03-05,1370,10.8,2.1,10.2,0.0,44.6,1,0,0,0,0,1358.25,4.906451612903226,1.0086508374746916
2004-03-12,1325,-1.1,-8.7,0.0,0.0,22.5,0,0,0,0,0,1358.25,-6.993548387096775,0.9755199705503406
2004-03-19,1411,7.4,-2.2,0.0,0.0,30.2,0,0,0,0,0,1358.25,1.5064516129032253,1.0388367384502117
2004-03-20,1288,11.0,0.1,6.6,0.0,34.8,0,0,0,0,0,1306.75,5.106451612903225,0.9856514252917543
2004-03-27,1395,11.0,2.7,0.1,0.0,26.3,0,0,0,0,0,1306.75,5.106451612903225,1.0675339582934762
2004-03-13,1249,4.2,-5.7,0.0,0.0,25.5,0,0,0,0,0,1306.75,-1.693548387096775,0.9558063898986034
2004-03-06,1295,3.8,-1.3,0.0,0.0,21.0,0,0,0,0,0,1306.75,-2.0935483870967753,0.991008226516166
2004-04-04,1170,3.1,-0.1,0.0,0.0,30.2,0,0,0,0,0,1130.5,-8.263333333333328,1.0349402919062363
2004-04-11,1019,2.8,0.9,0.0,0.0,22.4,0,0,0,0,0,1130.5,-8.563333333333329,0.9013710747456878
2004-04-18,1196,22.0,11.5,0.0,0.0,37.6,0,0,0,0,0,1130.5,10.636666666666672,1.0579389650597082
2004-04-25,1137,14.7,9.1,13.3,0.0,32.1,1,0,0,0,0,1130.5,3.3366666666666713,1.005749668288368
2004-04-12,1106,2.6,0.9,0.0,0.0,29.9,0,0,0,0,0,1225.75,-8.763333333333328,0.902304711401183
2004-04-26,1260,13.7,7.0,0.4,0.0,30.3,0,0,0,0,0,1225.75,2.3366666666666713,1.0279420762798286
2004-04-05,1190,5.0,-1.0,0.0,0.0,14.8,0,0,0,0,0,1225.75,-6.363333333333328,0.9708341831531715
2004-04-19,1347,18.4,7.5,0.0,0.0,42.8,0,0,0,0,0,1225.75,7.036666666666671,1.0989190291658169
2004-04-06,1356,15.4,4.0,0.9,0.0,22.3,0,0,0,0,0,1224.25,4.036666666666672,1.1076169083112108
2004-04-20,1235,14.5,6.7,9.5,0.0,28.8,0,0,0,0,0,1224.25,3.136666666666672,1.0087808862568919
2004-04-13,1084,4.0,0.9,0.0,0.0,30.0,0,0,0,0,0,1224.25,-7.363333333333328,0.8854400653461303
2004-04-27,1222,8.2,3.0,0.0,0.0,24.1,0,0,0,0,0,1224.25,-3.1633333333333287,0.9981621400857668
2004-04-07,1323,8.3,3.9,0.0,0.0,22.7,0,0,0,0,0,1328.25,-3.0633333333333272,0.9960474308300395
2004-04-28,1353,20.8,7.6,0.3,0.0,39.8,0,0,0,0,0,1328.25,9.436666666666673,1.0186335403726707
2004-04-14,1320,13.1,0.6,0.0,0.0,12.6,0,0,0,0,0,1328.25,1.7366666666666717,0.9937888198757764
2004-04-21,1317,15.5,8.9,9.8,0.0,31.8,0,0,0,0,0,1328.25,4.136666666666672,0.9915302089215132
2004-04-22,1309,8.7,5.1,0.0,0.0,25.8,0,0,0,0,0,1367.2,-2.6633333333333287,0.9574312463428906
2004-04-29,1327,20.4,13.8,3.2,0.0,40.0,0,0,0,0,0,1367.2,9.03666666666667,0.9705968402574605
2004-04-15,1321,16.6,6.6,0.0,0.0,24.9,0,0,0,0,0,1367.2,5.2366666666666735,0.9662083089526038
2004-04-08,1386,7.9,4.3,0.2,0.0,31.6,0,0,0,0,0,1367.2,-3.4633333333333276,1.013750731421884
2004-04-01,1493,3.9,1.0,0.0,0.0,22.4,0,0,0,0,0,1367.2,-7.463333333333328,1.0920128730251608
2004-04-02,1360,5.8,0.9,0.0,0.0,24.8,0,0,0,0,0,1327.0,-5.563333333333328,1.0248681235870385
2004-04-16,1315,19.3,11.0,0.0,0.0,25.9,0,0,0,0,0,1327.0,7.936666666666673,0.9909570459683497
2004-04-09,1275,7.1,1.6,0.1,0.0,13.7,0,0,0,0,0,1327.0,-4.263333333333328,0.9608138658628486
2004-04-30,1280,14.1,6.1,10.8,0.0,25.1,1,0,0,0,0,1327.0,2.7366666666666717,0.9645817633760362
2004-04-23,1405,10.2,4.8,0.0,0.0,21.5,0,0,0,0,0,1327.0,-1.1633333333333287,1.058779201205727
2004-04-17,1334,17.3,7.2,4.8,0.0,29.1,0,0,0,0,0,1291.0,5.936666666666673,1.0333075135553835
2004-04-03,1215,9.0,0.2,0.0,0.0,35.9,0,0,0,0,0,1291.0,-2.363333333333328,0.941130906274206
2004-04-24,1279,10.5,4.8,7.7,0.0,24.7,0,0,0,0,0,1291.0,-0.863333333333328,0.9907048799380326
2004-04-10,1336,8.0,2.3,0.0,0.0,20.8,0,0,0,0,0,1291.0,-3.363333333333328,1.034856700232378
2004-05-02,1040,6.5,4.3,0.0,0.0,19.4,0,0,0,0,0,1201.8,-12.451612903225808,0.8653686137460477
2004-05-16,1226,17.7,8.1,0.0,0.0,20.5,0,0,0,0,0,1201.8,-1.2516129032258085,1.020136461973706
2004-05-23,1251,23.4,14.3,17.3,0.0,33.0,1,0,0,0,0,1201.8,4.448387096774191,1.0409385921118324
2004-05-30,1239,20.3,16.1,5.5,0.0,31.0,0,0,0,0,0,1201.8,1.3483870967741929,1.0309535696455316
2004-05-09,1253,25.0,12.6,0.2,0.0,24.2,0,0,0,0,0,1201.8,6.048387096774192,1.0426027625228824
2004-05-31,1219,18.9,16.6,6.7,0.0,30.6,0,0,0,0,0,1308.4,-0.05161290322580925,0.9316722714766126
2004-05-24,1278,17.2,11.5,0.0,0.0,30.7,0,0,0,0,0,1308.4,-1.7516129032258085,0.9767655151329868
2004-05-17,1409,23.0,15.4,0.2,0.0,23.8,0,0,0,0,0,1308.4,4.048387096774192,1.0768878018954446
2004-05-10,1374,23.5,15.7,12.7,0.0,19.5,1,0,0,0,0,1308.4,4.548387096774192,1.050137572607765
2004-05-03,1262,7.5,2.8,0.0,0.0,15.5,0,0,0,0,0,1308.4,-11.451612903225808,0.9645368388871904
2004-05-18,1405,19.1,10.6,4.0,0.0,21.4,0,0,0,0,0,1349.5,0.1483870967741936,1.0411263430900333
2004-05-25,1404,19.3,10.9,7.2,0.0,17.7,0,0,0,0,0,1349.5,0.3483870967741929,1.040385327899222
2004-05-11,1311,22.6,13.0,1.6,0.0,22.0,0,0,0,0,0,1349.5,3.6483870967741936,0.9714709151537606
2004-05-04,1278,16.8,6.6,0.0,0.0,31.7,0,0,0,0,0,1349.5,-2.151612903225807,0.947017413856984
2004-05-26,1313,15.7,12.7,0.0,0.0,17.0,0,0,0,0,0,1344.25,-3.2516129032258085,0.9767528361539892
2004-05-19,1366,19.6,10.6,0.0,0.0,16.8,0,0,0,0,0,1344.25,0.6483870967741936,1.0161800260368234
2004-05-05,1323,13.8,6.5,0.0,0.0,24.9,0,0,0,0,0,1344.25,-5.151612903225807,0.9841919285847127
2004-05-12,1375,24.3,18.7,0.8,0.0,25.6,0,0,0,0,0,1344.25,5.348387096774193,1.0228752092244746
2004-05-13,1247,23.4,18.6,4.1,0.0,18.0,0,0,0,0,0,1334.5,4.448387096774191,0.9344323716747845
2004-05-06,1368,24.9,12.8,5.7,0.0,22.4,0,0,0,0,0,1334.5,5.948387096774191,1.0251030348445112
2004-05-27,1330,24.3,13.8,0.0,0.0,33.5,0,0,0,0,0,1334.5,5.348387096774193,0.9966279505432747
2004-05-20,1393,26.2,18.9,6.5,0.0,23.5,0,0,0,0,0,1334.5,7.2483870967741915,1.0438366429374297
2004-05-07,1366,12.2,9.3,6.8,0.0,33.4,0,0,0,0,0,1382.25,-6.7516129032258085,0.9882438053897631
2004-05-21,1394,24.1,14.7,2.6,0.0,24.5,0,0,0,0,0,1382.25,5.148387096774194,1.0085006330258637
2004-05-28,1367,14.8,10.4,0.0,0.0,27.6,0,0,0,0,0,1382.25,-4.151612903225807,0.9889672635196238
2004-05-14,1402,18.9,9.9,43.0,0.0,28.1,1,0,0,0,0,1382.25,-0.05161290322580925,1.0142882980647494
2004-05-29,1292,18.5,10.8,2.3,0.0,23.2,0,0,0,0,0,1317.6,-0.4516129032258078,0.9805707346690954
2004-05-22,1257,24.7,14.4,22.2,0.0,33.9,1,0,0,0,0,1317.6,5.7483870967741915,0.9540072859744991
2004-05-08,1388,22.5,10.9,2.1,0.0,22.1,0,0,0,0,0,1317.6,3.548387096774192,1.053430479659988
2004-05-15,1329,11.3,7.2,0.0,0.0,17.9,0,0,0,0,0,1317.6,-7.651612903225807,1.0086520947176685
2004-05-01,1322,7.5,6.0,3.6,0.0,21.3,0,0,0,0,0,1317.6,-11.451612903225808,1.0033394049787494
2004-06-20,1286,20.8,12.1,0.0,0.0,14.8,0,0,0,0,0,1344.0,-1.9566666666666634,0.9568452380952381
2004-06-13,1343,25.5,21.6,0.9,0.0,25.5,0,0,0,0,0,1344.0,2.743333333333336,0.9992559523809523
2004-06-27,1342,23.0,16.6,0.0,0.0,12.7,0,0,0,0,0,1344.0,0.24333333333333584,0.9985119047619048
2004-06-06,1405,25.2,18.2,0.0,0.0,19.2,0,0,0,0,0,1344.0,2.443333333333335,1.0453869047619047
2004-06-28,1304,20.3,16.5,2.6,0.0,13.0,0,0,0,0,0,1343.25,-2.4566666666666634,0.9707798250511819
2004-06-14,1439,26.7,19.8,1.5,0.0,22.6,0,0,0,0,0,1343.25,3.943333333333335,1.071282337613996
2004-06-07,1302,26.6,18.5,0.0,0.0,24.1,0,0,0,0,0,1343.25,3.8433333333333373,0.9692908989391401
2004-06-21,1328,19.4,16.1,14.9,0.0,20.5,1,0,0,0,0,1343.25,-3.3566666666666656,0.9886469383956821
2004-06-29,1342,24.7,16.2,0.0,0.0,15.1,0,0,0,0,0,1448.6,1.9433333333333351,0.9264117078558609
2004-06-22,1317,21.7,16.0,0.0,0.0,19.4,0,0,0,0,0,1448.6,-1.0566666666666649,0.9091536656081735
2004-06-08,1421,29.0,21.2,1.1,0.0,24.4,0,0,0,0,0,1448.6,6.243333333333336,0.9809471213585531
2004-06-15,1465,23.2,20.0,0.0,0.0,17.4,0,0,0,0,0,1448.6,0.44333333333333513,1.011321275714483
2004-06-01,1698,21.4,14.6,0.0,0.0,28.4,0,0,0,0,0,1448.6,-1.3566666666666656,1.1721662294629298
2004-06-30,1388,26.0,17.6,0.0,0.0,12.9,0,0,0,0,0,1403.0,3.243333333333336,0.9893086243763364
2004-06-16,1413,26.4,20.2,1.1,0.0,14.6,0,0,0,0,0,1403.0,3.6433333333333344,1.0071275837491092
2004-06-02,1401,16.3,14.1,3.1,0.0,18.0,0,0,0,0,0,1403.0,-6.4566666666666634,0.9985744832501782
2004-06-09,1460,27.4,21.8,2.5,0.0,21.9,0,0,0,0,0,1403.0,4.643333333333334,1.0406272273699215
2004-06-23,1353,24.9,16.1,0.0,0.0,29.9,0,0,0,0,0,1403.0,2.1433333333333344,0.9643620812544548
2004-06-10,1322,22.0,20.0,23.9,0.0,19.9,1,0,0,0,0,1313.0,-0.7566666666666642,1.0068545316070068
2004-06-24,1316,20.3,12.9,2.5,0.0,27.8,0,0,0,0,0,1313.0,-2.4566666666666634,1.0022848438690022
2004-06-03,1325,15.8,12.6,0.0,0.0,18.6,0,0,0,0,0,1313.0,-6.9566666666666634,1.0091393754760092
2004-06-17,1289,25.1,18.8,0.8,0.0,17.9,0,0,0,0,0,1313.0,2.3433333333333373,0.9817212490479817
2004-06-11,1462,23.5,19.6,35.9,0.0,23.8,1,0,0,0,0,1399.75,0.7433333333333358,1.0444722271834257
2004-06-04,1440,17.9,11.9,0.0,0.0,13.7,0,0,0,0,0,1399.75,-4.856666666666666,1.0287551348455082
2004-06-25,1256,19.3,12.3,0.0,0.0,14.8,0,0,0,0,0,1399.75,-3.4566666666666634,0.897303089837471
2004-06-18,1441,23.2,17.8,2.7,0.0,20.1,0,0,0,0,0,1399.75,0.44333333333333513,1.0294695481335954
2004-06-26,1358,21.7,15.4,0.0,0.0,17.9,0,0,0,0,0,1319.5,-1.0566666666666649,1.0291777188328912
2004-06-19,1283,19.4,14.4,0.0,0.0,31.7,0,0,0,0,0,1319.5,-3.3566666666666656,0.9723380068207654
2004-06-12,1343,24.4,18.7,7.7,0.0,25.5,0,0,0,0,0,1319.5,1.6433333333333344,1.017809776430466
2004-06-05,1294,21.6,14.1,0.0,0.0,11.6,0,0,0,0,0,1319.5,-1.1566666666666627,0.9806744979158772
2004-07-25,1345,20.1,18.3,0.0,0.0,16.3,0,0,0,0,0,1365.5,-4.574193548387093,0.9849871841816185
2004-07-11,1364,28.2,20.9,1.6,0.0,13.4,0,0,0,0,0,1365.5,3.5258064516129046,0.9989015012815818
2004-07-04,1353,25.1,20.7,4.7,0.0,27.5,0,0,0,0,0,1365.5,0.42580645161290676,0.990845844013182
2004-07-18,1400,22.6,19.3,0.3,0.0,15.1,0,0,0,0,0,1365.5,-2.0741935483870932,1.0252654705236177
2004-07-05,1488,22.2,19.2,1.5,0.0,19.8,0,0,0,0,0,1391.0,-2.4741935483870954,1.0697340043134436
2004-07-19,1409,26.4,18.7,0.0,0.0,13.9,0,0,0,0,0,1391.0,1.725806451612904,1.0129403306973401
2004-07-26,1270,21.4,18.1,2.4,0.0,16.4,0,0,0,0,0,1391.0,-3.274193548387096,0.9130122214234364
2004-07-12,1397,26.7,22.5,6.7,0.0,16.3,0,0,0,0,0,1391.0,2.0258064516129046,1.0043134435657801
2004-07-27,1397,23.1,18.0,0.0,0.0,11.7,0,0,0,0,0,1421.25,-1.5741935483870932,0.9829375549692172
2004-07-20,1410,28.7,21.1,0.1,0.0,14.7,0,0,0,0,0,1421.25,4.025806451612905,0.9920844327176781
2004-07-06,1449,27.0,20.1,6.7,0.0,26.4,0,0,0,0,0,1421.25,2.3258064516129053,1.0195250659630606
2004-07-13,1429,28.3,21.7,1.8,0.0,23.4,0,0,0,0,0,1421.25,3.625806451612906,1.005452946350044
2004-07-14,1459,22.8,19.9,0.2,0.0,23.0,0,0,0,0,0,1442.75,-1.874193548387094,1.0112632126147982
2004-07-07,1416,20.7,17.4,0.7,0.0,22.8,0,0,0,0,0,1442.75,-3.9741935483870954,0.9814590192341015
2004-07-21,1396,29.8,23.3,14.8,0.0,19.7,1,0,0,0,0,1442.75,5.125806451612906,0.9675966037081961
2004-07-28,1500,25.8,17.6,0.0,0.0,12.2,0,0,0,0,0,1442.75,1.125806451612906,1.0396811644429043
2004-07-01,1547,26.1,18.5,0.0,0.0,13.5,0,0,0,0,0,1398.4,1.4258064516129068,1.1062643020594964
2004-07-22,1160,29.2,22.5,10.9,0.0,20.1,1,0,0,0,0,1398.4,4.525806451612905,0.8295194508009153
2004-07-15,1461,26.4,18.2,0.0,0.0,14.1,0,0,0,0,0,1398.4,1.725806451612904,1.0447654462242562
2004-07-29,1463,25.1,19.3,0.0,0.0,19.6,0,0,0,0,0,1398.4,0.42580645161290676,1.046195652173913
2004-07-08,1361,22.7,14.6,0.0,0.0,18.8,0,0,0,0,0,1398.4,-1.9741935483870954,0.9732551487414187
2004-07-02,1402,24.7,20.3,0.0,0.0,18.7,0,0,0,0,0,1366.6,0.025806451612904624,1.02590370261964
2004-07-23,1236,23.1,18.8,0.0,0.0,24.9,0,0,0,0,0,1366.6,-1.5741935483870932,0.9044343626518367
2004-07-16,1528,25.0,19.6,14.9,0.0,13.0,1,0,0,0,0,1366.6,0.32580645161290533,1.118103322113274
2004-07-30,1350,22.8,19.6,1.8,0.0,16.3,0,0,0,0,0,1366.6,-1.874193548387094,0.9878530660032198
2004-07-09,1317,22.7,17.8,0.0,0.0,19.4,0,0,0,0,0,1366.6,-1.9741935483870954,0.9637055466120299
2004-07-17,1473,22.0,19.4,4.5,0.0,22.9,0,0,0,0,0,1386.4,-2.6741935483870947,1.062463935372187
2004-07-03,1304,26.0,21.0,20.8,0.0,21.3,1,0,0,0,0,1386.4,1.3258064516129053,0.9405654933641084
2004-07-24,1272,20.1,17.7,0.0,0.0,18.9,0,0,0,0,0,1386.4,-4.574193548387093,0.9174841315637622
2004-07-10,1422,24.5,20.7,7.2,0.0,14.3,0,0,0,0,0,1386.4,-0.17419354838709467,1.025678015002885
2004-07-31,1461,25.6,18.6,0.1,0.0,14.7,0,0,0,0,0,1386.4,0.9258064516129068,1.0538084246970572
2004-08-22,1271,24.4,15.5,0.0,0.0,24.2,0,0,0,0,0,1383.4,1.6258064516129025,0.9187509035709122
2004-08-08,1403,24.6,18.5,0.0,0.0,16.7,0,0,0,0,0,1383.4,1.8258064516129053,1.0141679919040045
2004-08-15,1377,20.7,15.2,0.4,0.0,10.5,0,0,0,0,0,1383.4,-2.074193548387097,0.9953737169293045
2004-08-01,1531,28.3,19.8,0.0,0.0,18.8,0,0,0,0,0,1383.4,5.525806451612905,1.1066936533179124
2004-08-29,1335,19.2,15.3,3.2,0.0,24.5,0,0,0,0,0,1383.4,-3.574193548387097,0.9650137342778661
2004-08-02,1443,29.2,21.9,1.3,0.0,16.7,0,0,0,0,0,1405.8,6.425806451612903,1.0264618011096884
2004-08-16,1370,22.9,15.6,0.2,0.0,18.1,0,0,0,0,0,1405.8,0.1258064516129025,0.9745340731256225
2004-08-09,1372,25.9,19.8,1.6,0.0,23.2,0,0,0,0,0,1405.8,3.1258064516129025,0.9759567506046379
2004-08-30,1389,22.4,14.6,0.0,0.0,7.2,0,0,0,0,0,1405.8,-0.3741935483870975,0.9880495091762698
2004-08-23,1455,23.7,18.5,0.3,0.0,20.5,0,0,0,0,0,1405.8,0.9258064516129032,1.0349978659837815
2004-08-31,1481,24.0,17.9,0.0,0.0,11.2,0,0,0,0,0,1432.4,1.225806451612904,1.033929070092153
2004-08-24,1397,25.0,20.6,20.0,0.0,22.5,1,0,0,0,0,1432.4,2.225806451612904,0.975286232895839
2004-08-10,1470,20.6,16.8,0.4,0.0,23.2,0,0,0,0,0,1432.4,-2.1741935483870947,1.0262496509354928
2004-08-03,1443,27.6,23.3,0.1,0.0,15.1,0,0,0,0,0,1432.4,4.825806451612905,1.0074001675509634
2004-08-17,1371,24.5,17.5,17.3,0.0,16.9,1,0,0,0,0,1432.4,1.725806451612904,0.9571348785255515
2004-08-18,1422,23.8,17.9,2.9,0.0,26.3,0,0,0,0,0,1357.5,1.0258064516129046,1.047513812154696
2004-08-25,1278,24.7,20.4,5.8,0.0,29.9,0,0,0,0,0,1357.5,1.9258064516129032,0.9414364640883978
2004-08-04,1369,25.2,19.8,21.8,0.0,29.8,1,0,0,0,0,1357.5,2.425806451612903,1.0084714548802947
2004-08-11,1361,16.8,13.7,0.1,0.0,23.7,0,0,0,0,0,1357.5,-5.974193548387095,1.0025782688766114
2004-08-19,1363,19.5,16.2,0.3,0.0,18.6,0,0,0,0,0,1371.0,-3.274193548387096,0.9941648431801605
2004-08-12,1268,16.0,11.6,1.5,0.0,18.2,0,0,0,0,0,1371.0,-6.774193548387096,0.924872355944566
2004-08-26,1454,26.3,20.4,0.9,0.0,25.6,0,0,0,0,0,1371.0,3.5258064516129046,1.060539752005835
2004-08-05,1399,20.4,17.1,0.0,0.0,30.1,0,0,0,0,0,1371.0,-2.3741935483870975,1.0204230488694384
2004-08-20,1456,20.0,16.0,0.2,0.0,10.1,0,0,0,0,0,1395.25,-2.774193548387096,1.0435405841247087
2004-08-13,1276,17.9,14.7,0.3,0.0,17.8,0,0,0,0,0,1395.25,-4.8741935483870975,0.9145314459774234
2004-08-06,1362,20.7,15.7,0.0,0.0,18.6,0,0,0,0,0,1395.25,-2.074193548387097,0.9761691453144598
2004-08-27,1487,26.7,22.7,13.1,0.0,28.5,1,0,0,0,0,1395.25,3.925806451612903,1.065758824583408
2004-08-28,1364,23.0,19.1,8.1,0.0,28.9,0,0,0,0,0,1361.0,0.2258064516129039,1.0022042615723732
2004-08-07,1377,23.3,16.5,0.0,0.0,12.5,0,0,0,0,0,1361.0,0.5258064516129046,1.011756061719324
2004-08-21,1360,20.0,16.8,0.0,0.0,19.1,0,0,0,0,0,1361.0,-2.774193548387096,0.9992652461425422
2004-08-14,1343,18.7,14.9,0.0,0.0,17.4,0,0,0,0,0,1361.0,-4.074193548387097,0.9867744305657604
2004-09-12,1314,26.6,18.0,0.0,0.0,12.6,0,0,0,0,0,1332.25,3.696666666666669,0.9863013698630136
2004-09-26,1251,18.9,15.1,0.0,0.0,11.1,0,0,0,0,0,1332.25,-4.003333333333334,0.9390129480202665
2004-09-05,1441,26.7,21.4,0.0,0.0,20.9,0,0,0,0,0,1332.25,3.796666666666667,1.0816288234190279
2004-09-19,1323,22.8,15.9,0.0,0.0,19.6,0,0,0,0,0,1332.25,-0.10333333333333172,0.9930568586976919
2004-09-13,1365,26.2,19.1,0.0,0.0,22.3,0,0,0,0,0,1306.25,3.296666666666667,1.044976076555024
2004-09-06,1321,25.0,19.8,1.8,0.0,26.3,0,0,0,0,0,1306.25,2.0966666666666676,1.0112918660287082
2004-09-20,1297,23.3,14.1,0.0,0.0,21.1,0,0,0,0,0,1306.25,0.3966666666666683,0.9929186602870813
2004-09-27,1242,20.7,13.9,0.0,0.0,9.0,0,0,0,0,0,1306.25,-2.203333333333333,0.9508133971291866
2004-09-14,1393,26.1,20.2,0.0,0.0,22.8,0,0,0,0,0,1348.75,3.196666666666669,1.032808155699722
2004-09-28,1324,18.0,15.3,4.8,0.0,34.9,0,0,0,0,0,1348.75,-4.903333333333332,0.9816496756255793
2004-09-21,1410,25.1,15.8,0.0,0.0,17.4,0,0,0,0,0,1348.75,2.196666666666669,1.045412418906395
2004-09-07,1268,19.6,16.9,0.0,0.0,23.9,0,0,0,0,0,1348.75,-3.303333333333331,0.940129749768304
2004-09-01,1630,25.1,18.0,0.0,0.0,10.3,0,0,0,0,0,1400.6,2.196666666666669,1.163786948450664
2004-09-22,1361,24.7,15.0,0.0,0.0,12.9,0,0,0,0,0,1400.6,1.7966666666666669,0.9717264029701557
2004-09-08,1378,18.6,16.6,0.0,0.0,29.7,0,0,0,0,0,1400.6,-4.303333333333331,0.9838640582607454
2004-09-29,1319,15.8,13.3,0.0,0.0,19.0,0,0,0,0,0,1400.6,-7.103333333333332,0.9417392546051693
2004-09-15,1315,26.2,21.0,1.7,0.0,31.9,0,0,0,0,0,1400.6,3.296666666666667,0.9388833357132658
2004-09-09,1355,19.5,15.8,0.0,0.0,18.9,0,0,0,0,0,1372.4,-3.4033333333333324,0.9873214806178956
2004-09-02,1347,26.1,20.0,0.0,0.0,14.1,0,0,0,0,0,1372.4,3.196666666666669,0.9814922763042844
2004-09-16,1497,20.6,17.5,5.4,0.0,21.0,0,0,0,0,0,1372.4,-2.303333333333331,1.0907898571844943
2004-09-23,1400,26.3,17.3,0.0,0.0,20.2,0,0,0,0,0,1372.4,3.3966666666666683,1.0201107548819586
2004-09-30,1263,18.8,10.0,0.0,0.0,11.5,0,0,0,0,0,1372.4,-4.103333333333332,0.9202856310113668
2004-09-24,1558,25.3,19.1,0.0,0.0,19.5,0,0,0,0,0,1444.0,2.3966666666666683,1.0789473684210527
2004-09-03,1401,25.4,20.3,0.3,0.0,12.0,0,0,0,0,0,1444.0,2.496666666666666,0.9702216066481995
2004-09-17,1402,18.6,17.2,0.0,0.0,25.2,0,0,0,0,0,1444.0,-4.303333333333331,0.9709141274238227
2004-09-10,1415,23.7,14.4,0.0,0.0,11.5,0,0,0,0,0,1444.0,0.7966666666666669,0.9799168975069252
2004-09-11,1406,25.7,17.6,0.0,0.0,15.5,0,0,0,0,0,1406.0,2.796666666666667,1.0
2004-09-25,1361,19.5,15.6,0.0,0.0,16.8,0,0,0,0,0,1406.0,-3.4033333333333324,0.9679943100995733
2004-09-18,1366,21.8,14.5,0.0,0.0,14.1,0,0,0,0,0,1406.0,-1.1033333333333317,0.9715504978662873
2004-09-04,1491,26.4,19.8,0.0,0.0,12.9,0,0,0,0,0,1406.0,3.496666666666666,1.0604551920341394
2004-10-24,1325,14.7,10.5,0.0,0.0,20.0,0,0,0,0,0,1289.2,-0.37419354838709573,1.0277691591684766
2004-10-03,1198,17.7,7.4,0.0,0.0,28.4,0,0,0,0,0,1289.2,2.6258064516129043,0.9292584548557244
2004-10-31,1457,11.4,8.6,0.0,0.0,25.2,0,0,0,0,0,1289.2,-3.6741935483870947,1.13015823766677
2004-10-17,1211,9.7,2.2,0.0,0.0,28.7,0,0,0,0,0,1289.2,-5.374193548387096,0.9393422277381321
2004-10-10,1255,14.9,10.6,0.0,0.0,15.7,0,0,0,0,0,1289.2,-0.17419354838709467,0.9734719205708966
2004-10-11,1272,13.8,10.3,0.0,0.0,17.5,0,0,0,0,0,1281.5,-1.2741935483870943,0.9925868123293016
2004-10-25,1400,18.1,8.6,0.0,0.0,21.5,0,0,0,0,0,1281.5,3.0258064516129064,1.0924697619976589
2004-10-04,1172,14.5,8.5,0.0,0.0,27.1,0,0,0,0,0,1281.5,-0.574193548387095,0.9145532579008974
2004-10-18,1282,9.1,6.1,2.7,0.0,24.9,0,0,0,0,0,1281.5,-5.974193548387095,1.000390167772142
2004-10-19,1344,10.5,8.1,0.0,0.0,24.8,0,0,0,0,0,1328.25,-4.574193548387095,1.0118577075098814
2004-10-26,1342,16.0,13.3,2.1,0.0,20.7,0,0,0,0,0,1328.25,0.925806451612905,1.010351966873706
2004-10-12,1337,13.9,10.6,0.0,0.0,16.5,0,0,0,0,0,1328.25,-1.1741935483870947,1.0065876152832676
2004-10-05,1290,13.5,5.4,0.0,0.0,16.0,0,0,0,0,0,1328.25,-1.574193548387095,0.9712027103331451
2004-10-13,1298,15.0,10.9,0.0,0.0,14.4,0,0,0,0,0,1408.5,-0.07419354838709502,0.921547745828896
2004-10-27,1459,14.9,13.0,0.0,0.0,17.6,0,0,0,0,0,1408.5,-0.17419354838709467,1.035853745118921
2004-10-20,1469,11.3,9.6,0.0,0.0,16.9,0,0,0,0,0,1408.5,-3.7741935483870943,1.042953496627618
2004-10-06,1408,19.7,9.2,0.0,0.0,18.6,0,0,0,0,0,1408.5,4.625806451612904,0.9996450124245652
2004-10-14,1344,14.7,10.7,5.9,0.0,17.0,0,0,0,0,0,1359.5,-0.37419354838709573,0.9885987495402722
2004-10-28,1379,15.9,10.1,0.4,0.0,19.3,0,0,0,0,0,1359.5,0.8258064516129053,1.0143435086428834
2004-10-21,1352,11.9,10.1,0.0,0.0,18.8,0,0,0,0,0,1359.5,-3.1741935483870947,0.9944832659065833
2004-10-07,1363,20.7,11.4,0.7,0.0,20.8,0,0,0,0,0,1359.5,5.625806451612904,1.002574475910261
2004-10-22,1468,14.9,9.3,0.0,0.0,25.1,0,0,0,0,0,1463.2,-0.17419354838709467,1.0032804811372333
2004-10-08,1339,18.3,16.0,16.1,0.0,26.1,1,0,0,0,0,1463.2,3.2258064516129057,0.9151175505740842
2004-10-15,1390,10.7,8.2,6.6,0.0,28.5,0,0,0,0,0,1463.2,-4.374193548387096,0.9499726626571897
2004-10-29,1480,21.2,15.2,0.2,0.0,30.4,0,0,0,0,0,1463.2,6.125806451612904,1.0114816839803171
2004-10-01,1639,21.0,13.0,1.3,0.0,25.5,0,0,0,0,0,1463.2,5.925806451612905,1.1201476216511754
2004-10-16,1222,8.6,5.1,0.2,0.0,41.2,0,0,0,0,0,1251.2,-6.474193548387095,0.9766624040920716
2004-10-23,1292,18.7,12.3,20.4,0.0,30.1,1,0,0,0,0,1251.2,3.6258064516129043,1.0326086956521738
2004-10-30,1314,18.5,11.1,1.9,0.0,47.5,0,0,0,0,1,1251.2,3.425806451612905,1.0501918158567776
2004-10-09,1228,17.4,11.4,0.1,0.0,19.3,0,0,0,0,0,1251.2,2.3258064516129036,0.9814578005115089
2004-10-02,1200,16.1,7.0,3.6,0.0,33.7,0,0,0,0,0,1251.2,1.0258064516129064,0.959079283887468
2004-11-14,1112,7.3,0.8,0.0,0.0,11.8,0,0,0,0,0,1130.75,-1.4999999999999991,0.9834180853415875
2004-11-21,1203,6.7,3.4,0.0,0.0,13.9,0,0,0,0,0,1130.75,-2.0999999999999988,1.0638956444837497
2004-11-07,1149,11.7,6.5,0.0,0.0,26.3,0,0,0,0,0,1130.75,2.9000000000000004,1.0161397302675215
2004-11-28,1059,4.7,0.9,0.0,0.0,32.0,0,0,0,0,0,1130.75,-4.099999999999999,0.9365465399071413
2004-11-22,1212,8.2,2.3,0.0,0.0,14.7,0,0,0,0,0,1262.6,-0.5999999999999996,0.9599239664185015
2004-11-29,1226,4.3,2.0,1.2,0.14,10.9,0,0,0,0,0,1262.6,-4.499999999999999,0.9710121970536988
2004-11-15,1288,8.4,2.9,3.0,0.0,13.9,0,0,0,0,0,1262.6,-0.3999999999999986,1.0201172184381435
2004-11-01,1332,9.7,8.9,30.0,0.0,29.6,1,0,0,0,0,1262.6,0.9000000000000004,1.0549659432916205
2004-11-08,1255,6.5,3.3,0.0,0.0,23.4,0,0,0,0,0,1262.6,-2.299999999999999,0.9939806747980359
2004-11-23,1300,9.8,6.0,0.2,0.0,19.9,0,0,0,0,0,1220.6,1.0000000000000018,1.0650499754219238
2004-11-16,1236,11.0,7.2,0.7,0.0,18.4,0,0,0,0,0,1220.6,2.200000000000001,1.0126167458626905
2004-11-02,1143,9.9,8.4,1.8,0.0,27.6,0,0,0,0,0,1220.6,1.1000000000000014,0.9364247091594299
2004-11-09,1305,9.7,3.3,0.0,0.0,25.1,0,0,0,0,0,1220.6,0.9000000000000004,1.069146321481239
2004-11-30,1119,4.2,2.0,11.5,0.91,23.3,1,0,0,0,0,1220.6,-4.599999999999999,0.9167622480747174
2004-11-03,1269,10.0,7.0,1.3,0.0,21.4,0,0,0,0,0,1283.0,1.200000000000001,0.9890880748246298
2004-11-10,1400,13.6,7.1,0.0,0.0,27.1,0,0,0,0,0,1283.0,4.800000000000001,1.0911925175370225
2004-11-24,1115,6.0,1.7,16.5,8.12,39.0,1,1,0,0,0,1283.0,-2.799999999999999,0.8690568978955573
2004-11-17,1348,13.8,10.0,3.7,0.0,17.7,0,0,0,0,0,1283.0,5.000000000000002,1.0506625097427904
2004-11-04,1269,10.1,7.2,8.2,0.0,33.3,0,0,0,0,0,1135.5,1.3000000000000007,1.1175693527080581
2004-11-25,721,1.7,-2.8,0.7,0.14,29.8,0,0,0,0,0,1135.5,-7.099999999999999,0.6349625715543813
2004-11-18,1284,13.5,10.1,5.2,0.0,15.2,0,0,0,0,0,1135.5,4.700000000000001,1.130779392338177
2004-11-11,1268,10.2,4.5,0.2,0.0,35.0,0,0,0,0,0,1135.5,1.4000000000000004,1.1166886833993834
2004-11-19,1347,11.4,9.7,10.6,0.0,17.6,1,0,0,0,0,1295.5,2.6000000000000014,1.0397529911231185
2004-11-26,1136,6.6,-2.7,0.4,0.0,23.0,0,0,0,0,0,1295.5,-2.1999999999999993,0.8768815129293709
2004-11-05,1378,10.7,4.2,0.0,0.0,28.0,0,0,0,0,0,1295.5,1.9000000000000004,1.063681976071015
2004-11-12,1321,5.9,3.3,0.0,0.0,20.9,0,0,0,0,0,1295.5,-2.8999999999999986,1.0196835198764955
2004-11-13,1222,5.6,2.4,0.0,0.0,14.7,0,0,0,0,0,1262.0,-3.1999999999999993,0.9683042789223455
2004-11-20,1439,10.9,6.8,0.2,0.0,25.2,0,0,0,0,0,1262.0,2.1000000000000014,1.1402535657686212
2004-11-06,1271,14.3,6.9,0.0,0.0,24.7,0,0,0,0,0,1262.0,5.500000000000002,1.0071315372424723
2004-11-27,1116,7.6,3.0,12.9,0.0,30.8,1,0,0,0,0,1262.0,-1.1999999999999993,0.884310618066561
2004-12-26,869,-3.5,-6.3,0.0,0.07,21.0,0,0,0,0,0,993.0,-5.361290322580645,0.8751258811681772
2004-12-19,911,-4.1,-11.2,0.1,0.49,39.9,0,0,0,0,0,993.0,-5.961290322580645,0.9174219536757301
2004-12-05,1101,6.5,1.5,0.6,0.0,25.8,0,0,0,0,0,993.0,4.638709677419355,1.108761329305136
2004-12-12,1091,6.1,0.3,0.4,0.0,39.9,0,0,0,0,0,993.0,4.2387096774193544,1.0986908358509566
2004-12-06,1204,8.1,4.5,7.4,0.0,27.3,0,0,0,0,0,1087.25,6.2387096774193544,1.1073810071280754
2004-12-20,1050,-1.7,-11.3,0.0,0.0,34.7,0,0,0,0,0,1087.25,-3.5612903225806454,0.9657392504023914
2004-12-27,1026,-3.2,-8.1,0.0,0.0,22.7,0,0,0,0,0,1087.25,-5.061290322580645,0.9436652103931938
2004-12-13,1069,-0.3,-2.9,0.0,0.0,40.5,0,0,0,0,0,1087.25,-2.161290322580645,0.9832145320763394
2004-12-07,1256,8.4,4.9,25.9,0.0,23.1,1,0,0,0,0,1129.0,6.538709677419355,1.112488928255093
2004-12-21,1060,2.2,-6.7,0.4,0.28,33.7,0,0,0,0,0,1129.0,0.338709677419355,0.9388839681133747
2004-12-28,1144,3.1,-5.2,0.0,0.0,24.4,0,0,0,0,0,1129.0,1.238709677419355,1.0132860938883967
2004-12-14,1056,-3.2,-6.3,0.0,0.0,25.2,0,0,0,0,0,1129.0,-5.061290322580645,0.9353410097431355
2004-12-01,1273,2.2,-2.7,3.4,0.77,30.9,0,0,0,0,0,1189.2,0.338709677419355,1.0704675412041709
2004-12-22,1078,-6.7,-10.9,0.0,0.07,24.0,0,0,0,1,0,1189.2,-8.561290322580646,0.9064917591658257
2004-12-29,1118,2.6,-1.8,0.0,0.0,14.7,0,0,0,0,0,1189.2,0.7387096774193549,0.9401278170198453
2004-12-15,1274,2.1,-5.7,0.0,0.0,31.1,0,0,0,0,0,1189.2,0.2387096774193549,1.0713084426505213
2004-12-08,1203,5.5,2.5,0.0,0.0,22.2,0,0,0,0,0,1189.2,3.638709677419355,1.0116044399596367
2004-12-02,1186,3.0,-0.9,0.0,0.0,27.3,0,0,0,0,0,1163.4,1.1387096774193548,1.019425820869864
2004-12-23,1069,-5.9,-11.3,1.2,1.05,32.0,0,0,0,1,0,1163.4,-7.7612903225806456,0.9188585181364964
2004-12-30,1171,9.4,0.1,2.1,0.0,39.5,0,0,0,0,0,1163.4,7.538709677419355,1.0065325769296887
2004-12-16,1160,4.2,-0.4,0.0,0.0,29.5,0,0,0,0,0,1163.4,2.338709677419355,0.9970775313735601
2004-12-09,1231,8.1,3.6,0.6,0.0,17.1,0,0,0,0,0,1163.4,6.2387096774193544,1.0581055526903902
2004-12-24,830,-11.7,-15.9,0.0,0.0,22.9,0,0,0,1,0,1156.4,-13.561290322580644,0.7177447250086475
2004-12-31,1094,9.7,0.9,0.9,0.0,35.0,0,0,0,0,0,1156.4,7.838709677419354,0.9460394327222413
2004-12-03,1292,1.9,-1.7,0.0,0.0,24.7,0,0,0,0,0,1156.4,0.038709677419354716,1.1172604635074368
2004-12-17,1270,0.0,-2.7,0.0,0.0,21.1,0,0,0,0,0,1156.4,-1.8612903225806452,1.098235904531304
2004-12-10,1296,6.7,4.0,2.6,0.0,26.2,0,0,0,0,0,1156.4,4.838709677419355,1.12071947423037
2004-12-04,1141,6.9,1.5,0.0,0.0,30.7,0,0,0,0,0,985.25,5.038709677419355,1.1580817051509769
2004-12-11,1148,3.8,0.8,0.6,0.0,29.9,0,0,0,0,0,985.25,1.9387096774193546,1.1651865008880995
2004-12-18,981,2.7,-2.8,0.1,0.07,34.1,0,0,0,0,0,985.25,0.838709677419355,0.995686374016747
2004-12-25,671,-5.2,-11.7,0.6,0.56,20.9,0,0,0,1,0,985.25,-7.061290322580645,0.6810454199441766
2005-01-30,1018,-1.4,-5.2,0.0,0.0,15.8,0,0,0,0,0,975.0,0.23870967741935534,1.044102564102564
2005-01-16,968,-9.9,-12.7,0.0,0.0,19.9,0,0,0,1,0,975.0,-8.261290322580646,0.9928205128205129
2005-01-23,794,-7.6,-11.9,0.0,0.14,33.0,0,0,0,1,0,975.0,-5.961290322580645,0.8143589743589743
2005-01-02,1074,9.2,0.6,3.7,0.0,27.0,0,0,0,0,0,975.0,10.838709677419354,1.1015384615384616
2005-01-09,1021,1.7,-7.3,0.1,0.0,20.7,0,0,0,0,0,975.0,3.338709677419355,1.0471794871794873
2005-01-17,1058,-12.5,-15.4,0.0,0.0,22.3,0,0,0,1,0,1088.2,-10.861290322580645,0.9722477485756295
2005-01-03,1087,1.4,0.5,12.3,0.28,25.9,1,0,0,0,0,1088.2,3.038709677419355,0.9988972615328064
2005-01-24,1048,-1.6,-10.5,0.0,0.0,27.4,0,0,0,0,0,1088.2,0.03870967741935516,0.9630582613490167
2005-01-31,1068,-1.8,-7.7,0.0,0.0,8.9,0,0,0,0,0,1088.2,-0.1612903225806448,0.9814372358022422
2005-01-10,1180,1.4,-3.4,0.0,0.07,17.8,0,0,0,0,0,1088.2,3.038709677419355,1.084359492740305
2005-01-18,1046,-6.5,-14.8,1.5,1.12,38.7,0,0,0,1,0,1143.5,-4.861290322580645,0.9147354613030171
2005-01-04,1123,1.3,-0.2,2.8,1.61,28.8,0,0,0,0,0,1143.5,2.9387096774193555,0.9820725841714036
2005-01-11,1157,1.1,-0.2,7.5,4.06,18.8,0,1,0,0,0,1143.5,2.7387096774193553,1.0118058592041976
2005-01-25,1248,2.0,-6.9,0.0,0.0,20.7,0,0,0,0,0,1143.5,3.6387096774193552,1.0913860953213816
2005-01-05,942,-0.4,-3.3,15.1,10.57,34.2,1,1,0,0,0,1093.25,1.2387096774193553,0.861651040475646
2005-01-12,1244,11.6,0.7,15.9,0.0,34.0,1,0,0,0,0,1093.25,13.238709677419354,1.137891607592042
2005-01-26,1129,0.5,-6.2,0.0,0.07,31.4,0,0,0,0,0,1093.25,2.1387096774193552,1.032700663160302
2005-01-19,1058,0.4,-5.8,0.5,0.35,38.5,0,0,0,0,0,1093.25,2.038709677419355,0.96775668877201
2005-01-27,1054,-6.6,-14.0,0.0,0.0,18.9,0,0,0,1,0,1065.0,-4.961290322580645,0.9896713615023475
2005-01-13,1204,10.2,-6.0,17.7,3.36,27.1,1,1,0,0,0,1065.0,11.838709677419354,1.1305164319248826
2005-01-06,947,-2.3,-7.7,7.7,5.39,30.0,0,1,0,0,0,1065.0,-0.6612903225806446,0.8892018779342723
2005-01-20,1055,-3.2,-5.2,5.1,3.78,19.2,0,1,0,0,0,1065.0,-1.561290322580645,0.9906103286384976
2005-01-14,1114,-7.4,-12.9,0.0,0.0,30.0,0,0,0,1,0,1102.25,-5.7612903225806456,1.010660013608528
2005-01-21,1061,-5.5,-9.0,2.6,1.89,25.8,0,0,0,1,0,1102.25,-3.8612903225806448,0.9625765479700612
2005-01-07,1146,-3.5,-9.5,0.0,0.0,20.6,0,0,0,0,0,1102.25,-1.8612903225806448,1.0396915400317532
2005-01-28,1088,-5.2,-15.3,0.0,0.0,18.8,0,0,0,1,0,1102.25,-3.561290322580645,0.9870718983896575
2005-01-01,1978,2.7,-1.5,2.7,0.0,20.9,0,0,0,0,0,1188.6,4.338709677419356,1.6641426888776714
2005-01-15,1093,-9.0,-13.5,0.0,0.0,14.2,0,0,0,1,0,1188.6,-7.361290322580645,0.9195692411240115
2005-01-22,748,-5.7,-9.4,12.5,8.82,45.8,1,1,0,1,1,1188.6,-4.0612903225806445,0.629311795389534
2005-01-08,1025,-3.0,-7.3,0.7,0.56,13.2,0,0,0,0,0,1188.6,-1.3612903225806448,0.8623590779067811
2005-01-29,1099,-1.2,-6.5,0.0,0.07,17.1,0,0,0,0,0,1188.6,0.4387096774193553,0.9246171967020024
2005-02-20,1025,1.4,-1.3,13.9,4.97,22.7,1,1,0,0,0,994.25,0.1607142857142856,1.0309278350515463
2005-02-13,975,3.4,-0.9,14.3,0.0,29.8,1,0,0,0,0,994.25,2.1607142857142856,0.9806386723661051
2005-02-06,1007,4.5,1.9,1.2,0.0,21.6,0,0,0,0,0,994.25,3.2607142857142857,1.0128237364847876
2005-02-27,970,2.1,-4.8,0.7,0.0,18.8,0,0,0,0,0,994.25,0.8607142857142858,0.975609756097561
2005-02-28,1152,1.1,-3.4,10.1,4.9,23.7,1,1,0,0,0,1114.5,-0.13928571428571423,1.0336473755047106
2005-02-07,1078,4.0,-0.3,8.5,0.07,21.5,0,0,0,0,0,1114.5,2.7607142857142857,0.9672498878420817
2005-02-14,1133,6.4,1.7,8.4,0.0,27.9,0,0,0,0,0,1114.5,5.1607142857142865,1.0165993719156572
2005-02-21,1095,1.1,-1.0,0.0,0.0,17.1,0,0,0,0,0,1114.5,-0.13928571428571423,0.9825033647375505
2005-02-22,1158,0.1,-4.1,0.8,0.77,17.1,0,0,0,0,0,1184.75,-1.1392857142857142,0.9774213969191813
2005-02-01,1241,-0.8,-5.0,0.0,0.0,7.8,0,0,0,0,0,1184.75,-2.0392857142857146,1.0474783709643385
2005-02-15,1164,2.4,-0.4,8.4,1.89,15.5,0,0,0,0,0,1184.75,1.1607142857142856,0.9824857564887107
2005-02-08,1176,-0.5,-4.9,0.3,0.28,23.1,0,0,0,0,0,1184.75,-1.7392857142857143,0.9926144756277696
2005-02-16,1217,0.2,-4.6,0.0,0.14,21.7,0,0,0,0,0,1159.75,-1.0392857142857144,1.0493640870877343
2005-02-02,1120,-1.7,-8.3,0.0,0.0,11.8,0,0,0,0,0,1159.75,-2.939285714285714,0.9657253718473809
2005-02-23,1170,0.2,-5.9,0.0,0.0,9.7,0,0,0,0,0,1159.75,-1.0392857142857144,1.0088381116619962
2005-02-09,1132,-2.4,-5.6,0.5,0.77,16.7,0,0,0,0,0,1159.75,-3.6392857142857142,0.9760724294028885
2005-02-17,1101,-3.9,-6.9,0.0,0.0,25.8,0,0,0,0,0,1136.75,-5.139285714285714,0.96855069276446
2005-02-03,1072,3.3,-9.3,0.0,0.0,18.9,0,0,0,0,0,1136.75,2.0607142857142855,0.9430393666153508
2005-02-10,1160,-1.7,-6.7,0.0,0.0,19.8,0,0,0,0,0,1136.75,-2.939285714285714,1.0204530459643721
2005-02-24,1214,0.0,-4.5,0.3,0.35,9.7,0,0,0,0,0,1136.75,-1.2392857142857143,1.0679568946558171
2005-02-25,1323,2.3,-4.4,0.0,0.0,15.1,0,0,0,0,0,1274.0,1.0607142857142855,1.0384615384615385
2005-02-18,1303,-4.7,-11.5,0.0,0.0,22.7,0,0,0,0,0,1274.0,-5.939285714285715,1.0227629513343799
2005-02-11,1225,2.9,-6.3,0.2,0.28,22.8,0,0,0,0,0,1274.0,1.6607142857142856,0.9615384615384616
2005-02-04,1245,4.6,-6.7,0.0,0.0,18.0,0,0,0,0,0,1274.0,3.3607142857142853,0.9772370486656201
2005-02-26,1126,-2.0,-5.7,0.0,0.0,17.2,0,0,0,0,0,1133.25,-3.2392857142857143,0.9936024707699096
2005-02-19,1138,2.2,-6.8,0.0,0.07,19.3,0,0,0,0,0,1133.25,0.9607142857142859,1.0041914846679902
2005-02-12,1126,4.1,-1.8,0.0,0.0,24.5,0,0,0,0,0,1133.25,2.8607142857142853,0.9936024707699096
2005-02-05,1143,6.1,-1.4,0.0,0.0,21.6,0,0,0,0,0,1133.25,4.860714285714286,1.0086035737921906
2005-03-27,1035,2.9,-1.6,0.0,0.0,12.4,0,0,0,0,0,1081.75,0.17096774193548336,0.9567829905246129
2005-03-20,1092,1.5,-2.4,0.0,0.0,16.6,0,0,0,0,0,1081.75,-1.2290322580645165,1.0094753871042292
2005-03-13,1037,-1.7,-8.3,0.0,0.0,14.6,0,0,0,0,0,1081.75,-4.429032258064517,0.9586318465449503
2005-03-06,1163,10.2,0.0,0.0,0.0,33.0,0,0,0,0,0,1081.75,7.470967741935483,1.0751097758262076
2005-03-14,1206,1.0,-6.6,0.1,0.0,8.4,0,0,0,0,0,1162.5,-1.7290322580645165,1.0374193548387096
2005-03-07,1135,8.5,-6.8,0.5,0.14,35.0,0,0,0,0,0,1162.5,5.7709677419354835,0.9763440860215054
2005-03-28,1200,5.6,-0.6,0.0,0.0,13.7,0,0,0,0,0,1162.5,2.870967741935483,1.032258064516129
2005-03-21,1109,-0.1,-3.7,0.0,0.0,17.4,0,0,0,0,0,1162.5,-2.8290322580645166,0.9539784946236559
2005-03-08,1135,-2.3,-10.2,0.0,0.0,24.2,0,0,0,0,0,1232.2,-5.029032258064516,0.9211167018341178
2005-03-22,1106,2.1,-2.0,0.0,0.0,29.0,0,0,0,0,0,1232.2,-0.6290322580645165,0.8975815614348319
2005-03-01,1278,-3.7,-7.5,0.4,0.35,33.3,0,0,0,0,0,1232.2,-6.429032258064517,1.0371692906995618
2005-03-29,1328,12.2,0.9,0.0,0.0,24.5,0,0,0,0,0,1232.2,9.470967741935482,1.0777471189741925
2005-03-15,1314,1.3,-5.8,0.0,0.0,14.2,0,0,0,0,0,1232.2,-1.4290322580645165,1.0663853270572958
2005-03-23,1169,1.6,-0.7,3.0,2.17,27.1,0,1,0,0,0,1192.0,-1.1290322580645165,0.9807046979865772
2005-03-30,1285,15.3,8.2,7.8,0.0,30.6,0,0,0,0,0,1192.0,12.570967741935483,1.0780201342281879
2005-03-02,1176,-5.4,-10.6,0.0,0.0,20.2,0,0,0,1,0,1192.0,-8.129032258064516,0.9865771812080537
2005-03-09,1070,-2.3,-8.4,0.0,0.0,17.7,0,0,0,0,0,1192.0,-5.029032258064516,0.8976510067114094
2005-03-16,1260,5.3,-4.4,2.0,0.49,20.9,0,0,0,0,0,1192.0,2.5709677419354833,1.0570469798657718
2005-03-03,1283,-0.8,-8.0,0.0,0.0,9.6,0,0,0,0,0,1212.6,-3.5290322580645164,1.058057067458354
2005-03-17,1218,-0.8,-3.5,4.9,3.57,18.0,0,1,0,0,0,1212.6,-3.5290322580645164,1.004453240969817
2005-03-10,1132,1.2,-6.4,5.2,2.87,29.9,0,1,0,0,0,1212.6,-1.5290322580645166,0.9335312551542142
2005-03-24,1158,3.7,-1.8,0.6,0.0,9.8,0,0,0,0,0,1212.6,0.9709677419354836,0.954972785749629
2005-03-31,1272,10.3,5.5,0.0,0.0,33.9,0,0,0,0,0,1212.6,7.570967741935484,1.0489856506679862
2005-03-18,1351,4.6,-3.1,0.0,0.0,19.8,0,0,0,0,0,1261.5,1.870967741935483,1.0709472849782005
2005-03-04,1234,3.0,-5.9,1.6,0.0,13.8,0,0,0,0,0,1261.5,0.27096774193548345,0.9782005548949663
2005-03-11,1276,1.3,-3.7,1.8,1.19,31.1,0,0,0,0,0,1261.5,-1.4290322580645165,1.0114942528735633
2005-03-25,1185,1.4,-0.5,4.1,1.54,24.3,0,0,0,0,0,1261.5,-1.3290322580645166,0.93935790725327
2005-03-12,1112,-0.9,-5.7,0.6,0.42,31.1,0,0,0,0,0,1175.0,-3.6290322580645165,0.9463829787234043
2005-03-26,1227,2.1,-0.8,0.1,0.28,16.8,0,0,0,0,0,1175.0,-0.6290322580645165,1.044255319148936
2005-03-05,1209,2.0,-3.0,0.0,0.0,21.0,0,0,0,0,0,1175.0,-0.7290322580645165,1.028936170212766
2005-03-19,1152,5.5,-0.3,6.2,0.0,19.3,0,0,0,0,0,1175.0,2.7709677419354835,0.9804255319148936
2005-04-03,1086,7.8,0.4,0.0,0.0,14.1,0,0,0,0,0,1218.0,-3.4366666666666665,0.8916256157635468
2005-04-10,1290,15.0,7.4,0.0,0.0,27.9,0,0,0,0,0,1218.0,3.7633333333333336,1.0591133004926108
2005-04-24,1170,8.0,1.4,0.1,0.14,32.7,0,0,0,0,0,1218.0,-3.2366666666666664,0.9605911330049262
2005-04-17,1326,16.8,8.4,1.1,0.0,15.4,0,0,0,0,0,1218.0,5.563333333333334,1.0886699507389161
2005-04-18,1284,18.8,8.3,0.0,0.0,15.6,0,0,0,0,0,1287.0,7.563333333333334,0.9976689976689976
2005-04-11,1246,15.3,9.0,0.0,0.0,31.6,0,0,0,0,0,1287.0,4.063333333333334,0.9681429681429682
2005-04-04,1234,11.4,2.0,0.0,0.0,22.3,0,0,0,0,0,1287.0,0.163333333333334,0.9588189588189588
2005-04-25,1384,14.9,4.3,0.0,0.0,28.5,0,0,0,0,0,1287.0,3.663333333333334,1.0753690753690754
2005-04-12,1161,9.4,6.2,3.2,0.0,30.0,0,0,0,0,0,1304.25,-1.836666666666666,0.8901667625071881
2005-04-26,1292,11.7,6.1,1.7,0.0,23.5,0,0,0,0,0,1304.25,0.46333333333333293,0.9906076289055012
2005-04-05,1404,16.6,8.4,0.0,0.0,22.0,0,0,0,0,0,1304.25,5.363333333333335,1.0764807360552042
2005-04-19,1360,20.7,13.6,2.7,0.0,24.8,0,0,0,0,0,1304.25,9.463333333333333,1.0427448725321067
2005-04-06,1423,16.1,10.8,0.9,0.0,15.5,0,0,0,0,0,1335.75,4.863333333333335,1.0653191091147296
2005-04-13,1269,7.1,3.8,0.0,0.0,30.9,0,0,0,0,0,1335.75,-4.136666666666667,0.9500280741156654
2005-04-27,1315,10.3,4.5,0.8,0.0,22.7,0,0,0,0,0,1335.75,-0.9366666666666656,0.9844656559985027
2005-04-20,1336,16.5,5.9,5.4,0.0,27.5,0,0,0,0,0,1335.75,5.263333333333334,1.0001871607711024
2005-04-21,1330,8.7,5.6,0.0,0.0,27.7,0,0,0,0,0,1324.5,-2.536666666666667,1.0041525103812758
2005-04-07,1339,9.8,2.8,2.7,0.0,32.6,0,0,0,0,0,1324.5,-1.4366666666666656,1.0109475273688184
2005-04-28,1252,8.4,3.9,0.2,0.0,18.8,0,0,0,0,0,1324.5,-2.836666666666666,0.9452623631559078
2005-04-14,1377,8.2,4.1,0.0,0.0,17.6,0,0,0,0,0,1324.5,-3.036666666666667,1.0396375990939977
2005-04-29,1357,8.4,5.3,0.0,0.0,15.8,0,0,0,0,0,1383.4,-2.836666666666666,0.9809165823333814
2005-04-15,1380,9.1,3.5,0.0,0.0,12.6,0,0,0,0,0,1383.4,-2.1366666666666667,0.997542287118693
2005-04-22,1212,8.9,3.7,11.1,0.0,36.4,1,0,0,0,0,1383.4,-2.336666666666666,0.8761023565129391
2005-04-01,1547,7.1,1.8,0.8,0.0,19.3,0,0,0,0,0,1383.4,-4.136666666666667,1.1182593609946507
2005-04-08,1421,7.2,2.4,0.0,0.0,15.8,0,0,0,0,0,1383.4,-4.036666666666666,1.0271794130403353
2005-04-30,1191,9.9,3.3,0.3,0.0,15.6,0,0,0,0,0,1215.2,-1.336666666666666,0.9800855826201448
2005-04-23,1082,3.4,1.3,0.4,0.21,38.8,0,0,0,0,0,1215.2,-7.836666666666666,0.8903884134298881
2005-04-16,1363,15.0,6.3,0.0,0.0,14.4,0,0,0,0,0,1215.2,3.7633333333333336,1.1216260697827518
2005-04-02,1127,6.2,1.9,0.0,0.0,26.2,0,0,0,0,0,1215.2,-5.036666666666666,0.9274193548387096
2005-04-09,1313,10.4,4.6,0.0,0.0,16.0,0,0,0,0,0,1215.2,-0.836666666666666,1.0804805793285055
2005-05-01,1279,9.3,3.4,0.6,0.0,28.1,0,0,0,0,0,1238.8,-7.2258064516129075,1.0324507587988376
2005-05-15,1162,10.8,7.8,0.4,0.0,20.5,0,0,0,0,0,1238.8,-5.7258064516129075,0.9380045205037133
2005-05-22,1279,24.1,14.6,2.0,0.0,24.0,0,0,0,0,0,1238.8,7.574193548387093,1.0324507587988376
2005-05-08,1248,22.1,8.7,0.0,0.0,22.0,0,0,0,0,0,1238.8,5.574193548387093,1.0074265418146593
2005-05-29,1226,20.1,11.3,0.0,0.0,13.1,0,0,0,0,0,1238.8,3.5741935483870932,0.9896674200839523
2005-05-09,1366,21.4,16.2,0.4,0.0,29.7,0,0,0,0,0,1275.4,4.87419354838709,1.071036537556845
2005-05-16,1326,11.5,7.0,0.0,0.0,20.6,0,0,0,0,0,1275.4,-5.025806451612908,1.0396738278187234
2005-05-30,1186,18.3,14.2,0.0,0.0,14.8,0,0,0,0,0,1275.4,1.7741935483870925,0.9299043437352986
2005-05-02,1239,6.8,2.9,0.5,0.0,20.8,0,0,0,0,0,1275.4,-9.725806451612907,0.9714599341383094
2005-05-23,1260,17.4,11.2,0.2,0.0,24.2,0,0,0,0,0,1275.4,0.8741935483870904,0.9879253567508232
2005-05-31,1293,17.1,13.3,0.0,0.0,17.5,0,0,0,0,0,1329.6,0.5741935483870932,0.9724729241877257
2005-05-10,1419,24.0,14.9,0.0,0.0,21.1,0,0,0,0,0,1329.6,7.474193548387092,1.0672382671480145
2005-05-24,1280,14.3,10.8,0.0,0.0,19.2,0,0,0,0,0,1329.6,-2.2258064516129075,0.9626955475330927
2005-05-17,1340,16.8,9.0,0.0,0.0,19.5,0,0,0,0,0,1329.6,0.27419354838709253,1.0078219013237064
2005-05-03,1316,6.7,2.2,0.0,0.0,16.8,0,0,0,0,0,1329.6,-9.825806451612909,0.989771359807461
2005-05-11,1399,16.8,8.1,4.8,0.0,36.9,0,0,0,0,0,1338.5,0.27419354838709253,1.0451998505790063
2005-05-25,1318,16.1,11.4,0.0,0.0,14.8,0,0,0,0,0,1338.5,-0.42580645161290676,0.9846843481509152
2005-05-04,1281,11.3,3.0,0.0,0.0,15.1,0,0,0,0,0,1338.5,-5.2258064516129075,0.9570414643257378
2005-05-18,1356,20.3,12.8,0.0,0.0,21.9,0,0,0,0,0,1338.5,3.7741935483870925,1.0130743369443407
2005-05-19,1334,18.5,13.6,7.5,0.0,25.7,0,0,0,0,0,1344.5,1.9741935483870918,0.9921904053551506
2005-05-05,1392,14.8,6.9,0.0,0.0,18.1,0,0,0,0,0,1344.5,-1.7258064516129075,1.0353291186314615
2005-05-12,1276,12.0,7.3,2.7,0.0,28.5,0,0,0,0,0,1344.5,-4.525806451612908,0.9490516920788398
2005-05-26,1376,18.7,12.9,0.5,0.0,15.5,0,0,0,0,0,1344.5,2.174193548387091,1.0234287839345482
2005-05-13,1388,20.8,9.0,8.8,0.0,27.0,0,0,0,0,0,1389.25,4.2741935483870925,0.9991002339391758
2005-05-06,1403,19.7,9.7,0.9,0.0,19.2,0,0,0,0,0,1389.25,3.174193548387091,1.0098974266690661
2005-05-20,1400,14.5,11.4,0.0,0.0,23.5,0,0,0,0,0,1389.25,-2.025806451612908,1.007737988123088
2005-05-27,1366,19.7,13.4,0.1,0.0,22.3,0,0,0,0,0,1389.25,3.174193548387091,0.9832643512686702
2005-05-28,1225,18.3,11.7,0.0,0.0,17.8,0,0,0,0,0,1241.25,1.7741935483870925,0.9869083585095669
2005-05-21,1241,18.8,10.6,0.0,0.0,13.3,0,0,0,0,0,1241.25,2.2741935483870925,0.9997985901309164
2005-05-07,1277,14.8,7.8,0.0,0.0,16.1,0,0,0,0,0,1241.25,-1.7258064516129075,1.0288016112789526
2005-05-14,1222,16.5,10.6,0.2,0.0,35.1,0,0,0,0,0,1241.25,-0.025806451612908177,0.984491440080564
2005-06-12,1315,24.4,21.9,0.0,0.0,21.2,0,0,0,0,0,1294.0,-1.9866666666666646,1.0162287480680061
2005-06-19,1207,22.1,16.3,0.0,0.0,14.4,0,0,0,0,0,1294.0,-4.286666666666662,0.9327666151468316
2005-06-05,1293,27.9,22.8,2.5,0.0,26.0,0,0,0,0,0,1294.0,1.5133333333333354,0.999227202472952
2005-06-26,1361,29.8,22.4,0.0,0.0,13.8,0,0,0,0,0,1294.0,3.4133333333333375,1.0517774343122102
2005-06-06,1276,29.0,19.8,0.0,0.0,24.4,0,0,0,0,0,1331.5,2.613333333333337,0.9583176868193767
2005-06-27,1354,31.5,24.1,0.0,0.0,15.6,0,0,1,0,0,1331.5,5.113333333333337,1.0168982350732256
2005-06-20,1234,25.3,17.4,0.0,0.0,15.7,0,0,0,0,0,1331.5,-1.0866666666666625,0.9267743146826887
2005-06-13,1462,28.3,20.9,0.3,0.0,22.3,0,0,0,0,0,1331.5,1.9133333333333375,1.098009763424709
2005-06-21,1360,28.0,19.9,1.8,0.0,18.0,0,0,0,0,0,1385.0,1.6133333333333368,0.9819494584837545
2005-06-07,1373,30.8,20.9,0.0,0.0,22.8,0,0,1,0,0,1385.0,4.4133333333333375,0.9913357400722022
2005-06-14,1434,25.8,21.2,0.1,0.0,32.7,0,0,0,0,0,1385.0,-0.5866666666666625,1.0353790613718412
2005-06-28,1373,30.0,24.6,0.1,0.0,21.2,0,0,1,0,0,1385.0,3.613333333333337,0.9913357400722022
2005-06-08,1326,30.2,22.7,0.0,0.0,20.1,0,0,1,0,0,1389.0,3.813333333333336,0.9546436285097192
2005-06-29,1459,27.9,24.4,9.5,0.0,14.0,0,0,0,0,0,1389.0,1.5133333333333354,1.0503959683225341
2005-06-22,1291,22.9,20.3,0.0,0.0,17.6,0,0,0,0,0,1389.0,-3.4866666666666646,0.9294456443484521
2005-06-01,1522,21.4,14.5,0.0,0.0,21.5,0,0,0,0,0,1389.0,-4.986666666666665,1.095752339812815
2005-06-15,1347,21.2,16.5,0.7,0.0,30.2,0,0,0,0,0,1389.0,-5.186666666666664,0.9697624190064795
2005-06-23,1263,30.5,19.2,0.0,0.0,20.7,0,0,1,0,0,1272.4,4.113333333333337,0.9926123860421251
2005-06-16,1273,22.1,15.5,0.0,0.0,21.5,0,0,0,0,0,1272.4,-4.286666666666662,1.0004715498270984
2005-06-30,1324,30.6,24.8,1.2,0.0,21.0,0,0,1,0,0,1272.4,4.213333333333338,1.040553285130462
2005-06-09,1259,27.3,22.0,0.0,0.0,12.6,0,0,0,0,0,1272.4,0.9133333333333375,0.9894687205281357
2005-06-02,1243,21.3,16.8,1.3,0.0,17.5,0,0,0,0,0,1272.4,-5.0866666666666625,0.9768940584721785
2005-06-24,1298,33.3,23.8,0.0,0.0,21.7,0,0,1,0,0,1374.25,6.913333333333334,0.9445151901036929
2005-06-03,1334,20.8,17.0,0.2,0.0,16.6,0,0,0,0,0,1374.25,-5.5866666666666625,0.9707112970711297
2005-06-17,1409,17.8,16.0,0.0,0.0,24.0,0,0,0,0,0,1374.25,-8.586666666666662,1.0252865199199563
2005-06-10,1456,29.1,23.1,1.5,0.0,16.7,0,0,0,0,0,1374.25,2.7133333333333383,1.059486992905221
2005-06-18,1242,18.2,15.0,0.0,0.0,14.8,0,0,0,0,0,1303.0,-8.186666666666664,0.953184957789716
2005-06-25,1310,27.6,23.0,0.0,0.0,18.2,0,0,0,0,0,1303.0,1.2133333333333383,1.0053722179585571
2005-06-11,1343,28.5,23.0,4.1,0.0,23.8,0,0,0,0,0,1303.0,2.113333333333337,1.0306983883346124
2005-06-04,1317,28.0,18.9,0.4,0.0,25.3,0,0,0,0,0,1303.0,1.6133333333333368,1.0107444359171143
2005-07-10,1353,28.7,20.6,0.0,0.0,13.3,0,0,0,0,0,1308.6,1.5516129032257986,1.0339293901879871
2005-07-24,1285,34.7,25.5,0.0,0.0,28.9,0,0,1,0,0,1308.6,7.551612903225802,0.9819654592694483
2005-07-31,1316,29.0,21.5,0.0,0.0,14.9,0,0,0,0,0,1308.6,1.8516129032257993,1.0056548983646647
2005-07-03,1205,28.6,18.8,0.0,0.0,18.7,0,0,0,0,0,1308.6,1.4516129032258007,0.9208314228946967
2005-07-17,1384,31.5,23.4,0.0,0.0,21.4,0,0,1,0,0,1308.6,4.351612903225799,1.0576188292832034
2005-07-25,1382,32.6,24.5,3.1,0.0,25.6,0,0,1,0,0,1323.75,5.451612903225801,1.044003777148253
2005-07-18,1338,30.6,24.4,1.5,0.0,23.8,0,0,1,0,0,1323.75,3.4516129032258007,1.0107648725212464
2005-07-04,1255,25.6,21.4,6.5,0.0,20.9,0,0,0,0,0,1323.75,-1.5483870967741993,0.9480642115203022
2005-07-11,1320,28.1,22.1,0.0,0.0,16.3,0,0,0,0,0,1323.75,0.9516129032258007,0.9971671388101983
2005-07-19,1312,29.2,21.6,0.0,0.0,19.0,0,0,0,0,0,1313.0,2.0516129032257986,0.9992383853769993
2005-07-05,1405,26.8,20.2,0.3,0.0,19.4,0,0,0,0,0,1313.0,-0.3483870967742,1.07006854531607
2005-07-26,1186,29.2,20.6,30.4,0.0,28.4,1,0,0,0,0,1313.0,2.0516129032257986,0.9032749428789033
2005-07-12,1349,26.0,21.8,11.7,0.0,29.5,1,0,0,0,0,1313.0,-1.1483870967742007,1.0274181264280273
2005-07-06,1293,23.2,19.5,0.9,0.0,18.2,0,0,0,0,0,1339.25,-3.9483870967742014,0.9654657457532201
2005-07-20,1338,30.9,22.2,9.2,0.0,24.4,0,0,1,0,0,1339.25,3.751612903225798,0.999066641777114
2005-07-13,1461,25.4,21.3,1.8,0.0,23.0,0,0,0,0,0,1339.25,-1.7483870967742021,1.0909090909090908
2005-07-27,1265,20.3,18.1,1.4,0.0,23.2,0,0,0,0,0,1339.25,-6.8483870967742,0.944558521560575
2005-07-28,1319,23.8,16.2,0.0,0.0,12.9,0,0,0,0,0,1331.0,-3.3483870967742,0.990984222389181
2005-07-14,1334,25.3,22.6,0.0,0.0,22.5,0,0,0,0,0,1331.0,-1.8483870967742,1.0022539444027048
2005-07-21,1331,29.5,23.0,19.3,0.0,13.9,1,0,0,0,0,1331.0,2.3516129032257993,1.0
2005-07-07,1340,23.1,20.4,2.5,0.0,16.1,0,0,0,0,0,1331.0,-4.048387096774199,1.0067618332081143
2005-07-22,1376,25.8,23.1,0.0,0.0,16.3,0,0,0,0,0,1431.4,-1.3483870967742,0.9612966326673187
2005-07-29,1397,25.1,18.6,0.0,0.0,18.7,0,0,0,0,0,1431.4,-2.0483870967741993,0.975967584183317
2005-07-15,1586,26.1,22.3,0.0,0.0,17.9,0,0,0,0,0,1431.4,-1.0483870967741993,1.1080061478273018
2005-07-08,1352,25.5,19.8,0.0,0.0,14.6,0,0,0,0,0,1431.4,-1.6483870967742007,0.9445298309347492
2005-07-01,1446,25.9,18.3,0.0,0.0,21.3,0,0,0,0,0,1431.4,-1.2483870967742021,1.010199804387313
2005-07-30,1360,26.1,19.7,0.0,0.0,11.1,0,0,0,0,0,1376.6,-1.0483870967741993,0.9879413046636641
2005-07-16,1462,28.3,23.2,3.0,0.0,16.1,0,0,0,0,0,1376.6,1.1516129032258,1.062036902513439
2005-07-02,1289,20.9,16.6,0.0,0.0,16.7,0,0,0,0,0,1376.6,-6.248387096774202,0.9363649571407817
2005-07-09,1411,27.1,19.7,0.0,0.0,15.9,0,0,0,0,0,1376.6,-0.04838709677419928,1.0249891035885517
2005-07-23,1361,28.7,22.0,0.0,0.0,20.2,0,0,0,0,0,1376.6,1.5516129032257986,0.988667732093564
2005-08-14,1251,23.2,21.0,0.7,0.0,13.2,0,0,0,0,0,1286.25,-3.3258064516129053,0.972594752186589
2005-08-21,1258,25.9,20.6,0.0,0.0,16.4,0,0,0,0,0,1286.25,-0.625806451612906,0.9780369290573372
2005-08-28,1340,26.4,20.5,0.0,0.0,17.8,0,0,0,0,0,1286.25,-0.12580645161290605,1.0417881438289602
2005-08-07,1296,28.1,20.3,0.0,0.0,11.2,0,0,0,0,0,1286.25,1.5741935483870968,1.0075801749271136
2005-08-29,1305,26.3,21.6,0.0,0.0,11.5,0,0,0,0,0,1358.0,-0.2258064516129039,0.9609720176730486
2005-08-01,1562,30.1,21.8,0.0,0.0,12.6,0,0,1,0,0,1358.0,3.574193548387097,1.150220913107511
2005-08-08,1350,29.7,22.0,0.0,0.0,10.4,0,0,0,0,0,1358.0,3.1741935483870947,0.9941089837997055
2005-08-15,1295,24.9,20.1,0.0,0.0,9.4,0,0,0,0,0,1358.0,-1.625806451612906,0.9536082474226805
2005-08-22,1278,22.1,18.7,0.0,0.0,19.0,0,0,0,0,0,1358.0,-4.425806451612903,0.9410898379970545
2005-08-16,1265,25.4,19.9,0.0,0.0,10.4,0,0,0,0,0,1313.2,-1.125806451612906,0.963295766067621
2005-08-02,1348,30.8,22.8,0.0,0.0,16.3,0,0,1,0,0,1313.2,4.274193548387096,1.026500152299726
2005-08-30,1342,24.6,20.7,0.0,0.0,26.9,0,0,0,0,0,1313.2,-1.9258064516129032,1.021931160523911
2005-08-09,1375,31.6,22.4,0.0,0.0,17.7,0,0,1,0,0,1313.2,5.074193548387097,1.0470606152908923
2005-08-23,1236,20.1,17.7,0.0,0.0,19.2,0,0,0,0,0,1313.2,-6.425806451612903,0.9412123058178495
2005-08-03,1324,30.9,23.7,0.0,0.0,24.0,0,0,1,0,0,1343.4,4.374193548387094,0.9855590293285692
2005-08-24,1350,23.3,17.7,0.0,0.0,16.6,0,0,0,0,0,1343.4,-3.225806451612904,1.0049129075480125
2005-08-31,1352,22.0,19.3,1.3,0.0,22.3,0,0,0,0,0,1343.4,-4.525806451612905,1.0064016674110465
2005-08-10,1401,28.4,22.8,2.6,0.0,16.7,0,0,0,0,0,1343.4,1.874193548387094,1.0428762840553818
2005-08-17,1290,26.2,20.5,0.2,0.0,13.5,0,0,0,0,0,1343.4,-0.32580645161290533,0.9602501116569897
2005-08-11,1344,27.3,23.6,7.1,0.0,22.1,0,0,0,0,0,1374.25,0.7741935483870961,0.9779879934509732
2005-08-18,1273,27.0,21.9,2.7,0.0,22.0,0,0,0,0,0,1374.25,0.4741935483870954,0.926323449154084
2005-08-25,1491,24.1,18.9,0.2,0.0,18.3,0,0,0,0,0,1374.25,-2.425806451612903,1.0849554302346736
2005-08-04,1389,29.8,25.3,0.5,0.0,25.6,0,0,0,0,0,1374.25,3.274193548387096,1.0107331271602693
2005-08-12,1378,27.8,22.9,7.7,0.0,24.1,0,0,0,0,0,1385.0,1.274193548387096,0.9949458483754513
2005-08-05,1398,25.9,22.9,0.0,0.0,18.7,0,0,0,0,0,1385.0,-0.625806451612906,1.0093862815884476
2005-08-19,1351,28.5,21.1,0.3,0.0,20.0,0,0,0,0,0,1385.0,1.9741935483870954,0.9754512635379061
2005-08-26,1413,26.7,20.4,0.0,0.0,11.3,0,0,0,0,0,1385.0,0.17419354838709467,1.020216606498195
2005-08-06,1335,26.4,20.9,0.0,0.0,13.1,0,0,0,0,0,1322.25,-0.12580645161290605,1.0096426545660806
2005-08-27,1308,26.1,21.5,0.0,0.0,18.1,0,0,0,0,0,1322.25,-0.4258064516129032,0.9892229154849688
2005-08-13,1310,24.8,22.0,5.9,0.0,15.7,0,0,0,0,0,1322.25,-1.725806451612904,0.9907354887502363
2005-08-20,1336,27.9,23.0,14.3,0.0,22.3,1,0,0,0,0,1322.25,1.374193548387094,1.0103989411987142
2005-09-25,1266,22.9,19.3,4.8,0.0,22.0,0,0,0,0,0,1307.0,-1.236666666666661,0.9686304514154552
2005-09-11,1403,29.6,22.2,0.0,0.0,20.8,0,0,0,0,0,1307.0,5.463333333333342,1.0734506503443
2005-09-18,1304,24.8,17.1,0.0,0.0,15.7,0,0,0,0,0,1307.0,0.6633333333333411,0.9977046671767407
2005-09-04,1255,24.3,17.1,3.4,0.0,12.1,0,0,0,0,0,1307.0,0.1633333333333411,0.9602142310635042
2005-09-26,1309,19.3,16.5,1.1,0.0,21.7,0,0,0,0,0,1292.75,-4.836666666666659,1.0125701024946818
2005-09-19,1282,26.0,19.0,17.3,0.0,31.8,1,0,0,0,0,1292.75,1.8633333333333404,0.9916843937342874
2005-09-12,1338,29.9,23.4,0.0,0.0,19.1,0,0,0,0,0,1292.75,5.763333333333339,1.0350029007928834
2005-09-05,1242,26.8,19.2,0.0,0.0,19.9,0,0,0,0,0,1292.75,2.663333333333341,0.9607426029781474
2005-09-13,1356,30.4,23.4,0.0,0.0,29.0,0,0,1,0,0,1340.75,6.263333333333339,1.0113742308409472
2005-09-20,1404,24.6,17.8,0.0,0.0,15.0,0,0,0,0,0,1340.75,0.4633333333333418,1.0471750885698303
2005-09-06,1226,26.4,19.4,0.0,0.0,20.5,0,0,0,0,0,1340.75,2.263333333333339,0.9144135744918889
2005-09-27,1377,21.0,12.9,0.0,0.0,15.0,0,0,0,0,0,1340.75,-3.1366666666666596,1.0270371060973336
2005-09-28,1259,22.0,12.7,11.4,0.0,38.0,1,0,0,0,0,1288.25,-2.1366666666666596,0.9772947797399573
2005-09-07,1281,27.8,20.5,0.0,0.0,17.5,0,0,0,0,0,1288.25,3.663333333333341,0.9943722103628954
2005-09-21,1301,26.2,18.4,0.0,0.0,22.7,0,0,0,0,0,1288.25,2.0633333333333397,1.009897147292839
2005-09-14,1312,24.8,19.1,4.3,0.0,20.3,0,0,0,0,0,1288.25,0.6633333333333411,1.0184358626043082
2005-09-29,1215,14.6,9.8,0.0,0.0,37.3,0,0,0,0,0,1335.0,-9.53666666666666,0.9101123595505618
2005-09-01,1540,25.7,19.4,0.0,0.0,13.8,0,0,0,0,0,1335.0,1.5633333333333397,1.1535580524344569
2005-09-08,1333,24.2,21.9,0.7,0.0,17.7,0,0,0,0,0,1335.0,0.06333333333333968,0.998501872659176
2005-09-15,1293,20.6,17.6,1.0,0.0,25.4,0,0,0,0,0,1335.0,-3.536666666666658,0.9685393258426966
2005-09-22,1294,27.7,19.9,7.1,0.0,29.3,0,0,0,0,0,1335.0,3.5633333333333397,0.9692883895131086
2005-09-16,1316,18.8,16.7,4.9,0.0,26.8,0,0,0,0,0,1352.4,-5.336666666666659,0.9730848861283643
2005-09-30,1323,18.6,10.3,0.0,0.0,25.0,0,0,0,0,0,1352.4,-5.536666666666658,0.9782608695652173
2005-09-23,1339,19.8,17.2,2.2,0.0,30.0,0,0,0,0,0,1352.4,-4.336666666666659,0.9900916888494528
2005-09-02,1393,25.9,18.9,0.0,0.0,20.1,0,0,0,0,0,1352.4,1.763333333333339,1.0300207039337475
2005-09-09,1391,26.5,20.3,0.0,0.0,15.3,0,0,0,0,0,1352.4,2.3633333333333404,1.0285418515232179
2005-09-10,1456,28.3,21.5,0.0,0.0,20.5,0,0,0,0,0,1319.0,4.163333333333341,1.1038665655799849
2005-09-17,1258,21.2,14.3,0.0,0.0,13.0,0,0,0,0,0,1319.0,-2.9366666666666603,0.9537528430629265
2005-09-24,1308,22.5,15.8,2.6,0.0,21.6,0,0,0,0,0,1319.0,-1.6366666666666596,0.9916603487490523
2005-09-03,1254,22.9,17.7,0.0,0.0,14.3,0,0,0,0,0,1319.0,-1.236666666666661,0.9507202426080363
2005-10-30,1352,14.6,6.9,0.2,0.0,26.1,0,0,0,0,0,1202.6,-1.3354838709677441,1.1242308331947448
2005-10-23,1125,9.3,5.5,7.7,0.0,26.4,0,0,0,0,0,1202.6,-6.635483870967743,0.9354731415266923
2005-10-02,1216,24.9,16.4,0.5,0.0,26.3,0,0,0,0,0,1202.6,8.964516129032255,1.0111425245301846
2005-10-16,1138,13.7,10.4,0.0,0.0,16.6,0,0,0,0,0,1202.6,-2.2354838709677445,0.946283053384334
2005-10-09,1182,13.6,9.8,0.0,0.0,19.4,0,0,0,0,0,1202.6,-2.335483870967744,0.9828704473640446
2005-10-17,1317,19.4,9.3,1.5,0.0,27.1,0,0,0,0,0,1317.0,3.464516129032255,1.0
2005-10-31,1501,13.7,10.9,5.0,0.0,22.4,0,0,0,0,0,1317.0,-2.2354838709677445,1.1397114654517844
2005-10-03,1373,26.2,19.6,0.0,0.0,24.9,0,0,0,0,0,1317.0,10.264516129032256,1.0425208807896735
2005-10-10,1231,14.5,12.2,0.0,0.0,20.2,0,0,0,0,0,1317.0,-1.4354838709677438,0.9347000759301443
2005-10-24,1163,9.1,7.2,9.5,0.0,28.5,0,0,0,0,0,1317.0,-6.835483870967744,0.8830675778283978
2005-10-04,1356,27.0,20.7,0.2,0.0,22.0,0,0,0,0,0,1293.5,11.064516129032256,1.048318515655199
2005-10-18,1339,19.0,11.4,0.0,0.0,23.9,0,0,0,0,0,1293.5,3.0645161290322562,1.035175879396985
2005-10-11,1239,15.0,13.6,0.0,0.0,18.8,0,0,0,0,0,1293.5,-0.9354838709677438,0.9578662543486665
2005-10-25,1240,9.6,6.4,4.2,0.0,28.1,0,0,0,0,0,1293.5,-6.335483870967744,0.9586393505991496
2005-10-05,1400,26.4,21.0,0.0,0.0,21.7,0,0,0,0,0,1291.75,10.464516129032255,1.0838010450938649
2005-10-26,1156,9.3,7.0,0.0,0.0,17.2,0,0,0,0,0,1291.75,-6.635483870967743,0.894910005806077
2005-10-19,1318,16.4,11.4,0.0,0.0,31.9,0,0,0,0,0,1291.75,0.4645161290322548,1.02032126959551
2005-10-12,1293,16.4,13.7,0.2,0.0,12.0,0,0,0,0,0,1291.75,0.4645161290322548,1.0009676795045481
2005-10-20,1401,11.6,10.0,0.0,0.0,18.1,0,0,0,0,0,1301.5,-4.335483870967744,1.0764502497118709
2005-10-27,1179,9.0,5.6,0.0,0.0,13.4,0,0,0,0,0,1301.5,-6.935483870967744,0.9058778332693046
2005-10-06,1321,22.5,11.4,0.1,0.0,24.9,0,0,0,0,0,1301.5,6.564516129032256,1.0149827122550903
2005-10-13,1305,19.8,13.3,0.0,0.0,10.9,0,0,0,0,0,1301.5,3.864516129032257,1.0026892047637341
2005-10-07,1255,13.1,9.8,1.9,0.0,26.7,0,0,0,0,0,1330.25,-2.835483870967744,0.9434316857733509
2005-10-14,1349,21.5,13.1,0.0,0.0,20.8,0,0,0,0,0,1330.25,5.564516129032256,1.0140950949069725
2005-10-28,1304,10.6,5.8,0.0,0.0,11.9,0,0,0,0,0,1330.25,-5.335483870967744,0.9802668671302387
2005-10-21,1413,12.3,10.2,0.0,0.0,20.8,0,0,0,0,0,1330.25,-3.635483870967743,1.062206352189438
2005-10-01,1464,22.4,12.9,0.0,0.0,20.0,0,0,0,0,0,1299.0,6.464516129032255,1.1270207852193996
2005-10-29,1282,13.3,5.1,0.0,0.0,20.4,0,0,0,0,0,1299.0,-2.635483870967743,0.9869130100076983
2005-10-22,1180,10.8,7.7,3.3,0.0,19.3,0,0,0,0,0,1299.0,-5.135483870967743,0.9083910700538876
2005-10-15,1297,17.5,13.2,0.0,0.0,23.7,0,0,0,0,0,1299.0,1.5645161290322562,0.9984603541185527
2005-10-08,1272,11.5,9.8,0.0,0.0,23.9,0,0,0,0,0,1299.0,-4.435483870967744,0.9792147806004619
2005-11-06,1166,15.0,7.2,13.8,0.0,32.7,1,0,0,0,0,1146.0,5.766666666666669,1.0174520069808028
2005-11-20,1174,6.9,1.3,0.0,0.0,17.6,0,0,0,0,0,1146.0,-2.3333333333333304,1.024432809773124
2005-11-13,1115,15.4,5.9,0.0,0.0,45.2,0,0,0,0,1,1146.0,6.16666666666667,0.9729493891797557
2005-11-27,1129,9.7,4.2,8.1,0.0,25.6,0,0,0,0,0,1146.0,0.46666666666666856,0.9851657940663177
2005-11-14,1173,7.9,3.8,5.2,0.0,23.8,0,0,0,0,0,1207.5,-1.3333333333333304,0.9714285714285714
2005-11-07,1350,14.5,5.9,0.0,0.0,25.1,0,0,0,0,0,1207.5,5.266666666666669,1.1180124223602483
2005-11-21,1173,7.3,2.3,0.0,0.0,28.2,0,0,0,0,0,1207.5,-1.933333333333331,0.9714285714285714
2005-11-28,1134,12.6,7.3,18.8,0.0,36.4,1,0,0,0,0,1207.5,3.366666666666669,0.9391304347826087
2005-11-29,1150,6.7,-2.1,0.0,0.0,32.1,0,0,0,0,0,1275.6,-2.5333333333333306,0.9015365318281594
2005-11-15,1237,10.5,5.9,5.6,0.0,40.8,0,0,0,0,0,1275.6,1.2666666666666693,0.9697397303229853
2005-11-08,1294,14.2,9.0,1.1,0.0,20.9,0,0,0,0,0,1275.6,4.966666666666669,1.0144245845092505
2005-11-22,1178,3.9,-0.4,0.0,0.0,32.7,0,0,0,0,0,1275.6,-5.33333333333333,0.9234869865161494
2005-11-01,1519,11.8,6.3,0.8,0.0,21.1,0,0,0,0,0,1275.6,2.56666666666667,1.1908121668234557
2005-11-23,1329,6.2,-0.4,2.6,1.68,34.2,0,0,0,0,0,1196.2,-3.0333333333333306,1.1110182243771944
2005-11-16,1113,5.0,-3.7,0.0,0.0,42.6,0,0,0,0,0,1196.2,-4.233333333333331,0.9304464136432035
2005-11-30,1110,-1.8,-3.7,0.0,0.0,23.2,0,0,0,0,0,1196.2,-11.033333333333331,0.9279384718274536
2005-11-09,1206,16.4,6.0,3.5,0.0,33.4,0,0,0,0,0,1196.2,7.166666666666668,1.0081926099314495
2005-11-02,1223,15.0,6.5,0.0,0.0,35.5,0,0,0,0,0,1196.2,5.766666666666669,1.0224042802206987
2005-11-03,1319,16.7,12.4,0.0,0.0,33.6,0,0,0,0,0,1096.25,7.466666666666669,1.2031927023945268
2005-11-24,774,3.4,-7.7,0.6,0.14,37.6,0,0,0,0,0,1096.25,-5.83333333333333,0.7060433295324972
2005-11-10,1242,7.6,2.6,0.0,0.0,28.5,0,0,0,0,0,1096.25,-1.633333333333331,1.1329532497149373
2005-11-17,1050,-3.6,-7.0,0.0,0.0,29.3,0,0,0,0,0,1096.25,-12.83333333333333,0.9578107183580388
2005-11-11,1297,12.5,3.9,0.0,0.0,24.2,0,0,0,0,0,1222.5,3.2666666666666693,1.0609406952965235
2005-11-18,1284,3.2,-4.9,0.2,0.14,24.3,0,0,0,0,0,1222.5,-6.0333333333333306,1.0503067484662576
2005-11-25,965,-2.4,-7.4,0.3,0.56,25.8,0,0,0,0,0,1222.5,-11.633333333333331,0.7893660531697342
2005-11-04,1344,17.0,13.0,0.0,0.0,29.6,0,0,0,0,0,1222.5,7.766666666666669,1.0993865030674848
2005-11-12,1236,15.0,8.8,2.0,0.0,39.8,0,0,0,0,0,1233.75,5.766666666666669,1.001823708206687
2005-11-26,1116,5.0,-2.3,0.0,0.0,18.7,0,0,0,0,0,1233.75,-4.233333333333331,0.9045592705167174
2005-11-05,1363,15.7,10.5,11.5,0.0,23.0,1,0,0,0,0,1233.75,6.466666666666669,1.1047619047619048
2005-11-19,1220,9.7,1.6,0.0,0.0,26.6,0,0,0,0,0,1233.75,0.46666666666666856,0.9888551165146909
2005-12-11,912,-0.5,-5.5,0.0,0.0,25.5,0,0,0,0,0,865.5,1.6870967741935483,1.0537261698440208
2005-12-18,847,-9.6,-13.5,0.0,0.0,19.8,0,0,0,1,0,865.5,-7.412903225806451,0.9786250722125939
2005-12-25,780,1.8,0.6,1.8,0.0,29.3,0,0,0,0,0,865.5,3.9870967741935486,0.901213171577123
2005-12-04,923,-1.7,-6.5,0.6,0.84,22.4,0,0,0,0,0,865.5,0.48709677419354835,1.0664355863662622
2005-12-19,955,-12.7,-16.6,0.0,0.0,23.9,0,0,0,1,0,1012.5,-10.51290322580645,0.9432098765432099
2005-12-26,1044,1.1,-1.2,0.0,0.0,21.8,0,0,0,0,0,1012.5,3.2870967741935484,1.031111111111111
2005-12-12,1091,-2.9,-7.7,0.0,0.0,13.7,0,0,0,0,0,1012.5,-0.7129032258064516,1.077530864197531
2005-12-05,960,-7.1,-11.3,0.0,0.0,17.4,0,0,0,1,0,1012.5,-4.912903225806451,0.9481481481481482
2005-12-13,1058,-3.7,-7.6,0.0,0.0,17.5,0,0,0,0,0,1044.75,-1.5129032258064519,1.0126824599186408
2005-12-06,995,-7.1,-11.8,0.0,0.0,20.2,0,0,0,1,0,1044.75,-4.912903225806451,0.9523809523809523
2005-12-27,1120,4.0,-1.7,0.0,0.0,18.0,0,0,0,0,0,1044.75,6.187096774193549,1.0720268006700167
2005-12-20,1006,-6.4,-14.0,0.0,0.0,24.1,0,0,0,1,0,1044.75,-4.212903225806452,0.9629097870303901
2005-12-21,1125,-6.7,-12.1,0.0,0.0,17.7,0,0,0,1,0,1093.25,-4.512903225806452,1.0290418477018066
2005-12-07,1043,-8.4,-13.8,0.0,0.0,18.8,0,0,0,1,0,1093.25,-6.212903225806452,0.9540361308026526
2005-12-28,1075,2.0,0.9,0.3,0.0,25.8,0,0,0,0,0,1093.25,4.187096774193549,0.9833066544706152
2005-12-14,1130,0.8,-6.0,4.6,2.94,28.9,0,1,0,0,0,1093.25,2.9870967741935486,1.0336153670249257
2005-12-22,1155,1.5,-11.9,0.0,0.0,30.6,0,0,0,0,0,1159.4,3.6870967741935483,0.9962049335863377
2005-12-29,1177,1.7,0.4,0.0,0.0,24.5,0,0,0,0,0,1159.4,3.887096774193548,1.015180265654649
2005-12-08,933,-3.9,-9.4,9.8,7.07,22.8,0,1,0,0,0,1159.4,-1.7129032258064516,0.8047265827151975
2005-12-01,1329,-1.2,-4.0,1.7,1.19,27.9,0,0,0,0,0,1159.4,0.9870967741935484,1.146282559944799
2005-12-15,1203,0.6,-4.1,0.1,0.0,22.9,0,0,0,0,0,1159.4,2.7870967741935484,1.0376056580990167
2005-12-23,1199,3.6,1.2,0.1,0.0,26.9,0,0,0,0,0,1151.2,5.787096774193548,1.0415218902015289
2005-12-02,1227,-4.3,-8.5,0.0,0.0,26.6,0,0,0,0,0,1151.2,-2.1129032258064515,1.0658443363446837
2005-12-09,1026,-1.9,-10.4,2.1,1.47,28.7,0,0,0,0,0,1151.2,0.2870967741935484,0.8912439193884641
2005-12-30,1124,2.6,-0.1,7.1,2.8,22.4,0,1,0,0,0,1151.2,4.787096774193548,0.9763724808895066
2005-12-16,1180,-4.7,-8.3,0.4,0.35,33.5,0,0,0,0,0,1151.2,-2.512903225806452,1.0250173731758165
2005-12-17,1036,-6.7,-10.9,0.0,0.0,22.7,0,0,0,1,0,1010.8,-4.512903225806452,1.0249307479224377
2005-12-31,997,2.3,-0.3,0.0,0.0,24.3,0,0,0,0,0,1010.8,4.487096774193548,0.9863474475662842
2005-12-24,943,2.6,0.3,5.6,0.0,12.2,0,0,0,0,0,1010.8,4.787096774193548,0.9329244163039178
2005-12-10,959,-1.6,-9.6,1.2,0.98,29.3,0,0,0,0,0,1010.8,0.5870967741935482,0.9487534626038782
2005-12-03,1119,-1.3,-6.0,3.3,2.66,18.8,0,1,0,0,0,1010.8,0.8870967741935483,1.1070439256034825
2006-01-01,1918,4.1,-2.4,1.1,0.0,20.3,0,0,0,0,0,1264.6,0.7387096774193544,1.5166851178238179
2006-01-22,969,1.8,-5.7,0.0,0.0,11.5,0,0,0,0,0,1264.6,-1.5612903225806452,0.7662501976909696
2006-01-29,1119,7.2,3.3,18.3,0.0,28.3,1,0,0,0,0,1264.6,3.838709677419355,0.8848647793768781
2006-01-08,1150,4.1,-1.7,0.0,0.0,25.6,0,0,0,0,0,1264.6,0.7387096774193544,0.909378459591966
2006-01-15,1167,3.1,-2.2,0.0,0.0,25.0,0,0,0,0,0,1264.6,-0.2612903225806451,0.9228214455163689
2006-01-02,1030,3.8,2.5,13.1,0.0,25.7,1,0,0,0,0,1098.4,0.4387096774193546,0.9377276037873269
2006-01-23,1086,-1.6,-5.1,0.0,0.0,28.3,0,0,0,0,0,1098.4,-4.961290322580645,0.9887108521485797
2006-01-30,1145,3.1,-0.5,0.6,0.7,23.3,0,0,0,0,0,1098.4,-0.2612903225806451,1.0424253459577566
2006-01-09,1087,2.0,-0.8,0.0,0.0,20.6,0,0,0,0,0,1098.4,-1.3612903225806452,0.9896212672978878
2006-01-16,1144,5.4,-0.7,0.0,0.0,20.6,0,0,0,0,0,1098.4,2.038709677419355,1.0415149308084486
2006-01-24,1129,2.9,-2.2,0.0,0.0,36.5,0,0,0,0,0,1167.8,-0.4612903225806453,0.9667751327282069
2006-01-03,1158,4.1,1.8,0.1,0.0,18.6,0,0,0,0,0,1167.8,0.7387096774193544,0.9916081520808357
2006-01-17,1227,3.8,-1.6,1.7,1.12,22.1,0,0,0,0,0,1167.8,0.4387096774193546,1.0506936119198493
2006-01-31,1174,1.8,-1.1,0.0,0.0,21.3,0,0,0,0,0,1167.8,-1.5612903225806452,1.0053091282753897
2006-01-10,1151,1.6,-1.9,1.4,0.0,13.8,0,0,0,0,0,1167.8,-1.761290322580645,0.9856139749957185
2006-01-18,1137,-0.4,-4.2,0.0,0.0,27.3,0,0,0,0,0,1189.25,-3.761290322580645,0.9560647466890898
2006-01-11,1285,3.4,1.4,1.6,0.0,23.2,0,0,0,0,0,1189.25,0.038709677419354716,1.0805129283161656
2006-01-04,1160,3.4,1.9,0.3,0.0,23.9,0,0,0,0,0,1189.25,0.038709677419354716,0.975404666806811
2006-01-25,1175,-0.0,-4.1,0.0,0.0,28.3,0,0,0,0,0,1189.25,-3.361290322580645,0.9880176581879335
2006-01-26,1197,2.4,-5.9,0.0,0.0,23.0,0,0,0,0,0,1231.75,-0.9612903225806453,0.9717881063527501
2006-01-12,1232,8.8,2.6,0.0,0.0,24.5,0,0,0,0,0,1231.75,5.4387096774193555,1.0002029632636493
2006-01-05,1120,1.7,-1.3,0.0,0.0,24.1,0,0,0,0,0,1231.75,-1.6612903225806452,0.909275421148772
2006-01-19,1378,8.9,-0.5,0.0,0.0,21.9,0,0,0,0,0,1231.75,5.538709677419355,1.1187335092348285
2006-01-06,1212,-0.7,-2.8,0.0,0.0,25.2,0,0,0,0,0,1214.0,-4.061290322580645,0.9983525535420099
2006-01-13,1213,6.4,0.2,9.7,2.66,32.9,0,1,0,0,0,1214.0,3.038709677419355,0.999176276771005
2006-01-27,1264,6.2,-0.6,0.0,0.0,28.4,0,0,0,0,0,1214.0,2.838709677419355,1.0411861614497528
2006-01-20,1167,6.5,0.2,11.7,7.35,27.7,1,1,0,0,0,1214.0,3.138709677419355,0.9612850082372323
2006-01-07,1191,2.8,-2.1,0.0,0.0,24.2,0,0,0,0,0,1143.25,-0.5612903225806454,1.0417668926306582
2006-01-28,1198,7.4,2.9,7.2,0.0,28.3,0,0,0,0,0,1143.25,4.038709677419355,1.0478897878854143
2006-01-14,1145,-0.1,-2.5,0.0,0.0,34.2,0,0,0,0,0,1143.25,-3.4612903225806453,1.001530723813689
2006-01-21,1039,0.3,-4.9,6.2,4.13,27.2,0,1,0,0,0,1143.25,-3.0612903225806454,0.9088125956702383
2006-02-05,1002,-0.5,-4.8,0.1,0.21,29.1,0,0,0,0,0,958.75,-1.0285714285714287,1.0451108213820077
2006-02-12,993,-1.2,-4.8,0.0,0.21,16.0,0,0,0,0,0,958.75,-1.7285714285714286,1.035723598435463
2006-02-19,895,-6.7,-15.3,0.0,0.0,21.4,0,0,0,1,0,958.75,-7.228571428571429,0.9335071707953064
2006-02-26,945,-0.7,-7.0,0.0,0.0,21.2,0,0,0,0,0,958.75,-1.2285714285714286,0.9856584093872229
2006-02-27,1120,-0.0,-4.5,0.0,0.0,26.3,0,0,0,0,0,1053.5,-0.5285714285714287,1.06312292358804
2006-02-13,1010,1.1,-7.8,0.0,0.0,31.6,0,0,0,0,0,1053.5,0.5714285714285714,0.9587090650213573
2006-02-06,1056,0.1,-5.3,0.0,0.0,25.1,0,0,0,0,0,1053.5,-0.4285714285714287,1.0023730422401518
2006-02-20,1028,-0.5,-9.9,0.0,0.0,24.5,0,0,0,0,0,1053.5,-1.0285714285714287,0.9757949691504508
2006-02-07,1133,-1.4,-4.7,0.0,0.0,19.5,0,0,0,0,0,1146.5,-1.9285714285714286,0.9882250327082425
2006-02-14,1156,6.6,-3.6,0.0,0.0,24.9,0,0,0,0,0,1146.5,6.071428571428571,1.0082860880941997
2006-02-28,1176,-0.4,-4.7,0.0,0.0,20.3,0,0,0,0,0,1146.5,-0.9285714285714287,1.0257304840819887
2006-02-21,1121,0.1,-5.3,0.0,0.0,25.0,0,0,0,0,0,1146.5,-0.4285714285714287,0.9777583951155692
2006-02-15,1134,4.1,-0.2,1.6,0.98,29.6,0,0,0,0,0,1221.75,3.571428571428571,0.9281767955801105
2006-02-22,1218,3.7,-3.8,0.0,0.0,19.9,0,0,0,0,0,1221.75,3.1714285714285717,0.9969306322897483
2006-02-08,1212,-2.4,-4.0,0.6,0.49,27.5,0,0,0,0,0,1221.75,-2.928571428571429,0.9920196439533456
2006-02-01,1323,6.7,0.3,0.0,0.0,26.5,0,0,0,0,0,1221.75,6.171428571428572,1.0828729281767955
2006-02-16,1021,4.0,-5.3,16.0,2.45,34.5,1,1,0,0,0,1138.5,3.4714285714285715,0.8967940272288099
2006-02-02,1211,3.0,-0.6,0.0,0.0,11.5,0,0,0,0,0,1138.5,2.4714285714285715,1.0636802810715855
2006-02-23,1229,2.1,-3.5,0.0,0.0,18.9,0,0,0,0,0,1138.5,1.5714285714285714,1.0794905577514273
2006-02-09,1093,-0.9,-6.9,0.0,0.0,19.5,0,0,0,0,0,1138.5,-1.4285714285714288,0.9600351339481774
2006-02-17,1102,-4.4,-11.5,0.0,0.07,37.0,0,0,0,0,0,1197.75,-4.928571428571429,0.9200584429137967
2006-02-03,1236,5.2,-0.6,3.3,0.0,18.7,0,0,0,0,0,1197.75,4.671428571428572,1.031934877896055
2006-02-24,1256,4.1,-5.8,0.0,0.0,28.0,0,0,0,0,0,1197.75,3.571428571428571,1.0486328532665414
2006-02-10,1197,1.8,-3.8,0.8,0.63,19.0,0,0,0,0,0,1197.75,1.2714285714285714,0.9993738259236068
2006-02-04,1135,0.7,-3.2,0.0,0.35,29.1,0,0,0,0,0,1108.5,0.17142857142857126,1.0239061795218765
2006-02-25,1204,3.8,-4.9,0.0,0.0,30.2,0,0,0,0,0,1108.5,3.2714285714285714,1.0861524582769508
2006-02-18,891,-13.2,-20.7,0.0,0.0,29.9,0,0,0,1,0,1108.5,-13.728571428571428,0.803788903924222
2006-02-11,1204,-0.0,-3.6,0.7,0.84,15.7,0,0,0,0,0,1108.5,-0.5285714285714287,1.0861524582769508
2006-03-19,1051,1.4,-3.2,0.0,0.0,19.1,0,0,0,0,0,1072.5,-2.8387096774193545,0.9799533799533799
2006-03-05,942,-0.6,-4.8,7.6,5.39,14.2,0,1,0,0,0,1072.5,-4.838709677419354,0.8783216783216783
2006-03-26,1182,2.8,-0.9,0.0,0.0,15.5,0,0,0,0,0,1072.5,-1.4387096774193546,1.102097902097902
2006-03-12,1115,9.5,2.6,8.1,0.0,20.1,0,0,0,0,0,1072.5,5.2612903225806456,1.0396270396270397
2006-03-06,1020,0.1,-1.8,1.2,1.33,20.0,0,0,0,0,0,1083.75,-4.138709677419355,0.9411764705882353
2006-03-27,1204,6.3,-1.5,0.8,0.0,17.7,0,0,0,0,0,1083.75,2.0612903225806454,1.110957324106113
2006-03-13,1052,13.9,1.6,12.6,0.0,45.2,1,0,0,0,1,1083.75,9.661290322580646,0.9707035755478662
2006-03-20,1059,0.5,-2.0,0.0,0.0,30.3,0,0,0,0,0,1083.75,-3.7387096774193544,0.9771626297577855
2006-03-14,1101,3.3,-2.2,0.0,0.0,34.8,0,0,0,0,0,1156.5,-0.9387096774193546,0.9520103761348897
2006-03-21,1115,-0.4,-3.1,0.0,0.0,32.3,0,0,0,0,0,1156.5,-4.638709677419355,0.9641158668396023
2006-03-28,1229,4.1,2.5,2.6,0.0,18.9,0,0,0,0,0,1156.5,-0.1387096774193548,1.0626891482922611
2006-03-07,1181,3.2,-5.3,0.8,0.0,24.6,0,0,0,0,0,1156.5,-1.0387096774193543,1.0211846087332468
2006-03-29,1316,6.9,2.0,0.0,0.0,14.3,0,0,0,0,0,1283.8,2.661290322580646,1.0250817884405672
2006-03-22,1244,3.9,-2.5,0.0,0.0,16.4,0,0,0,0,0,1283.8,-0.33870967741935454,0.9689982863374358
2006-03-08,1128,7.3,1.4,11.4,0.0,26.5,1,0,0,0,0,1283.8,3.0612903225806454,0.8786415329490576
2006-03-15,1318,2.4,-3.2,0.0,0.0,23.1,0,0,0,0,0,1283.8,-1.8387096774193545,1.0266396634989874
2006-03-01,1413,2.0,-2.1,0.0,0.0,20.5,0,0,0,0,0,1283.8,-2.2387096774193544,1.1006387287739523
2006-03-23,1234,2.5,-1.0,0.0,0.21,12.6,0,0,0,0,0,1233.8,-1.7387096774193544,1.0001621008267143
2006-03-02,1184,0.7,-3.3,2.7,0.56,25.2,0,0,0,0,0,1233.8,-3.5387096774193543,0.9596368941481602
2006-03-16,1227,1.5,0.2,2.8,1.96,30.5,0,0,0,0,0,1233.8,-2.7387096774193544,0.9944885718917167
2006-03-30,1296,13.9,3.9,0.0,0.0,30.6,0,0,0,0,0,1233.8,9.661290322580646,1.0504133571081213
2006-03-09,1228,9.5,0.5,20.5,0.0,26.4,1,0,0,0,0,1233.8,5.2612903225806456,0.9952990760252878
2006-03-17,1349,0.2,-2.2,0.0,0.07,26.4,0,0,0,0,0,1307.2,-4.038709677419354,1.0319767441860466
2006-03-10,1315,6.2,0.9,3.9,0.0,28.1,0,0,0,0,0,1307.2,1.9612903225806457,1.005966952264382
2006-03-24,1313,1.7,-0.9,0.5,0.42,17.5,0,0,0,0,0,1307.2,-2.5387096774193543,1.0044369645042839
2006-03-31,1308,15.5,8.3,0.4,0.0,40.7,0,0,0,0,0,1307.2,11.261290322580646,1.000611995104039
2006-03-03,1251,-1.9,-5.2,0.0,0.0,18.4,0,0,0,0,0,1307.2,-6.138709677419355,0.9570073439412484
2006-03-11,1268,13.1,3.9,3.4,0.0,31.3,0,0,0,0,0,1152.0,8.861290322580645,1.1006944444444444
2006-03-25,1081,2.7,-1.2,0.2,0.07,20.9,0,0,0,0,0,1152.0,-1.5387096774193543,0.9383680555555556
2006-03-04,1145,-0.6,-5.1,0.0,0.0,14.3,0,0,0,0,0,1152.0,-4.838709677419354,0.9939236111111112
2006-03-18,1114,-0.2,-3.6,0.0,0.0,17.3,0,0,0,0,0,1152.0,-4.438709677419355,0.9670138888888888
2006-04-09,1111,6.9,0.2,0.0,0.0,13.1,0,0,0,0,0,1052.8,-6.313333333333331,1.0552811550151977
2006-04-02,1065,12.2,1.6,17.3,0.0,26.6,1,0,0,0,0,1052.8,-1.0133333333333319,1.0115881458966567
2006-04-30,1024,12.8,11.7,21.5,0.0,36.2,1,0,0,0,0,1052.8,-0.41333333333333044,0.9726443768996961
2006-04-16,924,12.4,8.0,20.5,0.0,32.6,1,0,0,0,0,1052.8,-0.8133333333333308,0.8776595744680852
2006-04-23,1140,17.7,6.8,0.0,0.0,25.9,0,0,0,0,0,1052.8,4.486666666666668,1.0828267477203648
2006-04-10,1144,13.9,3.5,0.0,0.0,21.0,0,0,0,0,0,1176.75,0.6866666666666692,0.9721691098364138
2006-04-24,1221,17.4,5.1,0.0,0.0,15.5,0,0,0,0,0,1176.75,4.186666666666667,1.0376035691523264
2006-04-03,1184,11.6,2.4,11.5,0.28,37.9,1,0,0,0,0,1176.75,-1.6133333333333315,1.006161036753771
2006-04-17,1158,8.4,6.6,4.1,0.0,26.3,0,0,0,0,0,1176.75,-4.813333333333331,0.9840662842574889
2006-04-25,1176,14.2,3.7,2.5,0.0,41.0,0,0,0,0,0,1272.5,0.9866666666666681,0.9241650294695481
2006-04-11,1270,16.6,8.2,0.1,0.0,35.3,0,0,0,0,0,1272.5,3.3866666666666703,0.9980353634577603
2006-04-04,1365,9.6,2.2,0.0,0.0,23.7,0,0,0,0,0,1272.5,-3.6133333333333315,1.0726915520628684
2006-04-18,1279,12.9,6.2,0.0,0.0,26.1,0,0,0,0,0,1272.5,-0.3133333333333308,1.0051080550098233
2006-04-26,1202,14.3,2.4,0.0,0.0,14.9,0,0,0,0,0,1227.25,1.0866666666666696,0.9794255449174984
2006-04-12,1204,17.6,12.9,1.9,0.0,33.4,0,0,0,0,0,1227.25,4.38666666666667,0.9810552047260135
2006-04-19,1301,17.3,9.2,0.8,0.0,23.5,0,0,0,0,0,1227.25,4.08666666666667,1.0600937054389896
2006-04-05,1202,7.2,2.0,0.0,0.0,18.6,0,0,0,0,0,1227.25,-6.013333333333331,0.9794255449174984
2006-04-20,1285,17.4,10.9,3.6,0.0,13.0,0,0,0,0,0,1266.5,4.186666666666667,1.0146071851559415
2006-04-06,1245,11.1,4.3,0.2,0.0,21.6,0,0,0,0,0,1266.5,-2.1133333333333315,0.983024082116068
2006-04-13,1260,19.7,8.8,2.2,0.0,22.7,0,0,0,0,0,1266.5,6.486666666666668,0.9948677457560205
2006-04-27,1276,12.9,7.3,0.0,0.0,19.0,0,0,0,0,0,1266.5,-0.3133333333333308,1.00750098697197
2006-04-14,1292,19.1,13.8,6.9,0.0,25.6,0,0,0,0,0,1291.25,5.88666666666667,1.0005808325266214
2006-04-21,1327,16.1,9.7,0.0,0.0,15.5,0,0,0,0,0,1291.25,2.8866666666666703,1.0276863504356244
2006-04-28,1312,14.3,7.2,0.0,0.0,25.3,0,0,0,0,0,1291.25,1.0866666666666696,1.0160696999031946
2006-04-07,1234,9.8,1.1,5.9,0.0,37.6,0,0,0,0,0,1291.25,-3.4133333333333304,0.9556631171345595
2006-04-29,1189,14.3,10.1,6.0,0.0,32.7,0,0,0,0,0,1255.4,1.0866666666666696,0.9471084913175083
2006-04-08,1150,2.2,0.1,0.0,0.0,33.2,0,0,0,0,0,1255.4,-11.013333333333332,0.9160426955552015
2006-04-22,1259,16.6,10.0,0.7,0.0,15.8,0,0,0,0,0,1255.4,3.3866666666666703,1.0028676119165205
2006-04-01,1368,7.9,2.5,0.0,0.0,29.1,0,0,0,0,0,1255.4,-5.313333333333331,1.0896925282778396
2006-04-15,1311,12.0,7.8,0.0,0.0,24.2,0,0,0,0,0,1255.4,-1.2133333333333312,1.0442886729329297
2006-05-14,1161,10.6,7.1,0.4,0.0,14.6,0,0,0,0,0,1157.5,-6.6709677419354865,1.003023758099352
2006-05-07,1081,16.5,8.0,0.0,0.0,15.5,0,0,0,0,0,1157.5,-0.7709677419354861,0.9339092872570195
2006-05-28,1250,28.7,20.5,0.0,0.0,21.4,0,0,0,0,0,1157.5,11.429032258064513,1.079913606911447
2006-05-21,1138,14.5,8.2,1.6,0.0,25.3,0,0,0,0,0,1157.5,-2.770967741935486,0.9831533477321814
2006-05-22,1210,12.0,7.0,0.0,0.0,16.6,0,0,0,0,0,1287.8,-5.270967741935486,0.9395868923745924
2006-05-08,1276,18.9,11.6,0.0,0.0,17.5,0,0,0,0,0,1287.8,1.6290322580645125,0.9908370865041156
2006-05-01,1460,15.3,10.8,4.8,0.0,25.6,0,0,0,0,0,1287.8,-1.9709677419354854,1.1337164155924833
2006-05-29,1221,28.1,21.6,1.9,0.0,17.9,0,0,0,0,0,1287.8,10.829032258064515,0.9481285913961796
2006-05-15,1272,11.5,9.1,4.6,0.0,26.2,0,0,0,0,0,1287.8,-5.770967741935486,0.9877310141326293
2006-05-16,1348,13.8,8.7,0.2,0.0,17.5,0,0,0,0,0,1309.0,-3.4709677419354854,1.0297937356760887
2006-05-30,1421,26.5,22.0,13.5,0.0,14.8,1,0,0,0,0,1309.0,9.229032258064514,1.085561497326203
2006-05-02,1213,14.9,11.7,3.9,0.0,13.8,0,0,0,0,0,1309.0,-2.3709677419354858,0.9266615737203973
2006-05-23,1270,18.8,7.7,0.0,0.0,14.7,0,0,0,0,0,1309.0,1.5290322580645146,0.9702062643239114
2006-05-09,1293,19.2,13.0,2.6,0.0,22.5,0,0,0,0,0,1309.0,1.9290322580645132,0.9877769289533995
2006-05-17,1245,18.7,11.2,7.4,0.0,17.1,0,0,0,0,0,1318.2,1.4290322580645132,0.94446973145198
2006-05-10,1334,18.9,14.3,1.5,0.0,15.5,0,0,0,0,0,1318.2,1.6290322580645125,1.0119860415718402
2006-05-24,1263,22.2,13.4,2.8,0.0,25.9,0,0,0,0,0,1318.2,4.929032258064513,0.9581247155211652
2006-05-03,1376,20.8,10.9,0.0,0.0,20.6,0,0,0,0,0,1318.2,3.5290322580645146,1.043847671066606
2006-05-31,1373,22.2,16.4,0.0,0.0,23.2,0,0,0,0,0,1318.2,4.929032258064513,1.0415718403884084
2006-05-04,1245,15.7,12.3,0.0,0.0,19.1,0,0,0,0,0,1246.75,-1.5709677419354868,0.9985963505113294
2006-05-25,1325,21.6,17.4,3.4,0.0,23.6,0,0,0,0,0,1246.75,4.329032258064515,1.0627631842791256
2006-05-18,1277,13.6,9.1,1.2,0.0,24.5,0,0,0,0,0,1246.75,-3.6709677419354865,1.024263084018448
2006-05-11,1140,14.8,3.9,27.8,0.0,43.8,1,0,0,0,0,1246.75,-2.4709677419354854,0.9143773811910969
2006-05-19,1288,12.4,8.5,0.0,0.0,16.1,0,0,0,0,0,1359.0,-4.870967741935486,0.9477557027225901
2006-05-05,1425,13.6,9.4,0.0,0.0,16.1,0,0,0,0,0,1359.0,-3.6709677419354865,1.0485651214128036
2006-05-12,1327,7.2,3.8,9.2,0.0,35.1,0,0,0,0,0,1359.0,-10.070967741935487,0.9764532744665195
2006-05-26,1396,21.0,15.3,0.0,0.0,15.2,0,0,0,0,0,1359.0,3.729032258064514,1.027225901398087
2006-05-13,1201,8.9,6.5,1.3,0.0,12.8,0,0,0,0,0,1247.25,-8.370967741935486,0.9629184205251553
2006-05-20,1249,19.3,8.4,0.0,0.0,24.8,0,0,0,0,0,1247.25,2.0290322580645146,1.00140308679094
2006-05-27,1356,25.1,14.7,0.0,0.0,26.9,0,0,0,0,0,1247.25,7.829032258064515,1.0871918220084185
2006-05-06,1183,10.1,7.1,0.0,0.0,16.9,0,0,0,0,0,1247.25,-7.1709677419354865,0.9484866706754861
2006-06-18,1272,24.7,20.8,35.5,0.0,26.1,1,0,0,0,0,1230.75,1.9266666666666659,1.0335161486898232
2006-06-11,1204,15.8,13.7,0.2,0.0,22.5,0,0,0,0,0,1230.75,-6.973333333333333,0.9782652853950843
2006-06-25,1253,23.5,19.6,3.0,0.0,15.0,0,0,0,0,0,1230.75,0.7266666666666666,1.0180784074751168
2006-06-04,1194,20.8,14.8,0.0,0.0,14.5,0,0,0,0,0,1230.75,-1.9733333333333327,0.9701401584399756
2006-06-12,1260,16.3,13.2,0.0,0.0,17.1,0,0,0,0,0,1264.25,-6.473333333333333,0.9966383231164723
2006-06-26,1270,20.7,18.2,8.4,0.0,21.5,0,0,0,0,0,1264.25,-2.073333333333334,1.0045481510777141
2006-06-19,1268,26.8,20.0,0.9,0.0,25.2,0,0,0,0,0,1264.25,4.026666666666667,1.0029661854854657
2006-06-05,1259,23.2,16.0,0.0,0.0,14.1,0,0,0,0,0,1264.25,0.42666666666666586,0.995847340320348
2006-06-20,1348,22.6,18.0,1.7,0.0,20.8,0,0,0,0,0,1268.5,-0.173333333333332,1.06267244777296
2006-06-27,1214,24.0,17.3,1.8,0.0,12.8,0,0,0,0,0,1268.5,1.2266666666666666,0.9570358691367757
2006-06-06,1252,24.9,17.5,3.1,0.0,23.5,0,0,0,0,0,1268.5,2.126666666666665,0.9869925108395743
2006-06-13,1260,19.3,12.8,0.0,0.0,12.2,0,0,0,0,0,1268.5,-3.4733333333333327,0.9932991722506898
2006-06-07,1334,22.4,17.7,2.9,0.0,20.2,0,0,0,0,0,1337.0,-0.37333333333333485,0.9977561705310396
2006-06-21,1315,28.8,22.7,2.9,0.0,26.5,0,0,0,0,0,1337.0,6.026666666666667,0.9835452505609573
2006-06-14,1351,22.1,15.9,0.2,0.0,14.9,0,0,0,0,0,1337.0,-0.673333333333332,1.0104712041884816
2006-06-28,1348,23.5,18.0,0.0,0.0,20.4,0,0,0,0,0,1337.0,0.7266666666666666,1.0082273747195214
2006-06-01,1487,19.8,16.2,0.0,0.0,14.5,0,0,0,0,0,1327.0,-2.9733333333333327,1.1205727204220046
2006-06-29,1228,23.0,16.9,0.0,0.0,9.2,0,0,0,0,0,1327.0,0.22666666666666657,0.9253956292388847
2006-06-15,1273,26.2,18.6,0.0,0.0,20.7,0,0,0,0,0,1327.0,3.426666666666666,0.9593067068575735
2006-06-08,1298,24.6,16.8,0.0,0.0,23.4,0,0,0,0,0,1327.0,1.826666666666668,0.9781461944235117
2006-06-22,1349,26.6,22.0,0.0,0.0,16.5,0,0,0,0,0,1327.0,3.826666666666668,1.0165787490580256
2006-06-09,1335,18.8,14.1,0.0,0.0,27.3,0,0,0,0,0,1337.8,-3.9733333333333327,0.9979070115114367
2006-06-02,1310,20.9,17.0,0.0,0.0,16.6,0,0,0,0,0,1337.8,-1.8733333333333348,0.9792196142921215
2006-06-23,1360,23.2,17.6,0.0,0.0,25.7,0,0,0,0,0,1337.8,0.42666666666666586,1.016594408730752
2006-06-16,1391,28.7,21.9,0.0,0.0,24.6,0,0,0,0,0,1337.8,5.926666666666666,1.039766781282703
2006-06-30,1293,25.8,17.8,0.0,0.0,14.9,0,0,0,0,0,1337.8,3.0266666666666673,0.966512184182987
2006-06-24,1161,23.4,15.7,0.0,0.0,10.9,0,0,0,0,0,1273.5,0.6266666666666652,0.911660777385159
2006-06-03,1355,18.2,14.9,0.0,0.0,17.2,0,0,0,0,0,1273.5,-4.573333333333334,1.0639968590498625
2006-06-10,1254,15.2,12.5,16.4,0.0,26.3,1,0,0,0,0,1273.5,-7.573333333333334,0.9846878680800942
2006-06-17,1324,29.4,21.8,0.4,0.0,27.2,0,0,0,0,0,1273.5,6.626666666666665,1.039654495484884
2006-07-09,1321,28.8,20.5,1.4,0.0,21.5,0,0,0,0,0,1288.2,1.0903225806451644,1.0254618848004968
2006-07-30,1289,31.3,25.1,0.0,0.0,15.3,0,0,1,0,0,1288.2,3.5903225806451644,1.0006210215804998
2006-07-02,1285,28.3,22.4,0.2,0.0,25.0,0,0,0,0,0,1288.2,0.5903225806451644,0.9975159136780003
2006-07-16,1269,31.9,24.2,0.0,0.0,20.9,0,0,1,0,0,1288.2,4.190322580645162,0.9850954820680018
2006-07-23,1277,24.8,18.4,0.7,0.0,13.7,0,0,0,0,0,1288.2,-2.9096774193548356,0.991305697873001
2006-07-03,1306,27.5,22.0,10.0,0.0,19.2,1,0,0,0,0,1334.0,-0.2096774193548363,0.9790104947526237
2006-07-10,1358,24.8,19.3,2.6,0.0,24.1,0,0,0,0,0,1334.0,-2.9096774193548356,1.0179910044977512
2006-07-17,1367,31.9,24.5,0.0,0.0,25.1,0,0,1,0,0,1334.0,4.190322580645162,1.0247376311844079
2006-07-24,1405,28.9,21.0,0.0,0.0,26.2,0,0,0,0,0,1334.0,1.1903225806451623,1.053223388305847
2006-07-31,1234,33.8,25.7,0.0,0.0,20.8,0,0,1,0,0,1334.0,6.090322580645161,0.9250374812593704
2006-07-04,1283,23.9,19.6,1.2,0.0,21.9,0,0,0,0,0,1335.5,-3.8096774193548377,0.9606888805690752
2006-07-18,1464,25.5,22.1,2.1,0.0,27.0,0,0,0,0,0,1335.5,-2.2096774193548363,1.0962186447023587
2006-07-11,1180,24.2,20.6,3.2,0.0,12.0,0,0,0,0,0,1335.5,-3.509677419354837,0.8835642081617372
2006-07-25,1415,30.7,22.4,0.1,0.0,21.3,0,0,1,0,0,1335.5,2.990322580645163,1.0595282665668289
2006-07-26,1462,27.1,22.9,9.6,0.0,21.1,0,0,0,0,0,1372.0,-0.6096774193548349,1.065597667638484
2006-07-12,1312,24.8,22.1,0.9,0.0,17.6,0,0,0,0,0,1372.0,-2.9096774193548356,0.956268221574344
2006-07-19,1341,30.5,21.2,0.0,0.0,20.2,0,0,1,0,0,1372.0,2.7903225806451637,0.9774052478134111
2006-07-05,1373,21.6,18.3,0.0,0.0,14.5,0,0,0,0,0,1372.0,-6.109677419354835,1.000728862973761
2006-07-27,1375,28.0,22.0,5.2,0.0,13.3,0,0,0,0,0,1317.75,0.2903225806451637,1.0434452665528362
2006-07-13,1392,27.4,22.3,0.3,0.0,13.1,0,0,0,0,0,1317.75,-0.3096774193548377,1.0563460443938533
2006-07-20,1279,29.1,24.0,6.9,0.0,21.3,0,0,0,0,0,1317.75,1.3903225806451651,0.9705938152153292
2006-07-06,1225,22.8,17.6,0.0,0.0,18.5,0,0,0,0,0,1317.75,-4.909677419354836,0.9296148738379814
2006-07-14,1334,28.0,22.8,7.1,0.0,14.8,0,0,0,0,0,1355.5,0.2903225806451637,0.9841386942087791
2006-07-21,1384,24.5,21.0,4.5,0.0,24.2,0,0,0,0,0,1355.5,-3.2096774193548363,1.0210254518627813
2006-07-28,1306,30.1,23.2,0.4,0.0,12.3,0,0,1,0,0,1355.5,2.390322580645165,0.9634821099225378
2006-07-07,1398,25.3,18.1,0.0,0.0,10.1,0,0,0,0,0,1355.5,-2.4096774193548356,1.031353744005902
2006-07-15,1358,31.0,23.8,0.0,0.0,16.2,0,0,1,0,0,1384.0,3.2903225806451637,0.9812138728323699
2006-07-22,1358,24.1,19.0,0.0,0.0,22.8,0,0,0,0,0,1384.0,-3.609677419354835,0.9812138728323699
2006-07-01,1540,29.3,21.1,0.0,0.0,33.2,0,0,0,0,0,1384.0,1.5903225806451644,1.1127167630057804
2006-07-29,1342,31.4,24.6,0.0,0.0,11.2,0,0,1,0,0,1384.0,3.6903225806451623,0.9696531791907514
2006-07-08,1322,27.7,19.4,0.6,0.0,16.8,0,0,0,0,0,1384.0,-0.009677419354837014,0.9552023121387283
2006-08-27,1242,23.5,22.0,1.5,0.0,17.2,0,0,0,0,0,1278.75,-2.448387096774198,0.9712609970674487
2006-08-13,1249,26.6,18.3,0.0,0.0,16.2,0,0,0,0,0,1278.75,0.6516129032258036,0.9767350928641251
2006-08-06,1321,29.2,22.5,0.0,0.0,20.8,0,0,0,0,0,1278.75,3.2516129032258014,1.0330400782013685
2006-08-20,1303,21.9,19.9,0.0,0.0,20.3,0,0,0,0,0,1278.75,-4.048387096774199,1.0189638318670577
2006-08-21,1312,24.8,17.5,0.0,0.0,9.8,0,0,0,0,0,1278.25,-1.1483870967741971,1.0264032857422256
2006-08-07,1308,26.2,23.2,0.0,0.0,19.6,0,0,0,0,0,1278.25,0.25161290322580143,1.023274007432036
2006-08-14,1256,25.6,21.4,9.4,0.0,19.9,0,0,0,0,0,1278.25,-0.34838709677419644,0.9825933893995697
2006-08-28,1237,22.4,19.2,19.9,0.0,29.5,1,0,0,0,0,1278.25,-3.5483870967741993,0.9677293174261686
2006-08-29,1229,20.5,19.4,6.1,0.0,23.4,0,0,0,0,0,1316.6,-5.448387096774198,0.9334649855688897
2006-08-15,1290,25.2,19.0,0.0,0.0,15.5,0,0,0,0,0,1316.6,-0.7483870967741986,0.9797964453896401
2006-08-08,1358,23.1,20.9,0.0,0.0,18.8,0,0,0,0,0,1316.6,-2.8483870967741964,1.0314446301078537
2006-08-22,1223,27.0,19.6,0.0,0.0,12.4,0,0,0,0,0,1316.6,1.0516129032258021,0.9289077927996355
2006-08-01,1483,33.4,26.6,0.5,0.0,20.9,0,0,1,0,0,1316.6,7.451612903225801,1.1263861461339815
2006-08-23,1302,28.7,20.4,5.6,0.0,16.5,0,0,0,0,0,1289.2,2.7516129032258014,1.009928637914986
2006-08-02,1273,32.9,27.2,1.0,0.0,28.1,0,0,1,0,0,1289.2,6.951612903225801,0.9874340676388458
2006-08-09,1274,27.9,20.7,0.0,0.0,13.6,0,0,0,0,0,1289.2,1.9516129032258007,0.9882097424759541
2006-08-16,1237,24.8,18.8,0.0,0.0,14.5,0,0,0,0,0,1289.2,-1.1483870967741971,0.9595097735029475
2006-08-30,1360,21.3,19.2,0.9,0.0,24.7,0,0,0,0,0,1289.2,-4.648387096774197,1.0549177784672665
2006-08-10,1299,25.5,22.1,5.5,0.0,17.8,0,0,0,0,0,1293.4,-0.44838709677419786,1.0043296737281582
2006-08-17,1274,26.6,19.0,1.4,0.0,13.2,0,0,0,0,0,1293.4,0.6516129032258036,0.9850007731560229
2006-08-24,1288,28.9,22.0,0.0,0.0,24.0,0,0,0,0,0,1293.4,2.9516129032258007,0.9958249574764186
2006-08-31,1252,21.2,17.0,0.0,0.0,24.5,0,0,0,0,0,1293.4,-4.748387096774199,0.9679913406525437
2006-08-03,1354,26.4,22.3,32.6,0.0,20.9,1,0,0,0,0,1293.4,0.4516129032258007,1.0468532549868563
2006-08-04,1376,27.2,20.2,0.0,0.0,13.2,0,0,0,0,0,1355.25,1.2516129032258014,1.0153108282604686
2006-08-11,1423,24.3,20.5,0.0,0.0,23.9,0,0,0,0,0,1355.25,-1.6483870967741971,1.0499907766094816
2006-08-18,1280,26.5,22.3,24.0,0.0,9.9,1,0,0,0,0,1355.25,0.5516129032258021,0.9444751890795057
2006-08-25,1342,28.4,21.1,0.0,0.0,23.3,0,0,0,0,0,1355.25,2.4516129032258007,0.9902232060505441
2006-08-26,1339,27.0,22.6,4.5,0.0,19.4,0,0,0,0,0,1338.5,1.0516129032258021,1.000373552484124
2006-08-12,1339,23.6,18.1,0.0,0.0,15.5,0,0,0,0,0,1338.5,-2.3483870967741964,1.000373552484124
2006-08-05,1373,28.2,22.3,0.0,0.0,15.9,0,0,0,0,0,1338.5,2.2516129032258014,1.0257751214045574
2006-08-19,1303,25.6,21.9,1.9,0.0,23.7,0,0,0,0,0,1338.5,-0.34838709677419644,0.9734777736271947
2006-09-24,1169,16.6,13.1,0.0,0.0,23.8,0,0,0,0,0,1199.75,-3.219999999999999,0.9743696603459054
2006-09-10,1159,18.1,16.6,16.5,0.0,24.6,1,0,0,0,0,1199.75,-1.7199999999999989,0.9660345905396958
2006-09-17,1264,25.1,18.4,11.4,0.0,29.2,1,0,0,0,0,1199.75,5.280000000000001,1.0535528235048968
2006-09-03,1207,22.6,16.4,0.0,0.0,13.2,0,0,0,0,0,1199.75,2.780000000000001,1.006042925609502
2006-09-04,1104,20.1,17.4,1.6,0.0,11.7,0,0,0,0,0,1135.25,0.28000000000000114,0.9724730235630918
2006-09-11,1103,18.7,15.4,26.4,0.0,23.8,1,0,0,0,0,1135.25,-1.120000000000001,0.9715921603171108
2006-09-25,1195,19.2,11.3,0.0,0.0,22.6,0,0,0,0,0,1135.25,-0.620000000000001,1.0526315789473684
2006-09-18,1139,20.3,13.4,2.0,0.0,27.2,0,0,0,0,0,1135.25,0.4800000000000004,1.003303237172429
2006-09-26,1361,19.6,12.4,0.0,0.0,17.4,0,0,0,0,0,1264.75,-0.21999999999999886,1.0761019964419847
2006-09-12,1246,21.5,17.9,27.7,0.0,13.1,1,0,0,0,0,1264.75,1.6799999999999997,0.9851749357580549
2006-09-05,1287,21.9,16.1,5.8,0.0,12.7,0,0,0,0,0,1264.75,2.0799999999999983,1.017592409567108
2006-09-19,1165,13.0,11.0,0.0,0.0,25.1,0,0,0,0,0,1264.75,-6.82,0.9211306582328523
2006-09-06,1237,23.8,17.5,0.0,0.0,13.5,0,0,0,0,0,1229.25,3.9800000000000004,1.0063046573113688
2006-09-27,1235,18.1,12.8,0.0,0.0,27.3,0,0,0,0,0,1229.25,-1.7199999999999989,1.004677648972951
2006-09-13,1195,18.7,17.2,16.9,0.0,27.8,1,0,0,0,0,1229.25,-1.120000000000001,0.9721374822045963
2006-09-20,1250,14.5,9.1,0.0,0.0,22.8,0,0,0,0,0,1229.25,-5.32,1.016880211511084
2006-09-21,1330,17.7,10.1,0.0,0.0,21.1,0,0,0,0,0,1261.0,-2.120000000000001,1.0547184773988898
2006-09-28,1208,12.5,9.5,1.1,0.0,22.3,0,0,0,0,0,1261.0,-7.32,0.9579698651863601
2006-09-07,1278,25.7,17.7,0.0,0.0,12.4,0,0,0,0,0,1261.0,5.879999999999999,1.0134813639968279
2006-09-14,1228,19.8,16.7,0.4,0.0,17.8,0,0,0,0,0,1261.0,-0.019999999999999574,0.9738302934179223
2006-09-29,1303,15.1,7.9,0.1,0.0,24.3,0,0,0,0,0,1385.8,-4.720000000000001,0.9402511184875163
2006-09-01,1484,21.0,17.9,0.0,0.0,22.6,0,0,0,0,0,1385.8,1.1799999999999997,1.0708615961899264
2006-09-22,1311,19.2,13.8,12.6,0.0,32.1,1,0,0,0,0,1385.8,-0.620000000000001,0.946023957280993
2006-09-15,1414,22.8,16.0,0.0,0.0,20.0,0,0,0,0,0,1385.8,2.9800000000000004,1.0203492567470054
2006-09-08,1417,26.0,18.1,0.0,0.0,20.5,0,0,0,0,0,1385.8,6.18,1.022514071294559
2006-09-02,1385,21.0,17.2,0.0,0.0,16.6,0,0,0,0,0,1297.6,1.1799999999999997,1.0673551171393343
2006-09-16,1326,23.4,17.0,0.0,0.0,25.8,0,0,0,0,0,1297.6,3.5799999999999983,1.0218865598027127
2006-09-09,1343,20.9,18.2,0.0,0.0,20.1,0,0,0,0,0,1297.6,1.0799999999999983,1.0349876695437732
2006-09-30,1224,17.1,10.2,3.2,0.0,22.3,0,0,0,0,0,1297.6,-2.719999999999999,0.9432799013563502
2006-09-23,1210,20.6,16.1,13.3,0.0,19.2,1,0,0,0,0,1297.6,0.7800000000000011,0.93249075215783
2006-10-01,1332,20.7,10.9,0.0,0.0,18.7,0,0,0,0,0,1244.4,7.990322580645161,1.0703953712632592
2006-10-22,1105,9.8,2.8,5.1,0.0,30.9,0,0,0,0,0,1244.4,-2.9096774193548374,0.8879781420765027
2006-10-15,1238,10.1,2.8,0.0,0.0,19.1,0,0,0,0,0,1244.4,-2.6096774193548384,0.9948569591771134
2006-10-08,1334,19.4,11.0,0.0,0.0,18.7,0,0,0,0,0,1244.4,6.6903225806451605,1.0720025715204113
2006-10-29,1213,9.9,3.1,0.0,0.0,22.9,0,0,0,0,0,1244.4,-2.8096774193548377,0.9747669559627129
2006-10-16,1167,12.1,9.4,9.0,0.0,27.3,0,0,0,0,0,1162.4,-0.6096774193548384,1.0039573296627666
2006-10-23,1118,5.1,2.0,0.3,0.0,23.2,0,0,0,0,0,1162.4,-7.609677419354838,0.9618031658637302
2006-10-09,1125,16.4,12.1,0.0,0.0,27.6,0,0,0,0,0,1162.4,3.6903225806451605,0.9678251892635925
2006-10-30,1268,16.0,7.0,0.8,0.0,31.9,0,0,0,0,0,1162.4,3.290322580645162,1.0908465244322092
2006-10-02,1134,23.2,18.0,1.4,0.0,27.6,0,0,0,0,0,1162.4,10.490322580645161,0.9755677907777013
2006-10-31,1497,14.5,3.2,0.0,0.0,29.3,0,0,0,0,0,1281.2,1.790322580645162,1.1684358413986886
2006-10-03,1204,24.1,15.4,0.3,0.0,28.6,0,0,0,0,0,1281.2,11.390322580645163,0.9397439900093661
2006-10-10,1254,13.4,12.0,0.5,0.0,27.8,0,0,0,0,0,1281.2,0.6903225806451623,0.9787699032157352
2006-10-24,1231,6.7,1.5,0.0,0.0,25.2,0,0,0,0,0,1281.2,-6.009677419354838,0.9608179831408055
2006-10-17,1220,12.4,9.7,19.2,0.0,25.2,1,0,0,0,0,1281.2,-0.3096774193548377,0.9522322822354042
2006-10-18,1223,15.1,8.7,7.5,0.0,22.5,0,0,0,0,0,1234.75,2.3903225806451616,0.9904839036242155
2006-10-11,1156,13.4,4.9,11.9,0.0,33.4,1,0,0,0,0,1234.75,0.6903225806451623,0.9362219072686778
2006-10-04,1363,22.8,14.5,1.1,0.0,35.2,0,0,0,0,0,1234.75,10.090322580645163,1.1038671795910102
2006-10-25,1197,8.1,1.9,0.0,0.0,13.1,0,0,0,0,0,1234.75,-4.609677419354838,0.9694270095160964
2006-10-12,1071,4.7,1.2,0.0,0.0,40.4,0,0,0,0,0,1195.0,-8.009677419354837,0.896234309623431
2006-10-19,1308,7.8,5.3,0.5,0.0,20.5,0,0,0,0,0,1195.0,-4.909677419354838,1.094560669456067
2006-10-05,1282,14.3,11.7,0.0,0.0,25.5,0,0,0,0,0,1195.0,1.5903225806451626,1.0728033472803347
2006-10-26,1119,6.5,6.1,13.8,0.0,21.1,1,0,0,0,0,1195.0,-6.209677419354838,0.9364016736401674
2006-10-06,1363,12.7,9.1,0.0,0.0,15.2,0,0,0,0,0,1354.25,-0.00967741935483879,1.0064611408528705
2006-10-13,1316,8.6,1.9,0.0,0.0,42.6,0,0,0,0,0,1354.25,-4.109677419354838,0.9717555842717371
2006-10-27,1337,7.7,6.0,0.9,0.0,21.7,0,0,0,0,0,1354.25,-5.009677419354838,0.9872623223186265
2006-10-20,1401,10.6,3.5,0.0,0.0,18.9,0,0,0,0,0,1354.25,-2.1096774193548384,1.0345209525567658
2006-10-14,1263,8.7,4.2,0.0,0.0,25.9,0,0,0,0,0,1271.25,-4.009677419354839,0.9935103244837759
2006-10-07,1331,17.1,8.6,0.0,0.0,16.9,0,0,0,0,0,1271.25,4.390322580645163,1.0470009832841691
2006-10-28,1213,9.1,5.3,0.2,0.0,37.4,0,0,0,0,0,1271.25,-3.6096774193548384,0.9541789577187807
2006-10-21,1278,13.0,8.9,5.3,0.0,15.5,0,0,0,0,0,1271.25,0.2903225806451619,1.0053097345132744
2006-11-12,1069,5.8,2.6,0.0,0.0,20.5,0,0,0,0,0,1090.0,-2.2033333333333323,0.9807339449541285
2006-11-19,972,4.3,2.5,0.8,0.0,27.4,0,0,0,0,0,1090.0,-3.7033333333333323,0.8917431192660551
2006-11-05,1086,9.9,2.9,0.0,0.0,15.5,0,0,0,0,0,1090.0,1.8966666666666683,0.9963302752293578
2006-11-26,1233,12.0,9.0,0.0,0.0,19.4,0,0,0,0,0,1090.0,3.996666666666668,1.1311926605504588
2006-11-13,1097,6.6,1.8,0.0,0.0,21.3,0,0,0,0,0,1184.5,-1.4033333333333324,0.926129168425496
2006-11-20,1147,4.7,0.4,0.0,0.0,18.1,0,0,0,0,0,1184.5,-3.303333333333332,0.9683410721823554
2006-11-27,1185,12.4,9.6,0.6,0.0,18.3,0,0,0,0,0,1184.5,4.396666666666668,1.0004221190375686
2006-11-06,1309,10.7,7.2,0.2,0.0,17.0,0,0,0,0,0,1184.5,2.696666666666667,1.10510764035458
2006-11-07,1238,10.3,7.8,0.0,0.0,13.1,0,0,0,0,0,1227.75,2.2966666666666686,1.0083486051720627
2006-11-14,1156,6.2,4.3,0.6,0.0,10.5,0,0,0,0,0,1227.75,-1.803333333333332,0.9415597637955609
2006-11-28,1287,13.4,10.1,0.8,0.0,28.2,0,0,0,0,0,1227.75,5.396666666666668,1.0482590103848504
2006-11-21,1230,7.1,0.7,0.0,0.0,23.1,0,0,0,0,0,1227.75,-0.9033333333333324,1.0018326206475259
2006-11-22,1182,8.3,1.2,0.0,0.0,17.6,0,0,0,0,0,1238.4,0.29666666666666863,0.9544573643410852
2006-11-08,1229,13.6,6.9,0.0,0.0,25.4,0,0,0,0,0,1238.4,5.596666666666668,0.9924095607235142
2006-11-15,1201,7.0,5.8,1.7,0.0,32.1,0,0,0,0,0,1238.4,-1.003333333333332,0.9697997416020672
2006-11-01,1475,4.1,0.1,0.0,0.0,20.4,0,0,0,0,0,1238.4,-3.9033333333333324,1.1910529715762272
2006-11-29,1105,13.0,5.5,13.6,0.0,27.3,1,0,0,0,0,1238.4,4.996666666666668,0.8922803617571059
2006-11-16,1237,6.0,3.9,1.6,0.0,41.0,0,0,0,0,0,1132.6,-2.003333333333332,1.0921772911884162
2006-11-09,1267,14.3,8.2,0.0,0.0,24.7,0,0,0,0,0,1132.6,6.296666666666669,1.1186650185414093
2006-11-02,1161,1.1,-1.6,0.0,0.0,30.8,0,0,0,0,0,1132.6,-6.903333333333332,1.0250750485608335
2006-11-30,1085,5.5,-0.6,14.0,0.0,28.7,1,0,0,0,0,1132.6,-2.503333333333332,0.957972805933251
2006-11-23,913,8.0,1.2,0.0,0.0,12.2,0,0,0,0,0,1132.6,-0.003333333333332078,0.8061098357760905
2006-11-24,1067,10.8,3.0,0.0,0.0,20.7,0,0,0,0,0,1229.25,2.7966666666666686,0.8680089485458613
2006-11-10,1226,8.1,5.6,20.0,0.0,41.7,1,0,0,0,0,1229.25,0.09666666666666757,0.9973561114500712
2006-11-03,1264,2.8,-2.5,0.0,0.0,15.5,0,0,0,0,0,1229.25,-5.203333333333332,1.0282692698800082
2006-11-17,1360,4.7,1.3,0.0,0.0,19.1,0,0,0,0,0,1229.25,-3.303333333333332,1.1063656701240594
2006-11-18,1190,5.3,2.1,0.2,0.0,18.6,0,0,0,0,0,1197.5,-2.7033333333333323,0.9937369519832986
2006-11-04,1172,7.1,1.1,0.1,0.0,24.5,0,0,0,0,0,1197.5,-0.9033333333333324,0.978705636743215
2006-11-25,1261,11.6,5.3,0.0,0.0,14.2,0,0,0,0,0,1197.5,3.5966666666666676,1.053027139874739
2006-11-11,1167,5.4,3.5,2.6,0.0,34.4,0,0,0,0,0,1197.5,-2.6033333333333317,0.9745302713987474
2006-12-03,798,-7.3,-10.7,0.0,0.0,23.6,0,0,0,1,0,954.2,-10.806451612903224,0.8363026619157409
2006-12-24,879,4.3,-1.7,0.0,0.0,18.9,0,0,0,0,0,954.2,0.793548387096775,0.9211905260951582
2006-12-31,953,9.8,5.1,10.5,0.0,31.0,1,0,0,0,0,954.2,6.293548387096775,0.9987424020121567
2006-12-10,1091,3.8,0.2,0.0,0.0,28.0,0,0,0,0,0,954.2,0.293548387096775,1.143366170614127
2006-12-17,1050,10.1,3.9,1.9,0.0,16.6,0,0,0,0,0,954.2,6.593548387096774,1.1003982393628169
2006-12-11,1106,5.4,3.1,1.0,0.0,21.8,0,0,0,0,0,1001.25,1.8935483870967755,1.1046192259675405
2006-12-25,705,3.1,0.7,0.4,0.0,28.1,0,0,0,0,0,1001.25,-0.40645161290322473,0.704119850187266
2006-12-04,984,-4.0,-12.0,0.0,0.0,32.9,0,0,0,0,0,1001.25,-7.506451612903225,0.9827715355805243
2006-12-18,1210,3.8,-0.5,0.0,0.0,18.7,0,0,0,0,0,1001.25,0.293548387096775,1.2084893882646692
2006-12-05,1007,-0.3,-11.6,0.0,0.0,29.8,0,0,0,0,0,1119.5,-3.8064516129032246,0.8995087092451988
2006-12-26,994,2.3,-1.0,0.0,0.14,27.8,0,0,0,0,0,1119.5,-1.206451612903225,0.8878963823135329
2006-12-12,1322,8.1,5.9,3.8,0.0,23.5,0,0,0,0,0,1119.5,4.593548387096774,1.1808843233586424
2006-12-19,1155,3.4,-2.4,0.0,0.0,14.5,0,0,0,0,0,1119.5,-0.10645161290322491,1.0317105850826263
2006-12-13,1274,6.1,-0.4,0.2,0.0,25.9,0,0,0,0,0,1182.25,2.593548387096775,1.0776062592514273
2006-12-27,1143,2.9,-2.0,0.0,0.0,18.4,0,0,0,0,0,1182.25,-0.6064516129032249,0.9668005920913513
2006-12-20,1244,2.8,-1.9,3.3,0.0,14.8,0,0,0,0,0,1182.25,-0.706451612903225,1.0522309156269825
2006-12-06,1068,1.6,-3.3,0.0,0.14,30.0,0,0,0,0,0,1182.25,-1.9064516129032247,0.903362233030239
2006-12-28,1118,5.5,1.9,0.2,0.0,15.9,0,0,0,0,0,1157.25,1.9935483870967752,0.9660833873406783
2006-12-14,1327,8.7,3.4,1.7,0.0,30.0,0,0,0,0,0,1157.25,5.193548387096774,1.1466839490170664
2006-12-21,1194,7.0,2.2,17.8,0.0,20.4,1,0,0,0,0,1157.25,3.493548387096775,1.0317563188593648
2006-12-07,990,-3.9,-10.7,0.0,0.07,34.6,0,0,0,0,0,1157.25,-7.406451612903225,0.8554763447828905
2006-12-15,1401,6.2,-0.7,0.0,0.0,28.0,0,0,0,0,0,1203.6,2.6935483870967754,1.1640079760717847
2006-12-08,1071,-6.5,-13.3,0.0,0.0,27.5,0,0,0,1,0,1203.6,-10.006451612903225,0.8898305084745763
2006-12-01,1205,2.0,-5.5,36.5,24.36,42.4,1,1,0,0,0,1203.6,-1.5064516129032248,1.001163177135261
2006-12-22,1258,7.8,3.6,12.1,0.0,32.8,1,0,0,0,0,1203.6,4.293548387096775,1.0451977401129944
2006-12-29,1083,6.5,1.1,0.0,0.0,10.3,0,0,0,0,0,1203.6,2.993548387096775,0.8998005982053839
2006-12-23,1115,4.6,2.4,0.0,0.0,30.1,0,0,0,0,0,1103.2,1.0935483870967748,1.0106961566352428
2006-12-09,1032,1.3,-6.3,0.0,0.0,30.3,0,0,0,0,0,1103.2,-2.2064516129032246,0.9354604786076867
2006-12-16,1214,9.8,-0.5,1.2,0.0,26.4,0,0,0,0,0,1103.2,6.293548387096775,1.1004350978970268
2006-12-30,1187,6.4,3.3,0.1,0.0,18.0,0,0,0,0,0,1103.2,2.8935483870967755,1.0759608411892676
2006-12-02,968,-2.6,-8.3,0.0,0.0,24.5,0,0,0,0,0,1103.2,-6.106451612903225,0.8774474256707759
2007-01-28,865,-4.8,-10.2,1.0,1.19,35.8,0,0,0,0,0,939.75,-5.5,0.9204575685022612
2007-01-07,1012,3.6,-0.7,0.5,0.0,25.2,0,0,0,0,0,939.75,2.9000000000000004,1.0768821495078478
2007-01-14,991,0.8,0.0,9.2,2.66,24.0,0,1,0,0,0,939.75,0.10000000000000009,1.054535780792764
2007-01-21,891,-1.5,-3.3,5.2,3.78,22.2,0,1,0,0,0,939.75,-2.2,0.9481245011971269
2007-01-29,961,-3.8,-12.2,0.5,0.56,26.7,0,0,0,0,0,1196.6,-4.5,0.8031088082901555
2007-01-01,1961,5.6,0.8,0.0,0.0,31.8,0,0,0,0,0,1196.6,4.8999999999999995,1.6388099615577472
2007-01-08,1059,3.3,-2.0,0.0,0.07,31.5,0,0,0,0,0,1196.6,2.5999999999999996,0.8850075213103795
2007-01-22,1054,-0.5,-4.2,0.0,0.0,22.1,0,0,0,0,0,1196.6,-1.2,0.8808290155440415
2007-01-15,948,0.6,-4.1,12.3,7.28,25.7,1,1,0,0,0,1196.6,-0.09999999999999998,0.7922446932976768
2007-01-23,1011,-2.0,-4.1,0.0,0.0,27.4,0,0,0,0,0,1050.2,-2.7,0.9626737764235384
2007-01-30,1010,-4.7,-10.5,0.7,0.63,27.0,0,0,0,0,0,1050.2,-5.4,0.9617215768425061
2007-01-02,1029,4.0,-2.3,0.0,0.0,21.1,0,0,0,0,0,1050.2,3.3,0.9798133688821177
2007-01-09,1126,0.2,-3.4,0.0,0.0,32.2,0,0,0,0,0,1050.2,-0.49999999999999994,1.0721767282422394
2007-01-16,1075,-4.5,-8.5,0.0,0.14,24.3,0,0,0,0,0,1050.2,-5.2,1.023614549609598
2007-01-17,1018,-3.9,-11.5,0.0,0.0,19.6,0,0,0,0,0,1063.6,-4.6,0.9571267393757052
2007-01-24,1055,-2.3,-4.5,0.0,0.0,19.6,0,0,0,0,0,1063.6,-3.0,0.9919142534787515
2007-01-31,940,-6.6,-14.8,0.0,0.0,24.9,0,0,0,1,0,1063.6,-7.3,0.8837908988341483
2007-01-10,1182,0.1,-5.4,0.0,0.0,32.1,0,0,0,0,0,1063.6,-0.6,1.111320045129748
2007-01-03,1123,6.7,0.8,0.0,0.0,29.2,0,0,0,0,0,1063.6,6.0,1.0558480631816474
2007-01-18,1122,-0.1,-4.1,0.4,0.42,26.0,0,0,0,0,0,1112.75,-0.7999999999999999,1.008312738710402
2007-01-11,1177,6.7,0.4,1.1,0.0,32.0,0,0,0,0,0,1112.75,6.0,1.0577398337452257
2007-01-25,1114,-4.2,-7.8,0.0,0.0,24.6,0,0,0,0,0,1112.75,-4.9,1.0011233430689732
2007-01-04,1038,8.0,3.5,7.5,0.0,31.6,0,0,0,0,0,1112.75,7.3,0.9328240844753988
2007-01-12,1278,7.1,1.9,9.1,0.0,25.0,0,0,0,0,0,1235.0,6.3999999999999995,1.0348178137651822
2007-01-26,1167,5.0,-7.2,0.0,0.0,33.4,0,0,0,0,0,1235.0,4.3,0.9449392712550607
2007-01-05,1319,7.8,4.8,0.6,0.0,25.8,0,0,0,0,0,1235.0,7.1,1.068016194331984
2007-01-19,1176,-2.9,-5.3,0.0,0.0,28.7,0,0,0,0,0,1235.0,-3.5999999999999996,0.9522267206477733
2007-01-20,1119,-3.5,-8.2,0.0,0.0,19.2,0,0,0,0,0,1104.25,-4.2,1.0133574824541545
2007-01-13,1123,1.7,-0.4,0.3,0.07,25.3,0,0,0,0,0,1104.25,1.0,1.0169798505773149
2007-01-27,1096,1.1,-4.3,0.0,0.14,24.9,0,0,0,0,0,1104.25,0.40000000000000013,0.9925288657459814
2007-01-06,1079,4.7,0.9,1.8,0.0,21.3,0,0,0,0,0,1104.25,4.0,0.9771338012225492
2007-02-11,849,-2.9,-15.3,0.0,0.0,19.2,0,0,0,0,0,819.25,2.5535714285714293,1.0363137015563015
2007-02-04,754,-16.3,-21.2,0.0,0.0,25.1,0,0,0,1,0,819.25,-10.846428571428572,0.9203539823008849
2007-02-18,814,-6.3,-12.7,0.0,0.0,21.1,0,0,0,1,0,819.25,-0.8464285714285706,0.9935916997253585
2007-02-25,860,2.6,-2.5,14.5,5.67,44.5,1,1,0,0,0,819.25,8.053571428571429,1.049740616417455
2007-02-26,955,-0.2,-2.1,0.5,1.12,20.4,0,0,0,0,0,913.0,5.253571428571429,1.046002190580504
2007-02-12,899,-1.6,-5.6,3.1,2.59,25.5,0,1,0,0,0,913.0,3.853571428571429,0.9846659364731654
2007-02-05,836,-15.2,-23.6,0.0,0.0,21.3,0,0,0,1,0,913.0,-9.74642857142857,0.9156626506024096
2007-02-19,962,3.0,-12.6,0.0,0.0,33.4,0,0,0,0,0,913.0,8.45357142857143,1.0536692223439212
2007-02-27,1092,0.2,-3.1,0.0,0.0,15.0,0,0,0,0,0,970.25,5.653571428571429,1.1254831229064675
2007-02-20,1166,2.4,-4.4,0.0,0.0,17.9,0,0,0,0,0,970.25,7.8535714285714295,1.2017521257407884
2007-02-06,849,-12.3,-22.5,3.2,2.38,17.8,0,1,0,1,0,970.25,-6.8464285714285715,0.8750322081937645
2007-02-13,774,-4.4,-10.1,9.7,6.79,40.1,0,1,0,0,0,970.25,1.0535714285714288,0.7977325431589797
2007-02-28,1102,1.0,-3.3,1.3,0.42,26.2,0,0,0,0,0,1015.5,6.453571428571429,1.085179714426391
2007-02-14,827,-9.8,-14.7,0.3,0.21,33.3,0,0,0,1,0,1015.5,-4.3464285714285715,0.8143771541112752
2007-02-21,1165,3.4,-7.3,0.0,0.0,25.1,0,0,0,0,0,1015.5,8.85357142857143,1.1472181191531265
2007-02-07,968,-11.0,-18.8,0.0,0.0,21.1,0,0,0,1,0,1015.5,-5.546428571428571,0.9532250123092073
2007-02-22,1100,2.0,-4.2,0.0,0.0,34.0,0,0,0,0,0,1041.25,7.453571428571429,1.056422569027611
2007-02-08,941,-10.8,-18.4,0.0,0.0,22.1,0,0,0,1,0,1041.25,-5.3464285714285715,0.9037214885954382
2007-02-01,1179,-4.3,-9.2,0.0,0.0,23.9,0,0,0,0,0,1041.25,1.1535714285714294,1.1322929171668668
2007-02-15,945,-11.3,-17.6,0.0,0.0,18.5,0,0,0,1,0,1041.25,-5.8464285714285715,0.907563025210084
2007-02-23,1300,-4.1,-9.7,0.4,0.35,18.4,0,0,0,0,0,1095.25,1.3535714285714295,1.1869436201780414
2007-02-02,1055,-10.0,-13.2,0.0,0.0,29.5,0,0,0,1,0,1095.25,-4.546428571428571,0.9632503994521798
2007-02-09,1022,-8.4,-14.4,0.0,0.0,21.0,0,0,0,1,0,1095.25,-2.946428571428571,0.9331202921707372
2007-02-16,1004,-11.4,-20.4,0.0,0.0,27.2,0,0,0,1,0,1095.25,-5.946428571428571,0.9166856881990413
2007-02-24,990,-1.1,-5.2,11.2,4.55,42.3,1,1,0,0,0,930.25,4.3535714285714295,1.0642300456866434
2007-02-10,942,-10.1,-17.0,0.0,0.0,19.5,0,0,0,1,0,930.25,-4.6464285714285705,1.012631013168503
2007-02-03,880,-11.5,-20.1,0.1,0.35,38.6,0,0,0,1,0,930.25,-6.046428571428571,0.9459822628325719
2007-02-17,909,-4.3,-10.8,1.4,1.26,20.5,0,0,0,0,0,930.25,1.1535714285714294,0.9771566783122816
2007-03-04,1000,-0.2,-9.1,0.0,0.0,26.6,0,0,0,0,0,1097.75,-6.5032258064516135,0.9109542245502164
2007-03-18,1087,3.0,-5.6,0.0,0.0,23.1,0,0,0,0,0,1097.75,-3.3032258064516133,0.9902072420860851
2007-03-25,1211,17.0,7.3,0.0,0.0,27.1,0,0,0,0,0,1097.75,10.696774193548386,1.103165565930312
2007-03-11,1093,6.9,-3.9,0.0,0.0,13.7,0,0,0,0,0,1097.75,0.596774193548387,0.9956729674333865
2007-03-05,960,-2.9,-12.1,0.0,0.0,25.9,0,0,0,0,0,1149.25,-9.203225806451613,0.8353273874265825
2007-03-26,1230,17.7,12.9,0.0,0.0,25.5,0,0,0,0,0,1149.25,11.396774193548385,1.0702632151403089
2007-03-19,1136,10.3,0.7,2.3,0.0,29.7,0,0,0,0,0,1149.25,3.9967741935483874,0.9884707417881227
2007-03-12,1271,11.1,0.8,2.0,0.0,22.4,0,0,0,0,0,1149.25,4.796774193548386,1.105938655644986
2007-03-13,1283,14.5,6.5,0.0,0.0,26.9,0,0,0,0,0,1165.5,8.196774193548386,1.1008151008151008
2007-03-27,1214,16.0,3.0,0.0,0.0,19.9,0,0,0,0,0,1165.5,9.696774193548386,1.0416130416130416
2007-03-20,1196,1.9,-3.9,0.0,0.0,26.0,0,0,0,0,0,1165.5,-4.403225806451614,1.0261690261690262
2007-03-06,969,-5.2,-14.2,0.9,0.7,19.7,0,0,0,1,0,1165.5,-11.503225806451614,0.8314028314028314
2007-03-14,1163,11.1,0.8,0.7,0.0,32.1,0,0,0,0,0,1145.75,4.796774193548386,1.0150556404102116
2007-03-28,1177,7.4,3.4,7.0,0.0,27.6,0,0,0,0,0,1145.75,1.096774193548387,1.0272747108880647
2007-03-07,1093,-3.8,-7.7,1.8,1.33,20.5,0,0,0,0,0,1145.75,-10.103225806451613,0.953960288020947
2007-03-21,1150,13.7,0.2,8.6,0.0,29.7,0,0,0,0,0,1145.75,7.396774193548386,1.0037093606807768
2007-03-29,1245,9.6,5.4,0.0,0.0,21.4,0,0,0,0,0,1203.4,3.2967741935483863,1.0345687219544624
2007-03-22,1232,13.6,2.9,3.5,0.0,36.1,0,0,0,0,0,1203.4,7.296774193548386,1.0237659963436927
2007-03-08,1128,0.3,-7.9,0.0,0.0,15.2,0,0,0,0,0,1203.4,-6.0032258064516135,0.9373441914575369
2007-03-15,1181,0.5,-2.9,0.5,0.14,28.3,0,0,0,0,0,1203.4,-5.803225806451613,0.981386072793751
2007-03-01,1231,6.2,0.5,12.7,0.0,32.8,1,0,0,0,0,1203.4,-0.10322580645161317,1.0229350174505567
2007-03-02,1190,0.2,-3.5,0.3,0.84,49.0,0,0,0,0,1,1244.4,-6.103225806451613,0.9562841530054644
2007-03-23,1273,7.1,3.0,0.8,0.0,15.3,0,0,0,0,0,1244.4,0.7967741935483863,1.022982963677274
2007-03-16,1267,-0.2,-4.7,0.0,0.0,22.4,0,0,0,0,0,1244.4,-6.5032258064516135,1.018161362905818
2007-03-30,1241,7.4,4.8,0.0,0.0,16.2,0,0,0,0,0,1244.4,1.096774193548387,0.9972677595628414
2007-03-09,1251,6.2,-3.5,6.1,0.0,16.2,0,0,0,0,0,1244.4,-0.10322580645161317,1.0053037608486017
2007-03-17,1106,-0.5,-6.0,0.0,0.0,18.8,0,0,0,0,0,1176.8,-6.803225806451613,0.9398368456832087
2007-03-24,1209,10.0,5.5,1.3,0.0,13.6,0,0,0,0,0,1176.8,3.6967741935483867,1.0273623385452073
2007-03-03,1137,-3.5,-5.9,0.0,0.42,32.0,0,0,0,0,0,1176.8,-9.803225806451614,0.9661794697484705
2007-03-31,1205,11.7,6.6,8.9,0.0,29.4,0,0,0,0,0,1176.8,5.396774193548386,1.023963290278722
2007-03-10,1227,8.3,-0.6,0.3,0.0,18.9,0,0,0,0,0,1176.8,1.9967741935483874,1.0426580557443916
2007-04-01,1269,13.8,7.6,3.4,0.0,36.3,0,0,0,0,0,1185.8,4.236666666666668,1.0701636026311352
2007-04-15,1229,7.5,1.1,0.0,0.0,17.4,0,0,0,0,0,1185.8,-2.0633333333333326,1.0364311013661665
2007-04-29,1174,22.2,8.0,0.0,0.0,24.5,0,0,0,0,0,1185.8,12.636666666666667,0.9900489121268342
2007-04-22,1275,19.9,10.9,0.0,0.0,30.4,0,0,0,0,0,1185.8,10.336666666666666,1.0752234778208805
2007-04-08,982,1.6,-2.1,0.0,0.0,14.3,0,0,0,0,0,1185.8,-7.963333333333333,0.828132906054984
2007-04-09,1133,3.1,-0.7,1.2,0.21,11.0,0,0,0,0,0,1212.4,-6.463333333333333,0.9345100626855822
2007-04-23,1294,16.7,7.8,3.4,0.0,32.4,0,0,0,0,0,1212.4,7.136666666666667,1.067304519960409
2007-04-02,1190,13.4,4.8,0.0,0.0,24.7,0,0,0,0,0,1212.4,3.836666666666668,0.9815242494226327
2007-04-16,1206,9.5,1.8,0.0,0.0,19.1,0,0,0,0,0,1212.4,-0.06333333333333258,0.9947212141207522
2007-04-30,1239,16.4,8.5,2.4,0.0,24.0,0,0,0,0,0,1212.4,6.836666666666666,1.0219399538106235
2007-04-17,1294,11.4,2.2,0.4,0.0,27.1,0,0,0,0,0,1211.75,1.8366666666666678,1.0678770373426862
2007-04-24,1179,11.8,6.8,0.0,0.0,29.6,0,0,0,0,0,1211.75,2.236666666666668,0.972972972972973
2007-04-03,1188,15.5,6.7,9.7,0.0,34.5,0,0,0,0,0,1211.75,5.936666666666667,0.9804002475758201
2007-04-10,1186,6.2,-1.2,0.0,0.0,25.3,0,0,0,0,0,1211.75,-3.3633333333333324,0.9787497421085207
2007-04-25,1074,8.2,7.1,29.6,0.0,33.2,1,0,0,0,0,1091.75,-1.3633333333333333,0.9837416991069384
2007-04-11,1073,4.5,0.7,22.3,11.41,37.8,1,1,0,0,0,1091.75,-5.063333333333333,0.9828257384932448
2007-04-04,1051,5.5,-1.2,0.0,0.0,35.5,0,0,0,0,0,1091.75,-4.063333333333333,0.9626746049919853
2007-04-18,1169,5.4,3.2,0.0,0.0,25.0,0,0,0,0,0,1091.75,-4.163333333333332,1.0707579574078314
2007-04-05,1058,3.0,-3.1,0.0,0.0,30.1,0,0,0,0,0,1114.75,-6.563333333333333,0.9490917246019287
2007-04-26,1039,12.9,6.3,13.4,0.0,22.2,1,0,0,0,0,1114.75,3.336666666666668,0.9320475442924423
2007-04-12,1166,4.2,0.9,3.6,1.4,28.0,0,0,0,0,0,1114.75,-5.363333333333332,1.0459744337295358
2007-04-19,1196,7.6,3.6,0.0,0.0,17.9,0,0,0,0,0,1114.75,-1.963333333333333,1.0728862973760933
2007-04-13,1323,7.0,0.0,0.0,0.0,22.0,0,0,0,0,0,1277.75,-2.5633333333333326,1.0354138133437683
2007-04-20,1402,10.5,3.8,0.0,0.0,13.7,0,0,0,0,0,1277.75,0.9366666666666674,1.0972412443748778
2007-04-27,1289,9.2,6.5,1.3,0.0,16.6,0,0,0,0,0,1277.75,-0.3633333333333333,1.0088045392291136
2007-04-06,1097,0.8,-3.3,0.0,0.0,25.5,0,0,0,0,0,1277.75,-8.763333333333332,0.8585404030522402
2007-04-14,1243,5.1,2.5,0.0,0.0,17.6,0,0,0,0,0,1216.5,-4.463333333333333,1.021783806000822
2007-04-21,1280,16.3,5.6,0.0,0.0,20.5,0,0,0,0,0,1216.5,6.736666666666668,1.0521989313604603
2007-04-28,1318,18.3,5.4,0.0,0.0,20.0,0,0,0,0,0,1216.5,8.736666666666668,1.083436087135224
2007-04-07,1025,-0.6,-4.5,0.0,0.0,25.3,0,0,0,0,0,1216.5,-10.163333333333332,0.8425811755034937
2007-05-06,1142,15.7,10.3,0.0,0.0,28.9,0,0,0,0,0,1162.25,-4.067741935483873,0.9825768982576898
2007-05-20,1165,17.8,8.7,1.9,0.0,21.3,0,0,0,0,0,1162.25,-1.9677419354838719,1.00236610023661
2007-05-13,1111,16.8,8.8,0.0,0.0,18.4,0,0,0,0,0,1162.25,-2.967741935483872,0.9559044955904495
2007-05-27,1231,22.9,17.2,0.0,0.0,22.5,0,0,0,0,0,1162.25,3.132258064516126,1.0591525059152507
2007-05-07,1306,20.9,10.4,0.0,0.0,26.0,0,0,0,0,0,1302.75,1.132258064516126,1.0024947227019765
2007-05-21,1261,21.6,9.1,0.0,0.0,22.5,0,0,0,0,0,1302.75,1.8322580645161288,0.9679524083669161
2007-05-14,1346,25.5,14.2,0.0,0.0,29.8,0,0,0,0,0,1302.75,5.732258064516127,1.0331990021109192
2007-05-28,1298,20.7,14.1,0.0,0.0,14.8,0,0,0,0,0,1302.75,0.9322580645161267,0.9963538668201881
2007-05-15,1334,24.1,12.3,28.0,0.0,29.8,1,0,0,0,0,1347.2,4.332258064516129,0.9902019002375296
2007-05-29,1396,26.2,18.8,0.0,0.0,15.0,0,0,0,0,0,1347.2,6.432258064516127,1.0362232779097387
2007-05-01,1417,22.2,8.1,1.9,0.0,22.8,0,0,0,0,0,1347.2,2.4322580645161267,1.051811163895487
2007-05-22,1303,25.1,15.3,0.0,0.0,20.8,0,0,0,0,0,1347.2,5.332258064516129,0.9671912114014252
2007-05-08,1286,18.9,15.2,0.0,0.0,15.5,0,0,0,0,0,1347.2,-0.867741935483874,0.9545724465558194
2007-05-09,1353,17.6,14.7,2.9,0.0,14.5,0,0,0,0,0,1322.6,-2.167741935483871,1.0229850294873735
2007-05-16,1262,12.5,8.3,2.1,0.0,22.7,0,0,0,0,0,1322.6,-7.267741935483873,0.9541811583245123
2007-05-02,1280,9.5,6.6,0.0,0.0,24.8,0,0,0,0,0,1322.6,-10.267741935483873,0.9677907152578256
2007-05-23,1360,27.2,19.0,0.0,0.0,28.5,0,0,0,0,0,1322.6,7.432258064516127,1.0282776349614398
2007-05-30,1358,27.7,20.0,0.0,0.0,19.1,0,0,0,0,0,1322.6,7.932258064516127,1.0267654619688493
2007-05-24,1397,26.4,20.0,0.4,0.0,35.0,0,0,0,0,0,1310.6,6.632258064516126,1.0659240042728522
2007-05-03,1277,13.0,8.9,0.0,0.0,25.1,0,0,0,0,0,1310.6,-6.767741935483873,0.9743628872272242
2007-05-17,1318,11.7,6.4,0.7,0.0,28.8,0,0,0,0,0,1310.6,-8.067741935483873,1.0056462688844805
2007-05-10,1332,20.9,11.1,0.0,0.0,10.8,0,0,0,0,0,1310.6,1.132258064516126,1.0163283992064704
2007-05-31,1229,25.9,19.8,2.6,0.0,20.3,0,0,0,0,0,1310.6,6.132258064516126,0.937738440408973
2007-05-25,1417,20.6,13.2,1.6,0.0,17.7,0,0,0,0,0,1367.75,0.8322580645161288,1.0360080424054103
2007-05-04,1355,15.5,9.5,0.0,0.0,26.2,0,0,0,0,0,1367.75,-4.267741935483873,0.990678121001645
2007-05-18,1377,17.2,7.4,0.0,0.0,17.5,0,0,0,0,0,1367.75,-2.5677419354838733,1.006762931822336
2007-05-11,1322,18.6,9.4,0.0,0.0,28.7,0,0,0,0,0,1367.75,-1.1677419354838712,0.9665509047706087
2007-05-12,1213,12.2,9.0,0.0,0.0,26.0,0,0,0,0,0,1214.75,-7.567741935483873,0.9985593743568636
2007-05-19,1277,22.5,12.8,0.0,0.0,21.6,0,0,0,0,0,1214.75,2.7322580645161274,1.0512451121629964
2007-05-05,1239,15.1,11.7,0.1,0.0,25.0,0,0,0,0,0,1214.75,-4.667741935483873,1.019962955340605
2007-05-26,1130,20.3,12.5,10.8,0.0,20.5,1,0,0,0,0,1214.75,0.5322580645161281,0.9302325581395349
2007-06-10,1232,25.7,17.1,0.0,0.0,12.3,0,0,0,0,0,1264.0,1.0333333333333314,0.9746835443037974
2007-06-17,1298,28.3,22.6,0.0,0.0,12.1,0,0,0,0,0,1264.0,3.633333333333333,1.0268987341772151
2007-06-03,1231,23.0,18.4,7.4,0.0,13.3,0,0,0,0,0,1264.0,-1.6666666666666679,0.9738924050632911
2007-06-24,1295,23.4,17.8,0.0,0.0,16.0,0,0,0,0,0,1264.0,-1.2666666666666693,1.0245253164556962
2007-06-25,1273,27.3,20.8,0.0,0.0,14.9,0,0,0,0,0,1271.5,2.633333333333333,1.001179709005112
2007-06-18,1326,28.7,22.8,1.8,0.0,30.2,0,0,0,0,0,1271.5,4.033333333333331,1.042862760519072
2007-06-11,1302,25.3,18.8,0.0,0.0,16.3,0,0,0,0,0,1271.5,0.6333333333333329,1.0239874164372789
2007-06-04,1185,19.0,14.8,11.0,0.0,26.1,1,0,0,0,0,1271.5,-5.666666666666668,0.9319701140385371
2007-06-12,1288,23.6,19.5,0.0,0.0,17.7,0,0,0,0,0,1238.0,-1.0666666666666664,1.0403877221324718
2007-06-26,1200,29.6,22.2,0.4,0.0,18.3,0,0,0,0,0,1238.0,4.933333333333334,0.9693053311793215
2007-06-05,1185,14.7,12.4,1.4,0.0,19.3,0,0,0,0,0,1238.0,-9.966666666666669,0.9571890145395799
2007-06-19,1279,25.9,20.8,5.6,0.0,28.9,0,0,0,0,0,1238.0,1.2333333333333307,1.0331179321486268
2007-06-27,1300,29.3,23.1,1.7,0.0,18.7,0,0,0,0,0,1302.5,4.633333333333333,0.9980806142034548
2007-06-13,1291,25.3,18.7,0.0,0.0,17.8,0,0,0,0,0,1302.5,0.6333333333333329,0.9911708253358925
2007-06-06,1248,21.3,10.3,0.0,0.0,31.7,0,0,0,0,0,1302.5,-3.366666666666667,0.9581573896353167
2007-06-20,1371,27.0,18.3,0.0,0.0,18.4,0,0,0,0,0,1302.5,2.333333333333332,1.052591170825336
2007-06-14,1320,26.4,19.7,0.0,0.0,18.1,0,0,0,0,0,1303.75,1.7333333333333307,1.012464046021093
2007-06-28,1273,23.7,17.4,0.0,0.0,27.1,0,0,0,0,0,1303.75,-0.9666666666666686,0.9764141898370087
2007-06-07,1257,28.1,21.1,0.2,0.0,40.7,0,0,0,0,0,1303.75,3.4333333333333336,0.9641418983700862
2007-06-21,1365,25.7,19.4,1.7,0.0,21.4,0,0,0,0,0,1303.75,1.0333333333333314,1.0469798657718121
2007-06-29,1335,19.5,16.8,0.0,0.0,20.7,0,0,0,0,0,1417.0,-5.166666666666668,0.9421312632321807
2007-06-15,1459,27.7,20.1,0.0,0.0,11.7,0,0,0,0,0,1417.0,3.0333333333333314,1.0296400846859561
2007-06-22,1387,21.0,18.8,5.7,0.0,20.9,0,0,0,0,0,1417.0,-3.666666666666668,0.9788285109386027
2007-06-08,1322,24.4,18.4,5.1,0.0,29.5,0,0,0,0,0,1417.0,-0.26666666666666927,0.9329569513055752
2007-06-01,1582,25.1,18.7,2.6,0.0,17.1,0,0,0,0,0,1417.0,0.43333333333333357,1.1164431898376852
2007-06-02,1327,25.7,19.4,1.4,0.0,18.4,0,0,0,0,0,1278.4,1.0333333333333314,1.0380162703379223
2007-06-23,1216,19.7,18.0,3.6,0.0,20.5,0,0,0,0,0,1278.4,-4.966666666666669,0.9511889862327909
2007-06-09,1270,22.4,16.6,0.0,0.0,11.3,0,0,0,0,0,1278.4,-2.2666666666666693,0.9934292866082602
2007-06-16,1331,30.9,21.2,0.0,0.0,11.1,0,0,1,0,0,1278.4,6.233333333333331,1.041145181476846
2007-06-30,1248,22.3,16.9,0.0,0.0,15.5,0,0,0,0,0,1278.4,-2.366666666666667,0.9762202753441802
2007-07-08,1270,32.1,23.5,0.0,0.0,26.7,0,0,1,0,0,1353.0,6.261290322580642,0.9386548410938654
2007-07-01,1509,21.1,17.7,0.0,0.0,22.0,0,0,0,0,0,1353.0,-4.738709677419358,1.1152993348115299
2007-07-15,1318,25.0,19.4,0.0,0.0,13.2,0,0,0,0,0,1353.0,-0.8387096774193594,0.9741315594974131
2007-07-22,1365,24.3,17.4,0.0,0.0,9.2,0,0,0,0,0,1353.0,-1.5387096774193587,1.0088691796008868
2007-07-29,1303,25.0,20.2,0.0,0.0,15.5,0,0,0,0,0,1353.0,-0.8387096774193594,0.9630450849963045
2007-07-02,1298,22.3,16.2,0.0,0.0,18.3,0,0,0,0,0,1272.0,-3.5387096774193587,1.020440251572327
2007-07-16,1220,26.5,20.8,5.2,0.0,14.5,0,0,0,0,0,1272.0,0.6612903225806406,0.9591194968553459
2007-07-23,1250,25.4,19.7,0.0,0.0,11.2,0,0,0,0,0,1272.0,-0.43870967741936084,0.9827044025157232
2007-07-30,1316,27.5,20.7,0.0,0.0,10.4,0,0,0,0,0,1272.0,1.6612903225806406,1.0345911949685536
2007-07-09,1276,32.0,23.0,0.8,0.0,21.9,0,0,1,0,0,1272.0,6.161290322580641,1.0031446540880504
2007-07-24,1347,25.6,19.5,1.5,0.0,12.1,0,0,0,0,0,1289.8,-0.238709677419358,1.0443479609241744
2007-07-31,1251,28.6,21.5,0.0,0.0,9.0,0,0,0,0,0,1289.8,2.761290322580642,0.9699178167157699
2007-07-03,1228,26.8,18.4,0.0,0.0,19.0,0,0,0,0,0,1289.8,0.9612903225806413,0.9520855946658398
2007-07-10,1298,29.5,23.3,3.2,0.0,27.4,0,0,0,0,0,1289.8,3.6612903225806406,1.0063575748178013
2007-07-17,1325,26.7,21.3,5.5,0.0,17.7,0,0,0,0,0,1289.8,0.8612903225806399,1.027291052876415
2007-07-11,1274,23.7,19.3,0.0,0.0,25.0,0,0,0,0,0,1316.25,-2.13870967741936,0.9679012345679012
2007-07-25,1344,26.5,21.1,0.5,0.0,14.4,0,0,0,0,0,1316.25,0.6612903225806406,1.0210826210826212
2007-07-04,1301,25.1,20.3,6.2,0.0,24.1,0,0,0,0,0,1316.25,-0.738709677419358,0.9884140550807218
2007-07-18,1346,28.5,21.3,17.7,0.0,20.6,1,0,0,0,0,1316.25,2.6612903225806406,1.022602089268756
2007-07-05,1364,27.8,22.9,0.1,0.0,12.5,0,0,0,0,0,1336.5,1.9612903225806413,1.0205761316872428
2007-07-26,1315,27.2,19.6,21.7,0.0,19.1,1,0,0,0,0,1336.5,1.3612903225806399,0.9839132061354283
2007-07-12,1395,25.1,18.6,0.0,0.0,26.8,0,0,0,0,0,1336.5,-0.738709677419358,1.0437710437710437
2007-07-19,1272,24.1,18.3,2.8,0.0,30.6,0,0,0,0,0,1336.5,-1.738709677419358,0.9517396184062851
2007-07-06,1353,25.4,21.1,0.0,0.0,12.1,0,0,0,0,0,1375.0,-0.43870967741936084,0.984
2007-07-13,1368,21.2,17.4,0.1,0.0,12.0,0,0,0,0,0,1375.0,-4.63870967741936,0.9949090909090909
2007-07-20,1388,20.6,17.0,0.0,0.0,25.7,0,0,0,0,0,1375.0,-5.238709677419358,1.0094545454545454
2007-07-27,1391,25.2,21.4,15.3,0.0,21.2,1,0,0,0,0,1375.0,-0.6387096774193601,1.0116363636363637
2007-07-28,1365,23.7,21.4,0.4,0.0,21.1,0,0,0,0,0,1326.75,-2.13870967741936,1.0288298473713964
2007-07-21,1352,21.2,17.1,0.0,0.0,14.7,0,0,0,0,0,1326.75,-4.63870967741936,1.019031467872621
2007-07-14,1266,27.0,19.1,0.0,0.0,30.1,0,0,0,0,0,1326.75,1.1612903225806406,0.9542114188807236
2007-07-07,1324,30.3,20.0,0.0,0.0,21.7,0,0,1,0,0,1326.75,4.461290322580641,0.997927265875259
2007-08-26,1253,23.8,18.6,0.0,0.0,14.9,0,0,0,0,0,1215.25,-2.7548387096774185,1.0310635671672495
2007-08-12,1276,28.6,24.1,0.0,0.0,13.8,0,0,0,0,0,1215.25,2.045161290322582,1.049989714050607
2007-08-19,1088,20.7,17.8,42.2,0.0,21.2,1,0,0,0,0,1215.25,-5.85483870967742,0.8952890351779469
2007-08-05,1244,29.7,19.8,12.4,0.0,24.8,1,0,0,0,0,1215.25,3.14516129032258,1.0236576836041966
2007-08-13,1355,24.6,21.6,0.0,0.0,18.7,0,0,0,0,0,1261.25,-1.9548387096774178,1.0743310208126857
2007-08-06,1266,27.9,23.8,1.0,0.0,11.2,0,0,0,0,0,1261.25,1.3451612903225794,1.0037661050545095
2007-08-27,1233,25.7,18.6,0.0,0.0,17.9,0,0,0,0,0,1261.25,-0.8548387096774199,0.977601585728444
2007-08-20,1191,25.5,20.2,14.2,0.0,16.3,1,0,0,0,0,1261.25,-1.0548387096774192,0.9443012884043608
2007-08-14,1356,28.2,20.8,2.2,0.0,29.2,0,0,0,0,0,1311.75,1.64516129032258,1.0337335620354489
2007-08-21,1285,27.7,21.5,1.1,0.0,17.9,0,0,0,0,0,1311.75,1.14516129032258,0.9796073947017343
2007-08-07,1272,31.4,24.6,24.2,0.0,15.0,1,0,1,0,0,1311.75,4.845161290322579,0.9696969696969697
2007-08-28,1334,29.3,21.4,0.0,0.0,20.4,0,0,0,0,0,1311.75,2.7451612903225815,1.0169620735658471
2007-08-08,1293,28.0,24.3,10.1,0.0,11.2,1,0,0,0,0,1342.8,1.4451612903225808,0.9629133154602324
2007-08-15,1308,26.6,23.7,2.3,0.0,17.9,0,0,0,0,0,1342.8,0.045161290322582204,0.9740840035746202
2007-08-22,1265,30.1,23.4,8.9,0.0,20.6,0,0,1,0,0,1342.8,3.545161290322582,0.9420613643133751
2007-08-01,1559,29.3,22.6,0.0,0.0,13.1,0,0,0,0,0,1342.8,2.7451612903225815,1.1610068513553768
2007-08-29,1289,26.0,21.9,1.8,0.0,21.6,0,0,0,0,0,1342.8,-0.5548387096774192,0.9599344652963956
2007-08-09,1283,27.8,23.9,18.3,0.0,12.2,1,0,0,0,0,1238.8,1.2451612903225815,1.0356796900226026
2007-08-16,1206,24.3,21.1,0.0,0.0,21.5,0,0,0,0,0,1238.8,-2.2548387096774185,0.9735227639651276
2007-08-23,1107,29.1,22.7,7.8,0.0,25.5,0,0,0,0,0,1238.8,2.545161290322582,0.8936067161769454
2007-08-02,1274,31.0,22.7,0.0,0.0,14.0,0,0,1,0,0,1238.8,4.445161290322581,1.0284145947691314
2007-08-30,1324,22.0,19.3,0.0,0.0,20.9,0,0,0,0,0,1238.8,-4.554838709677419,1.0687762350661931
2007-08-31,1329,22.4,17.7,0.0,0.0,11.0,0,0,0,0,0,1343.0,-4.154838709677421,0.9895755770662695
2007-08-10,1384,27.0,23.6,0.1,0.0,12.5,0,0,0,0,0,1343.0,0.4451612903225808,1.0305286671630678
2007-08-24,1321,24.9,22.2,17.5,0.0,16.5,1,0,0,0,0,1343.0,-1.6548387096774206,0.9836187639612807
2007-08-17,1353,24.4,20.2,0.0,0.0,16.3,0,0,0,0,0,1343.0,-2.1548387096774206,1.007446016381236
2007-08-03,1328,27.4,24.5,0.0,0.0,14.2,0,0,0,0,0,1343.0,0.8451612903225794,0.9888309754281459
2007-08-25,1304,22.8,20.6,4.6,0.0,15.5,0,0,0,0,0,1268.5,-3.7548387096774185,1.027985810011825
2007-08-11,1323,29.8,22.9,0.0,0.0,14.8,0,0,0,0,0,1268.5,3.2451612903225815,1.0429641308632243
2007-08-04,1260,25.1,21.3,0.8,0.0,20.6,0,0,0,0,0,1268.5,-1.4548387096774178,0.9932991722506898
2007-08-18,1187,22.1,17.8,1.9,0.0,24.8,0,0,0,0,0,1268.5,-4.454838709677418,0.9357508868742609
2007-09-09,1245,23.3,20.5,0.0,0.0,18.7,0,0,0,0,0,1214.0,-0.35666666666666913,1.0255354200988467
2007-09-16,1192,19.7,10.6,0.0,0.0,21.2,0,0,0,0,0,1214.0,-3.9566666666666706,0.9818780889621087
2007-09-23,1188,24.4,15.2,0.0,0.0,20.2,0,0,0,0,0,1214.0,0.7433333333333287,0.9785831960461285
2007-09-30,1226,25.3,16.7,0.0,0.0,29.6,0,0,0,0,0,1214.0,1.6433333333333309,1.0098846787479407
2007-09-02,1219,26.9,18.9,0.0,0.0,15.7,0,0,0,0,0,1214.0,3.2433333333333287,1.0041186161449753
2007-09-10,1139,21.3,17.7,14.2,0.0,22.1,1,0,0,0,0,1223.5,-2.356666666666669,0.9309358398038414
2007-09-24,1302,29.0,20.9,0.2,0.0,23.8,0,0,0,0,0,1223.5,5.34333333333333,1.0641601961585616
2007-09-17,1210,22.9,14.0,0.0,0.0,26.7,0,0,0,0,0,1223.5,-0.7566666666666713,0.9889660809154066
2007-09-03,1243,28.0,19.6,0.0,0.0,13.6,0,0,0,0,0,1223.5,4.34333333333333,1.0159378831221904
2007-09-04,1242,28.8,20.3,0.0,0.0,12.5,0,0,0,0,0,1256.5,5.143333333333331,0.9884600079586152
2007-09-18,1294,26.3,18.2,0.0,0.0,25.7,0,0,0,0,0,1256.5,2.643333333333331,1.0298448070035813
2007-09-11,1184,20.1,12.5,0.6,0.0,31.4,0,0,0,0,0,1256.5,-3.5566666666666684,0.942300039793076
2007-09-25,1306,26.1,20.1,6.2,0.0,23.7,0,0,0,0,0,1256.5,2.4433333333333316,1.0393951452447274
2007-09-05,1281,30.2,21.8,0.0,0.0,15.6,0,0,1,0,0,1227.0,6.5433333333333294,1.0440097799511003
2007-09-26,1190,19.5,14.7,1.2,0.0,21.4,0,0,0,0,0,1227.0,-4.15666666666667,0.9698451507742462
2007-09-12,1126,16.5,11.7,0.0,0.0,23.8,0,0,0,0,0,1227.0,-7.15666666666667,0.9176854115729421
2007-09-19,1311,25.7,20.4,0.0,0.0,25.0,0,0,0,0,0,1227.0,2.0433333333333294,1.0684596577017116
2007-09-06,1296,26.1,22.6,0.9,0.0,27.4,0,0,0,0,0,1266.75,2.4433333333333316,1.0230905861456483
2007-09-27,1272,21.4,13.6,0.6,0.0,20.1,0,0,0,0,0,1266.75,-2.2566666666666713,1.0041444641799881
2007-09-20,1263,22.5,19.5,0.0,0.0,15.5,0,0,0,0,0,1266.75,-1.1566666666666698,0.9970396684428656
2007-09-13,1236,22.8,13.8,0.0,0.0,20.1,0,0,0,0,0,1266.75,-0.8566666666666691,0.9757252812314979
2007-09-28,1396,19.2,14.5,0.0,0.0,15.5,0,0,0,0,0,1410.25,-4.4566666666666706,0.9898954086154937
2007-09-21,1475,28.5,20.2,0.0,0.0,27.7,0,0,0,0,0,1410.25,4.84333333333333,1.0459138450629322
2007-09-14,1364,19.0,11.2,0.7,0.0,27.2,0,0,0,0,0,1410.25,-4.65666666666667,0.9672043963836199
2007-09-07,1406,25.6,21.9,7.2,0.0,30.7,0,0,0,0,0,1410.25,1.9433333333333316,0.9969863499379542
2007-09-29,1301,24.1,14.1,0.0,0.0,22.7,0,0,0,0,0,1332.2,0.4433333333333316,0.9765800930791172
2007-09-08,1347,23.1,20.0,0.7,0.0,17.1,0,0,0,0,0,1332.2,-0.5566666666666684,1.0111094430265726
2007-09-15,1174,13.8,9.2,0.0,0.0,24.2,0,0,0,0,0,1332.2,-9.85666666666667,0.8812490617024471
2007-09-22,1344,25.1,16.6,1.3,0.0,29.0,0,0,0,0,0,1332.2,1.4433333333333316,1.0088575288995647
2007-09-01,1495,24.5,18.3,0.0,0.0,13.0,0,0,0,0,0,1332.2,0.8433333333333302,1.1222038732922983
2007-10-28,1200,12.0,6.4,0.0,0.0,17.8,0,0,0,0,0,1211.75,-6.445161290322584,0.9903032803796162
2007-10-07,1242,27.8,21.5,0.0,0.0,14.2,0,0,0,0,0,1211.75,9.354838709677416,1.0249638951929028
2007-10-14,1123,16.4,13.2,1.2,0.0,18.2,0,0,0,0,0,1211.75,-2.0451612903225858,0.9267588198885909
2007-10-21,1282,21.9,16.2,0.0,0.0,32.1,0,0,0,0,0,1211.75,3.4548387096774142,1.0579740045388901
2007-10-29,1196,13.9,6.7,0.0,0.0,25.6,0,0,0,0,0,1286.0,-4.545161290322584,0.9300155520995335
2007-10-15,1303,20.8,14.1,0.2,0.0,16.8,0,0,0,0,0,1286.0,2.3548387096774164,1.0132192846034214
2007-10-01,1488,21.8,16.6,6.3,0.0,29.7,0,0,0,0,0,1286.0,3.3548387096774164,1.157076205287714
2007-10-08,1271,27.7,19.6,1.1,0.0,24.8,0,0,0,0,0,1286.0,9.254838709677415,0.9883359253499222
2007-10-22,1172,18.5,11.2,5.6,0.0,26.6,0,0,0,0,0,1286.0,0.054838709677415665,0.911353032659409
2007-10-30,1363,15.7,7.5,0.0,0.0,26.5,0,0,0,0,0,1305.6,-2.745161290322585,1.0439644607843137
2007-10-09,1324,22.3,12.4,0.0,0.0,30.3,0,0,0,0,0,1305.6,3.8548387096774164,1.014093137254902
2007-10-16,1341,19.3,15.7,9.4,0.0,19.0,0,0,0,0,0,1305.6,0.8548387096774164,1.0271139705882353
2007-10-02,1289,24.0,15.8,0.5,0.0,37.1,0,0,0,0,0,1305.6,5.554838709677416,0.9872855392156863
2007-10-23,1211,12.6,10.2,0.7,0.0,23.4,0,0,0,0,0,1305.6,-5.845161290322585,0.9275428921568628
2007-10-03,1203,21.7,15.0,4.4,0.0,32.8,0,0,0,0,0,1304.6,3.254838709677415,0.9221217231335276
2007-10-10,1293,12.1,9.1,0.4,0.0,33.1,0,0,0,0,0,1304.6,-6.345161290322585,0.9911083857120957
2007-10-31,1530,15.3,8.8,0.0,0.0,29.4,0,0,0,0,0,1304.6,-3.1451612903225836,1.1727732638356585
2007-10-24,1222,11.0,9.1,0.0,0.0,31.3,0,0,0,0,0,1304.6,-7.445161290322584,0.9366855741223364
2007-10-17,1275,19.6,11.9,5.9,0.0,29.9,0,0,0,0,0,1304.6,1.154838709677417,0.9773110531963821
2007-10-11,1109,13.1,10.3,2.9,0.0,33.3,0,0,0,0,0,1225.5,-5.345161290322585,0.904936760505916
2007-10-18,1298,22.4,16.9,25.0,0.0,38.6,1,0,0,0,0,1225.5,3.9548387096774142,1.059159526723786
2007-10-25,1248,12.7,8.1,0.0,0.0,28.9,0,0,0,0,0,1225.5,-5.745161290322585,1.018359853121175
2007-10-04,1247,24.7,15.3,0.0,0.0,13.0,0,0,0,0,0,1225.5,6.254838709677415,1.0175438596491229
2007-10-19,1315,17.0,13.2,0.0,0.0,39.5,0,0,0,0,0,1320.25,-1.4451612903225843,0.9960234804014392
2007-10-26,1299,15.1,11.2,3.8,0.0,18.4,0,0,0,0,0,1320.25,-3.3451612903225847,0.9839045635296345
2007-10-12,1360,11.5,9.0,0.0,0.0,18.8,0,0,0,0,0,1320.25,-6.945161290322584,1.0301079341033894
2007-10-05,1307,26.3,19.6,0.0,0.0,17.7,0,0,0,0,0,1320.25,7.854838709677416,0.9899640219655368
2007-10-20,1313,19.3,10.5,0.0,0.0,31.1,0,0,0,0,0,1271.5,0.8548387096774164,1.0326386158081007
2007-10-13,1226,14.1,7.5,0.0,0.0,10.7,0,0,0,0,0,1271.5,-4.345161290322585,0.9642154935116005
2007-10-06,1312,27.6,21.3,0.0,0.0,17.3,0,0,0,0,0,1271.5,9.154838709677417,1.0318521431380259
2007-10-27,1235,13.6,8.9,6.6,0.0,27.4,0,0,0,0,0,1271.5,-4.845161290322585,0.9712937475422729
2007-11-04,1117,10.2,6.7,0.0,0.0,20.5,0,0,0,0,0,1090.0,2.913333333333333,1.0247706422018348
2007-11-18,1092,5.0,2.6,0.2,0.0,23.1,0,0,0,0,0,1090.0,-2.286666666666666,1.001834862385321
2007-11-11,1182,11.6,5.8,8.3,0.0,25.9,0,0,0,0,0,1090.0,4.3133333333333335,1.0844036697247705
2007-11-25,969,3.9,-1.1,0.8,0.28,25.4,0,0,0,0,0,1090.0,-3.3866666666666663,0.8889908256880734
2007-11-05,1164,11.4,4.8,1.9,0.0,36.1,0,0,0,0,0,1145.25,4.113333333333334,1.0163719711853307
2007-11-12,1209,13.7,8.9,1.9,0.0,20.0,0,0,0,0,0,1145.25,6.413333333333333,1.0556647020301244
2007-11-26,1071,3.4,-0.8,4.1,1.47,19.7,0,0,0,0,0,1145.25,-3.8866666666666663,0.9351669941060904
2007-11-19,1137,13.7,4.0,0.0,0.0,26.2,0,0,0,0,0,1145.25,6.413333333333333,0.9927963326784545
2007-11-13,1169,12.4,4.8,0.0,0.0,24.3,0,0,0,0,0,1140.75,5.113333333333334,1.024764409379794
2007-11-27,1138,1.8,-2.7,0.0,0.0,30.2,0,0,0,0,0,1140.75,-5.486666666666666,0.9975893052816129
2007-11-20,1186,12.9,7.7,3.1,0.0,24.2,0,0,0,0,0,1140.75,5.613333333333334,1.039666885820732
2007-11-06,1070,5.9,2.5,0.0,0.0,40.3,0,0,0,0,0,1140.75,-1.3866666666666658,0.937979399517861
2007-11-07,1143,4.5,0.9,0.0,0.0,18.1,0,0,0,0,0,1149.0,-2.786666666666666,0.9947780678851175
2007-11-28,1170,7.3,-2.2,0.0,0.0,30.8,0,0,0,0,0,1149.0,0.013333333333333641,1.0182767624020888
2007-11-14,1242,11.6,5.7,0.0,0.0,30.6,0,0,0,0,0,1149.0,4.3133333333333335,1.080939947780679
2007-11-21,1041,8.0,4.1,20.7,0.0,39.8,1,0,0,0,0,1149.0,0.7133333333333338,0.9060052219321149
2007-11-15,1127,5.3,1.9,0.0,0.0,31.3,0,0,0,0,0,1140.8,-1.9866666666666664,0.9879032258064516
2007-11-29,1089,0.3,-5.4,0.0,0.0,32.4,0,0,0,0,0,1140.8,-6.986666666666666,0.954593267882188
2007-11-22,811,3.6,-0.7,2.6,0.35,38.9,0,0,0,0,0,1140.8,-3.686666666666666,0.7109046283309958
2007-11-08,1170,9.4,3.6,0.0,0.0,19.5,0,0,0,0,0,1140.8,2.113333333333334,1.0255960729312763
2007-11-01,1507,9.7,5.3,0.0,0.0,24.5,0,0,0,0,0,1140.8,2.413333333333333,1.3210028050490885
2007-11-16,1290,4.7,-0.9,0.0,0.0,17.1,0,0,0,0,0,1180.2,-2.586666666666666,1.0930350788002032
2007-11-30,1140,1.3,-4.0,0.0,0.0,31.9,0,0,0,0,0,1180.2,-5.986666666666666,0.9659379766141332
2007-11-09,1254,7.6,3.3,0.0,0.0,24.2,0,0,0,0,0,1180.2,0.31333333333333346,1.0625317742755465
2007-11-23,992,-0.8,-2.9,0.0,0.0,19.2,0,0,0,0,0,1180.2,-8.086666666666666,0.8405355024572106
2007-11-02,1225,12.2,4.8,0.0,0.0,18.1,0,0,0,0,0,1180.2,4.913333333333333,1.0379596678529062
2007-11-03,1299,11.2,6.6,0.0,0.0,18.8,0,0,0,0,0,1180.25,3.913333333333333,1.1006142766363058
2007-11-24,1059,2.8,-1.7,0.0,0.0,25.0,0,0,0,0,0,1180.25,-4.486666666666666,0.8972675280660877
2007-11-10,1221,8.6,3.9,0.0,0.0,20.1,0,0,0,0,0,1180.25,1.3133333333333335,1.034526583350985
2007-11-17,1142,5.4,2.8,1.6,0.0,20.7,0,0,0,0,0,1180.25,-1.8866666666666658,0.9675916119466215
2007-12-02,927,9.4,-2.0,12.5,0.0,33.6,1,0,0,0,0,914.0,8.538709677419355,1.0142231947483589
2007-12-23,987,8.2,-8.1,3.9,0.0,49.1,0,0,0,0,1,914.0,7.338709677419354,1.0798687089715535
2007-12-30,1005,0.6,-3.8,0.4,0.49,18.4,0,0,0,0,0,914.0,-0.2612903225806451,1.099562363238512
2007-12-09,881,-0.2,-1.1,2.6,1.68,16.2,0,0,0,0,0,914.0,-1.0612903225806452,0.9638949671772429
2007-12-16,770,-1.1,-7.6,4.7,3.29,36.2,0,1,0,0,0,914.0,-1.9612903225806453,0.8424507658643327
2007-12-24,803,-3.5,-6.6,0.0,0.0,42.6,0,0,0,0,0,978.2,-4.361290322580645,0.8208955223880596
2007-12-03,1062,-1.2,-4.7,0.0,0.0,38.4,0,0,0,0,0,978.2,-2.061290322580645,1.0856675526477202
2007-12-10,1096,0.4,-0.9,0.0,0.21,14.4,0,0,0,0,0,978.2,-0.46129032258064506,1.1204252709057452
2007-12-31,958,0.4,-4.1,6.4,4.55,23.5,0,1,0,0,0,978.2,-0.46129032258064506,0.9793498262114086
2007-12-17,972,-3.4,-9.4,0.0,0.0,21.9,0,0,0,0,0,978.2,-4.261290322580645,0.993661827847066
2007-12-25,777,3.6,-5.2,0.0,0.0,19.4,0,0,0,0,0,984.0,2.738709677419355,0.7896341463414634
2007-12-04,1031,0.4,-3.0,3.9,2.73,14.8,0,1,0,0,0,984.0,-0.46129032258064506,1.0477642276422765
2007-12-11,1091,1.0,-1.2,26.9,1.54,19.5,1,0,0,0,0,984.0,0.13870967741935492,1.108739837398374
2007-12-18,1037,1.3,-5.0,0.0,0.0,24.0,0,0,0,0,0,984.0,0.43870967741935496,1.0538617886178863
2007-12-12,1124,1.0,-1.2,0.1,0.21,19.2,0,0,0,0,0,1022.5,0.13870967741935492,1.0992665036674816
2007-12-05,913,-1.1,-8.0,6.4,4.55,29.7,0,1,0,0,0,1022.5,-1.9612903225806453,0.8929095354523228
2007-12-19,1018,-0.7,-3.8,0.0,0.0,18.4,0,0,0,0,0,1022.5,-1.561290322580645,0.9955990220048899
2007-12-26,1035,4.1,-1.9,0.1,0.0,15.5,0,0,0,0,0,1022.5,3.2387096774193544,1.0122249388753055
2007-12-06,1042,-3.4,-11.2,1.1,0.84,17.7,0,0,0,0,0,1089.0,-4.261290322580645,0.9568411386593205
2007-12-13,1123,0.3,-1.7,0.0,0.14,29.9,0,0,0,0,0,1089.0,-0.5612903225806452,1.0312213039485767
2007-12-20,1173,2.0,-3.5,0.3,0.0,23.2,0,0,0,0,0,1089.0,1.1387096774193548,1.0771349862258952
2007-12-27,1018,1.1,-0.8,1.8,0.21,18.3,0,0,0,0,0,1089.0,0.238709677419355,0.9348025711662076
2007-12-21,1278,2.6,1.2,4.0,0.0,19.4,0,0,0,0,0,1137.75,1.738709677419355,1.123269611074489
2007-12-14,1236,-1.1,-5.1,0.0,0.0,22.8,0,0,0,0,0,1137.75,-1.9612903225806453,1.086354647330257
2007-12-28,1060,1.2,-0.7,8.2,5.32,26.8,0,1,0,0,0,1137.75,0.33870967741935487,0.931663370687761
2007-12-07,977,-1.0,-3.5,1.0,0.77,18.8,0,0,0,0,0,1137.75,-1.8612903225806452,0.8587123709074929
2007-12-01,1126,1.5,-4.6,11.5,3.22,37.2,1,1,0,0,0,1043.0,0.6387096774193549,1.0795781399808246
2007-12-22,1124,6.8,2.7,1.5,0.0,25.2,0,0,0,0,0,1043.0,5.938709677419355,1.077660594439118
2007-12-08,950,-1.2,-6.7,1.5,1.12,18.4,0,0,0,0,0,1043.0,-2.061290322580645,0.9108341323106424
2007-12-29,999,-0.3,-5.5,0.0,0.0,26.9,0,0,0,0,0,1043.0,-1.161290322580645,0.9578139980824545
2007-12-15,1016,-1.0,-2.1,8.0,5.67,26.0,0,1,0,0,0,1043.0,-1.8612903225806452,0.9741131351869607
2008-01-06,1157,11.1,3.7,1.1,0.0,28.9,0,0,0,0,0,1018.75,11.819354838709677,1.1357055214723926
2008-01-20,915,-11.4,-18.7,0.0,0.0,22.4,0,0,0,1,0,1018.75,-10.680645161290323,0.898159509202454
2008-01-27,924,-0.5,-10.7,0.0,0.0,14.6,0,0,0,0,0,1018.75,0.21935483870967754,0.9069938650306748
2008-01-13,1079,1.3,-1.9,0.0,0.0,23.7,0,0,0,0,0,1018.75,2.0193548387096776,1.0591411042944785
2008-01-28,1085,4.8,-6.1,0.8,0.0,39.5,0,0,0,0,0,1067.25,5.519354838709678,1.0166315296322324
2008-01-14,1098,-2.2,-5.4,0.1,0.28,25.2,0,0,0,0,0,1067.25,-1.4806451612903226,1.0288123682361208
2008-01-07,1149,13.9,9.4,18.9,0.0,34.0,1,0,0,0,0,1067.25,14.619354838709677,1.0765987350667603
2008-01-21,937,-2.8,-12.7,1.1,1.05,18.6,0,0,0,0,0,1067.25,-2.080645161290322,0.8779573670648864
2008-01-22,963,-2.2,-11.9,4.4,3.08,27.7,0,1,0,0,0,1218.6,-1.4806451612903226,0.7902511078286559
2008-01-01,1817,-0.3,-10.5,3.8,2.94,31.5,0,1,0,0,0,1218.6,0.41935483870967755,1.4910553093714098
2008-01-08,1148,9.7,1.8,30.9,0.0,25.0,1,0,0,0,0,1218.6,10.419354838709676,0.9420646643689481
2008-01-29,965,6.9,-12.2,6.7,1.26,45.9,0,0,0,0,1,1218.6,7.619354838709678,0.7918923354669293
2008-01-15,1200,-3.3,-8.3,0.0,0.0,23.0,0,0,0,0,0,1218.6,-2.580645161290322,0.9847365829640572
2008-01-30,856,-11.3,-20.5,0.2,0.21,45.9,0,0,0,1,1,1018.8,-10.580645161290324,0.8402041617589321
2008-01-09,1204,2.3,-1.7,0.2,0.0,28.6,0,0,0,0,0,1018.8,3.0193548387096776,1.181782489202984
2008-01-16,1161,3.2,-5.1,0.0,0.0,24.5,0,0,0,0,0,1018.8,3.919354838709678,1.1395759717314489
2008-01-02,919,-6.4,-13.7,0.0,0.0,27.0,0,0,0,1,0,1018.8,-5.680645161290323,0.9020416175893208
2008-01-23,954,-8.7,-13.5,1.3,1.19,23.1,0,0,0,1,0,1018.8,-7.9806451612903215,0.9363957597173145
2008-01-24,979,-11.8,-18.7,0.0,0.0,24.6,0,0,0,1,0,1002.8,-11.080645161290324,0.9762664539289988
2008-01-17,1047,1.6,-8.9,1.3,0.63,37.9,0,0,0,0,0,1002.8,2.3193548387096774,1.0440765855604308
2008-01-03,916,-6.3,-15.8,0.0,0.0,30.7,0,0,0,1,0,1002.8,-5.580645161290322,0.9134423613881133
2008-01-31,855,-4.6,-12.6,4.0,3.01,25.5,0,1,0,0,0,1002.8,-3.880645161290322,0.8526126844834464
2008-01-10,1217,4.9,0.3,4.5,0.0,24.0,0,0,0,0,0,1002.8,5.619354838709678,1.213601914639011
2008-01-11,1316,2.3,-0.6,0.7,0.0,23.0,0,0,0,0,0,1120.75,3.0193548387096776,1.17421369618559
2008-01-04,1099,-0.2,-6.4,0.0,0.0,26.4,0,0,0,0,0,1120.75,0.5193548387096776,0.9805933526656258
2008-01-25,955,-7.1,-19.0,0.5,0.49,19.4,0,0,0,1,0,1120.75,-6.380645161290322,0.8521079634173544
2008-01-18,1113,-1.5,-10.3,0.0,0.14,33.4,0,0,0,0,0,1120.75,-0.7806451612903225,0.9930849877314298
2008-01-26,1002,-1.9,-7.3,0.9,0.77,25.0,0,0,0,0,0,1090.75,-1.1806451612903224,0.9186339674535869
2008-01-19,976,-9.5,-17.2,0.0,0.0,23.9,0,0,0,1,0,1090.75,-8.780645161290323,0.8947971579188632
2008-01-12,1202,2.9,-3.0,0.4,0.0,18.1,0,0,0,0,0,1090.75,3.6193548387096772,1.1019940407976163
2008-01-05,1183,4.8,0.0,3.1,0.0,27.1,0,0,0,0,0,1090.75,5.519354838709678,1.0845748338299335
2008-02-17,1023,6.3,-1.7,22.9,0.28,35.4,1,0,0,0,0,918.5,8.386206896551723,1.1137724550898203
2008-02-03,849,-1.3,-7.0,5.2,3.71,20.5,0,1,0,0,0,918.5,0.7862068965517242,0.9243331518780621
2008-02-24,982,0.9,-8.7,0.0,0.0,19.7,0,0,0,0,0,918.5,2.986206896551724,1.0691344583560152
2008-02-10,820,-4.4,-20.9,0.0,0.0,35.1,0,0,0,0,0,918.5,-2.313793103448276,0.8927599346761024
2008-02-11,847,-10.5,-20.9,0.7,0.63,16.9,0,0,0,1,0,958.0,-8.413793103448276,0.884133611691023
2008-02-18,959,-1.3,-15.5,0.2,0.28,36.2,0,0,0,0,0,958.0,0.7862068965517242,1.001043841336117
2008-02-25,1057,1.1,-4.1,2.3,1.54,19.8,0,0,0,0,0,958.0,3.1862068965517243,1.1033402922755742
2008-02-04,969,4.9,-1.1,5.7,1.33,21.2,0,0,0,0,0,958.0,6.9862068965517246,1.011482254697286
2008-02-26,1060,-1.2,-7.9,6.0,4.27,36.4,0,1,0,0,0,941.0,0.8862068965517242,1.126461211477152
2008-02-12,788,-6.4,-10.1,4.3,3.57,21.8,0,1,0,1,0,941.0,-4.313793103448276,0.8374070138150903
2008-02-19,963,-10.0,-16.7,0.0,0.0,26.2,0,0,0,1,0,941.0,-7.913793103448276,1.0233793836344314
2008-02-05,953,2.9,-0.4,6.4,2.38,25.5,0,1,0,0,0,941.0,4.9862068965517246,1.0127523910733263
2008-02-20,969,-10.4,-15.0,0.0,0.35,25.8,0,0,0,1,0,985.75,-8.313793103448276,0.9830078620339843
2008-02-13,1006,-7.0,-13.9,0.0,0.0,20.9,0,0,0,1,0,985.75,-4.913793103448276,1.0205427339589146
2008-02-27,1048,-5.7,-11.3,0.1,0.49,14.8,0,0,0,1,0,985.75,-3.613793103448276,1.0631498858737003
2008-02-06,920,0.0,-3.1,25.2,17.5,36.9,1,1,0,0,0,985.75,2.086206896551724,0.933299518133401
2008-02-28,936,-3.8,-14.1,0.0,0.07,20.7,0,0,0,0,0,1005.0,-1.7137931034482756,0.9313432835820895
2008-02-21,996,-5.7,-14.7,0.0,0.14,14.8,0,0,0,1,0,1005.0,-3.613793103448276,0.991044776119403
2008-02-07,1012,-2.1,-6.0,0.1,0.42,22.9,0,0,0,0,0,1005.0,-0.01379310344827589,1.0069651741293533
2008-02-14,1076,0.8,-12.3,0.2,0.21,25.3,0,0,0,0,0,1005.0,2.886206896551724,1.0706467661691543
2008-02-01,1186,-1.6,-4.7,8.9,6.23,26.9,0,1,0,0,0,1151.4,0.4862068965517241,1.0300503734583983
2008-02-15,1116,-1.9,-12.5,0.5,0.35,20.2,0,0,0,0,0,1151.4,0.1862068965517243,0.9692548202188639
2008-02-22,1119,-3.4,-8.1,0.0,0.0,15.8,0,0,0,0,0,1151.4,-1.3137931034482757,0.9718603439291297
2008-02-08,1176,1.3,-5.9,0.2,0.42,20.9,0,0,0,0,0,1151.4,3.386206896551724,1.0213652944241791
2008-02-29,1160,1.8,-6.1,5.1,3.57,29.5,0,1,0,0,0,1151.4,3.886206896551724,1.0074691679694285
2008-02-16,1057,-1.9,-14.3,0.0,0.0,17.4,0,0,0,0,0,1015.75,0.1862068965517243,1.0406103864139797
2008-02-23,1066,-1.5,-8.0,0.0,0.0,9.2,0,0,0,0,0,1015.75,0.5862068965517242,1.0494708343588481
2008-02-02,952,-1.6,-5.6,0.0,0.0,20.7,0,0,0,0,0,1015.75,0.4862068965517241,0.9372384937238494
2008-02-09,988,1.2,-4.7,1.0,0.77,29.7,0,0,0,0,0,1015.75,3.2862068965517244,0.9726802855033226
2008-03-02,1003,9.1,-2.8,0.0,0.0,31.8,0,0,0,0,0,993.8,6.8741935483870975,1.0092573958542967
2008-03-30,1015,4.1,-0.1,5.6,0.0,23.9,0,0,0,0,0,993.8,1.874193548387097,1.0213322600120749
2008-03-23,948,0.2,-7.9,0.0,0.0,13.3,0,0,0,0,0,993.8,-2.0258064516129024,0.9539142684644798
2008-03-09,970,0.1,-10.0,0.0,0.07,14.1,0,0,0,0,0,993.8,-2.1258064516129025,0.9760515194204066
2008-03-16,1033,-1.0,-6.8,0.0,0.0,21.1,0,0,0,0,0,993.8,-3.2258064516129026,1.0394445562487422
2008-03-17,1044,2.3,-3.7,5.0,1.4,21.3,0,0,0,0,0,1075.0,0.07419354838709724,0.9711627906976744
2008-03-24,1072,0.9,-8.1,0.0,0.0,24.1,0,0,0,0,0,1075.0,-1.3258064516129027,0.9972093023255814
2008-03-31,1119,11.9,1.3,16.7,0.0,36.6,1,0,0,0,0,1075.0,9.674193548387098,1.0409302325581395
2008-03-03,1036,9.1,-4.2,14.4,2.03,30.6,1,1,0,0,0,1075.0,6.8741935483870975,0.9637209302325581
2008-03-10,1104,-1.2,-5.9,0.0,0.0,14.2,0,0,0,0,0,1075.0,-3.4258064516129023,1.0269767441860465
2008-03-11,1194,4.9,-7.7,0.0,0.0,27.2,0,0,0,0,0,1122.75,2.6741935483870978,1.0634602538410154
2008-03-18,1015,5.6,1.3,3.2,0.0,20.5,0,0,0,0,0,1122.75,3.374193548387097,0.9040302827877978
2008-03-04,1060,-2.1,-6.7,0.0,0.0,32.7,0,0,0,0,0,1122.75,-4.325806451612903,0.9441104431084391
2008-03-25,1222,9.8,-0.3,0.3,0.0,36.6,0,0,0,0,0,1122.75,7.574193548387099,1.0883990202627478
2008-03-12,1196,2.0,-4.8,0.1,0.0,22.5,0,0,0,0,0,1169.0,-0.22580645161290258,1.0230966638152268
2008-03-26,1256,5.6,-2.0,0.0,0.0,13.9,0,0,0,0,0,1169.0,3.374193548387097,1.0744225834046193
2008-03-19,1085,2.6,-1.2,0.0,0.0,21.6,0,0,0,0,0,1169.0,0.3741935483870975,0.9281437125748503
2008-03-05,1139,0.3,-8.7,0.0,0.0,16.6,0,0,0,0,0,1169.0,-1.9258064516129025,0.9743370402053037
2008-03-06,1054,-0.5,-4.8,0.1,0.28,17.7,0,0,0,0,0,1084.5,-2.7258064516129026,0.9718764407561088
2008-03-27,1027,3.4,-1.0,9.9,5.67,26.0,0,1,0,0,0,1084.5,1.1741935483870973,0.9469801751959428
2008-03-13,1163,8.9,1.7,0.0,0.0,26.0,0,0,0,0,0,1084.5,6.674193548387098,1.0723835869064084
2008-03-20,1094,2.0,-3.4,0.0,0.0,16.8,0,0,0,0,0,1084.5,-0.22580645161290258,1.0087597971415398
2008-03-14,1248,5.3,-2.6,0.0,0.0,15.5,0,0,0,0,0,1159.5,3.0741935483870972,1.076326002587322
2008-03-21,952,-0.2,-2.2,13.0,9.03,32.8,1,1,0,0,0,1159.5,-2.4258064516129028,0.8210435532557137
2008-03-28,1276,-0.7,-4.0,0.5,0.35,24.8,0,0,0,0,0,1159.5,-2.9258064516129023,1.1004743423889607
2008-03-07,1162,-5.6,-11.9,0.0,0.0,29.4,0,0,0,1,0,1159.5,-7.825806451612902,1.0021561017680034
2008-03-22,945,-1.2,-6.2,2.8,2.03,29.5,0,1,0,0,0,1099.2,-3.4258064516129023,0.8597161572052402
2008-03-08,986,-7.6,-13.6,0.0,0.0,25.7,0,0,0,1,0,1099.2,-9.825806451612902,0.8970160116448326
2008-03-01,1331,-1.7,-7.6,0.0,0.0,24.1,0,0,0,0,0,1099.2,-3.9258064516129023,1.2108806404657932
2008-03-15,1117,0.5,-3.6,0.0,0.07,23.5,0,0,0,0,0,1099.2,-1.7258064516129026,1.0161935953420669
2008-03-29,1117,2.2,-6.0,0.0,0.0,25.7,0,0,0,0,0,1099.2,-0.025806451612902404,1.0161935953420669
2008-04-27,1061,9.9,4.8,0.0,0.0,19.5,0,0,0,0,0,1085.0,-0.4599999999999973,0.9778801843317972
2008-04-06,1156,10.4,3.2,0.0,0.0,18.2,0,0,0,0,0,1085.0,0.0400000000000027,1.0654377880184331
2008-04-13,975,2.0,0.5,1.3,0.84,31.4,0,0,0,0,0,1085.0,-8.359999999999998,0.8986175115207373
2008-04-20,1148,10.6,4.9,0.0,0.0,11.4,0,0,0,0,0,1085.0,0.240000000000002,1.0580645161290323
2008-04-14,1153,4.0,0.5,0.0,0.0,19.1,0,0,0,0,0,1177.5,-6.359999999999998,0.9791932059447983
2008-04-07,1172,8.7,4.7,0.5,0.0,26.5,0,0,0,0,0,1177.5,-1.6599999999999984,0.9953290870488323
2008-04-21,1295,15.0,4.5,0.4,0.0,17.9,0,0,0,0,0,1177.5,4.640000000000002,1.099787685774947
2008-04-28,1090,6.6,3.1,7.1,0.0,31.5,0,0,0,0,0,1177.5,-3.759999999999998,0.9256900212314225
2008-04-08,1146,8.6,2.6,25.9,0.0,18.8,1,0,0,0,0,1255.0,-1.759999999999998,0.9131474103585657
2008-04-01,1319,11.4,-0.0,1.6,0.0,38.0,0,0,0,0,0,1255.0,1.0400000000000027,1.050996015936255
2008-04-15,1397,10.6,-0.6,0.0,0.0,29.5,0,0,0,0,0,1255.0,0.240000000000002,1.1131474103585657
2008-04-22,1308,17.3,9.2,0.9,0.0,14.7,0,0,0,0,0,1255.0,6.940000000000003,1.042231075697211
2008-04-29,1105,4.2,1.9,0.0,0.0,27.4,0,0,0,0,0,1255.0,-6.1599999999999975,0.8804780876494024
2008-04-09,1166,6.2,2.2,0.9,0.0,28.5,0,0,0,0,0,1214.6,-4.1599999999999975,0.95998682693891
2008-04-23,1263,12.3,8.7,0.1,0.0,20.9,0,0,0,0,0,1214.6,1.940000000000003,1.0398485097974643
2008-04-30,1203,10.1,2.3,0.0,0.0,21.7,0,0,0,0,0,1214.6,-0.259999999999998,0.9904495307096988
2008-04-02,1172,4.9,-1.4,0.0,0.0,16.1,0,0,0,0,0,1214.6,-5.459999999999997,0.9649267248476866
2008-04-16,1269,15.9,6.3,0.0,0.0,35.7,0,0,0,0,0,1214.6,5.540000000000003,1.0447884077062408
2008-04-03,1139,5.2,-0.2,4.5,0.0,25.9,0,0,0,0,0,1167.75,-5.1599999999999975,0.9753800042817384
2008-04-24,1168,17.1,10.9,5.9,0.0,30.3,0,0,0,0,0,1167.75,6.740000000000004,1.0002140869192893
2008-04-17,1233,15.2,9.7,0.0,0.0,24.3,0,0,0,0,0,1167.75,4.840000000000002,1.0558766859344895
2008-04-10,1131,9.0,1.6,30.8,0.0,37.4,1,0,0,0,0,1167.75,-1.3599999999999977,0.968529222864483
2008-04-18,1320,16.9,10.5,0.5,0.0,25.3,0,0,0,0,0,1249.5,6.540000000000001,1.056422569027611
2008-04-11,1094,13.5,4.4,3.3,0.0,34.8,0,0,0,0,0,1249.5,3.1400000000000023,0.8755502200880352
2008-04-25,1298,21.4,14.1,2.5,0.0,37.3,0,0,0,0,0,1249.5,11.040000000000001,1.0388155262104841
2008-04-04,1286,5.5,1.0,0.1,0.0,25.2,0,0,0,0,0,1249.5,-4.859999999999998,1.0292116846738695
2008-04-26,1131,12.3,4.2,0.2,0.0,38.5,0,0,0,0,0,1133.75,1.940000000000003,0.997574421168688
2008-04-12,1030,4.3,0.7,7.4,0.42,30.9,0,0,0,0,0,1133.75,-6.059999999999998,0.9084895259095921
2008-04-19,1186,11.3,6.5,4.8,0.0,15.3,0,0,0,0,0,1133.75,0.940000000000003,1.0460859977949284
2008-04-05,1188,10.4,2.1,0.0,0.0,16.7,0,0,0,0,0,1133.75,0.0400000000000027,1.0478500551267915
2008-05-25,1110,20.7,11.1,0.0,0.0,25.1,0,0,0,0,0,1044.75,5.029032258064516,1.0624551328068916
2008-05-18,1068,13.7,8.9,0.8,0.0,23.6,0,0,0,0,0,1044.75,-1.9709677419354836,1.022254127781766
2008-05-11,1012,12.2,8.6,20.3,0.0,39.0,1,0,0,0,0,1044.75,-3.4709677419354836,0.9686527877482651
2008-05-04,989,15.6,5.4,0.0,0.0,15.3,0,0,0,0,0,1044.75,-0.07096774193548328,0.9466379516630773
2008-05-26,1193,23.3,18.3,3.0,0.0,24.8,0,0,0,0,0,1207.5,7.629032258064518,0.987991718426501
2008-05-05,1267,19.6,10.2,0.0,0.0,18.7,0,0,0,0,0,1207.5,3.9290322580645185,1.0492753623188407
2008-05-12,1141,8.4,6.0,0.0,0.0,24.5,0,0,0,0,0,1207.5,-7.270967741935483,0.9449275362318841
2008-05-19,1229,12.4,7.0,0.8,0.0,17.0,0,0,0,0,0,1207.5,-3.2709677419354826,1.0178053830227742
2008-05-27,1222,15.5,7.8,0.2,0.0,35.4,0,0,0,0,0,1224.25,-0.17096774193548292,0.9981621400857668
2008-05-20,1283,16.0,8.6,0.5,0.0,16.6,0,0,0,0,0,1224.25,0.3290322580645171,1.0479885644272002
2008-05-13,1168,18.4,6.9,0.0,0.0,29.9,0,0,0,0,0,1224.25,2.7290322580645157,0.95405350214417
2008-05-06,1224,20.4,9.4,0.7,0.0,22.5,0,0,0,0,0,1224.25,4.729032258064516,0.999795793342863
2008-05-21,1264,14.1,6.9,0.0,0.0,24.2,0,0,0,0,0,1257.5,-1.5709677419354833,1.005168986083499
2008-05-28,1181,11.3,8.9,0.0,0.0,24.8,0,0,0,0,0,1257.5,-4.370967741935482,0.9391650099403579
2008-05-14,1247,15.5,8.0,2.0,0.0,25.0,0,0,0,0,0,1257.5,-0.17096774193548292,0.9916500994035785
2008-05-07,1338,18.3,9.9,5.1,0.0,27.5,0,0,0,0,0,1257.5,2.629032258064518,1.0640159045725646
2008-05-22,1259,11.9,8.5,0.0,0.0,20.7,0,0,0,0,0,1294.4,-3.7709677419354826,0.9726514215080345
2008-05-08,1185,9.9,7.6,0.0,0.0,23.9,0,0,0,0,0,1294.4,-5.770967741935483,0.9154820766378244
2008-05-29,1270,16.8,8.7,0.9,0.0,14.5,0,0,0,0,0,1294.4,1.1290322580645178,0.9811495673671198
2008-05-01,1450,18.0,9.1,0.1,0.0,21.8,0,0,0,0,0,1294.4,2.329032258064517,1.1202101359703336
2008-05-15,1308,10.6,7.2,0.0,0.0,18.8,0,0,0,0,0,1294.4,-5.070967741935483,1.0105067985166871
2008-05-02,1300,18.9,13.4,8.1,0.0,29.2,0,0,0,0,0,1325.0,3.2290322580645157,0.9811320754716981
2008-05-23,1311,10.9,9.1,0.0,0.0,24.0,0,0,0,0,0,1325.0,-4.770967741935483,0.9894339622641509
2008-05-30,1320,23.6,15.9,0.4,0.0,27.8,0,0,0,0,0,1325.0,7.9290322580645185,0.9962264150943396
2008-05-09,1327,9.2,6.9,0.0,0.0,15.9,0,0,0,0,0,1325.0,-6.470967741935484,1.001509433962264
2008-05-16,1367,18.7,6.3,0.0,0.0,26.8,0,0,0,0,0,1325.0,3.0290322580645164,1.0316981132075471
2008-05-17,1239,18.3,13.9,1.6,0.0,30.7,0,0,0,0,0,1206.6,2.629032258064518,1.0268523122824467
2008-05-24,1279,14.8,9.0,0.0,0.0,15.9,0,0,0,0,0,1206.6,-0.8709677419354822,1.060003315100282
2008-05-03,1071,13.0,8.5,0.2,0.0,29.3,0,0,0,0,0,1206.6,-2.670967741935483,0.8876181004475386
2008-05-31,1194,23.4,16.6,0.0,0.0,25.6,0,0,0,0,0,1206.6,7.729032258064516,0.989557434112382
2008-05-10,1250,12.4,5.7,0.0,0.0,20.6,0,0,0,0,0,1206.6,-3.2709677419354826,1.0359688380573513
2008-06-29,1167,22.3,16.6,7.9,0.0,26.3,0,0,0,0,0,1235.2,-2.303333333333331,0.9447862694300517
2008-06-01,1438,18.0,13.1,0.0,0.0,15.7,0,0,0,0,0,1235.2,-6.603333333333332,1.1641839378238341
2008-06-22,1163,25.0,17.4,0.3,0.0,20.2,0,0,0,0,0,1235.2,0.3966666666666683,0.9415479274611399
2008-06-08,1146,27.3,23.1,3.7,0.0,28.4,0,0,0,0,0,1235.2,2.696666666666669,0.9277849740932642
2008-06-15,1262,27.0,19.3,0.6,0.0,30.1,0,0,0,0,0,1235.2,2.3966666666666683,1.0216968911917097
2008-06-09,1282,24.2,20.5,12.3,0.0,28.0,1,0,0,0,0,1232.6,-0.40333333333333243,1.0400778841473308
2008-06-02,1309,25.4,15.5,0.3,0.0,14.2,0,0,0,0,0,1232.6,0.7966666666666669,1.0619828005841312
2008-06-30,1240,22.2,18.2,0.0,0.0,19.3,0,0,0,0,0,1232.6,-2.4033333333333324,1.006003569690086
2008-06-16,1211,21.6,17.7,0.0,0.0,20.8,0,0,0,0,0,1232.6,-3.0033333333333303,0.9824760668505599
2008-06-23,1121,20.2,16.4,0.8,0.0,16.1,0,0,0,0,0,1232.6,-4.403333333333332,0.9094596787278924
2008-06-17,1169,22.4,14.9,0.0,0.0,25.8,0,0,0,0,0,1221.5,-2.203333333333333,0.9570200573065902
2008-06-24,1183,25.1,16.2,0.0,0.0,15.5,0,0,0,0,0,1221.5,0.4966666666666697,0.9684813753581661
2008-06-10,1288,24.4,18.4,2.6,0.0,22.3,0,0,0,0,0,1221.5,-0.20333333333333314,1.0544412607449856
2008-06-03,1246,20.8,17.1,1.4,0.0,23.6,0,0,0,0,0,1221.5,-3.803333333333331,1.0200573065902578
2008-06-25,1236,24.3,19.7,13.7,0.0,24.2,1,0,0,0,0,1284.75,-0.303333333333331,0.9620548744892002
2008-06-11,1404,27.0,19.1,0.0,0.0,25.6,0,0,0,0,0,1284.75,2.3966666666666683,1.0928196147110332
2008-06-04,1290,22.3,17.5,1.6,0.0,15.9,0,0,0,0,0,1284.75,-2.303333333333331,1.0040863981319323
2008-06-18,1209,19.7,15.4,0.0,0.0,17.6,0,0,0,0,0,1284.75,-4.903333333333332,0.9410391126678342
2008-06-05,1267,27.2,19.3,0.8,0.0,33.2,0,0,0,0,0,1258.75,2.5966666666666676,1.0065541211519364
2008-06-26,1322,29.5,20.9,0.1,0.0,14.5,0,0,0,0,0,1258.75,4.896666666666668,1.0502482621648461
2008-06-12,1258,28.3,21.1,0.0,0.0,32.4,0,0,0,0,0,1258.75,3.696666666666669,0.9994041708043694
2008-06-19,1188,23.4,14.9,0.0,0.0,12.8,0,0,0,0,0,1258.75,-1.2033333333333331,0.9437934458788481
2008-06-20,1312,27.4,17.9,2.5,0.0,17.1,0,0,0,0,0,1327.5,2.796666666666667,0.9883239171374765
2008-06-06,1361,25.4,22.3,1.2,0.0,40.6,0,0,0,0,0,1327.5,0.7966666666666669,1.0252354048964218
2008-06-27,1319,27.6,21.5,10.1,0.0,18.0,1,0,0,0,0,1327.5,2.9966666666666697,0.9935969868173258
2008-06-13,1318,24.8,20.9,5.6,0.0,32.5,0,0,0,0,0,1327.5,0.196666666666669,0.9928436911487759
2008-06-14,1259,26.6,17.8,0.3,0.0,20.8,0,0,0,0,0,1249.25,1.9966666666666697,1.0078046828096858
2008-06-07,1217,27.0,20.8,0.3,0.0,27.2,0,0,0,0,0,1249.25,2.3966666666666683,0.9741845107064239
2008-06-21,1228,25.7,19.2,1.5,0.0,18.0,0,0,0,0,0,1249.25,1.0966666666666676,0.9829897938763258
2008-06-28,1293,26.0,19.2,1.9,0.0,31.4,0,0,0,0,0,1249.25,1.3966666666666683,1.0350210126075645
2008-07-13,1258,24.5,18.2,0.0,0.0,28.6,0,0,0,0,0,1271.25,-2.319354838709682,0.9895771878072763
2008-07-06,1202,27.7,18.4,0.0,0.0,21.2,0,0,0,0,0,1271.25,0.8806451612903174,0.9455260570304818
2008-07-27,1336,28.3,19.3,0.0,0.0,14.5,0,0,0,0,0,1271.25,1.4806451612903189,1.0509341199606685
2008-07-20,1289,28.2,21.8,6.1,0.0,14.0,0,0,0,0,0,1271.25,1.3806451612903174,1.0139626352015731
2008-07-28,1373,26.4,20.6,0.3,0.0,12.7,0,0,0,0,0,1323.5,-0.41935483870968326,1.0374008311295806
2008-07-07,1253,28.2,20.6,10.5,0.0,24.5,1,0,0,0,0,1323.5,1.3806451612903174,0.9467321496033245
2008-07-21,1297,25.6,21.9,0.1,0.0,18.4,0,0,0,0,0,1323.5,-1.2193548387096804,0.9799773328296184
2008-07-14,1371,25.6,18.3,0.0,0.0,16.7,0,0,0,0,0,1323.5,-1.2193548387096804,1.0358896864374765
2008-07-08,1308,27.9,22.5,4.1,0.0,24.7,0,0,0,0,0,1323.4,1.0806451612903167,0.9883633066344264
2008-07-15,1311,30.9,20.2,0.0,0.0,23.7,0,0,1,0,0,1323.4,4.080645161290317,0.9906301949523952
2008-07-29,1254,30.2,21.6,4.3,0.0,20.2,0,0,1,0,0,1323.4,3.3806451612903174,0.9475593169109868
2008-07-01,1409,26.7,16.6,0.0,0.0,18.1,0,0,0,0,0,1323.4,-0.11935483870968255,1.064681880006045
2008-07-22,1335,22.3,20.0,0.4,0.0,21.6,0,0,0,0,0,1323.4,-4.519354838709681,1.0087653014961462
2008-07-09,1311,26.3,21.2,0.0,0.0,20.4,0,0,0,0,0,1312.0,-0.5193548387096811,0.9992378048780488
2008-07-16,1293,31.3,22.7,0.0,0.0,15.3,0,0,1,0,0,1312.0,4.480645161290319,0.9855182926829268
2008-07-02,1252,27.7,19.9,16.0,0.0,34.0,1,0,0,0,0,1312.0,0.8806451612903174,0.9542682926829268
2008-07-30,1383,28.3,22.3,0.3,0.0,21.1,0,0,0,0,0,1312.0,1.4806451612903189,1.0541158536585367
2008-07-23,1321,22.9,19.4,0.0,0.0,19.0,0,0,0,0,0,1312.0,-3.9193548387096833,1.006859756097561
2008-07-03,1216,20.2,16.8,5.3,0.0,29.5,0,0,0,0,0,1280.0,-6.6193548387096826,0.95
2008-07-31,1311,28.4,22.9,7.0,0.0,16.6,0,0,0,0,0,1280.0,1.5806451612903167,1.02421875
2008-07-10,1249,28.2,21.6,1.9,0.0,22.7,0,0,0,0,0,1280.0,1.3806451612903174,0.97578125
2008-07-17,1306,31.3,23.3,0.0,0.0,21.1,0,0,1,0,0,1280.0,4.480645161290319,1.0203125
2008-07-24,1318,25.5,17.3,0.0,0.0,16.3,0,0,0,0,0,1280.0,-1.3193548387096818,1.0296875
2008-07-11,1351,28.5,21.0,0.0,0.0,21.6,0,0,0,0,0,1314.5,1.6806451612903182,1.0277672118676302
2008-07-18,1367,28.3,23.2,0.0,0.0,21.1,0,0,0,0,0,1314.5,1.4806451612903189,1.0399391403575504
2008-07-25,1385,27.2,18.5,0.2,0.0,15.4,0,0,0,0,0,1314.5,0.38064516129031745,1.0536325599087106
2008-07-04,1155,21.2,16.2,0.0,0.0,14.3,0,0,0,0,0,1314.5,-5.6193548387096826,0.8786610878661087
2008-07-26,1375,26.3,22.1,0.0,0.0,15.0,0,0,0,0,0,1320.0,-0.5193548387096811,1.0416666666666667
2008-07-05,1253,23.9,17.7,0.0,0.0,13.6,0,0,0,0,0,1320.0,-2.9193548387096833,0.9492424242424242
2008-07-19,1254,26.5,22.6,45.3,0.0,14.6,1,0,0,0,0,1320.0,-0.31935483870968184,0.95
2008-07-12,1398,26.9,22.4,4.9,0.0,23.9,0,0,0,0,0,1320.0,0.08064516129031674,1.059090909090909
2008-08-10,1183,20.1,17.3,0.0,0.0,20.8,0,0,0,0,0,1251.4,-4.9999999999999964,0.9453412178360235
2008-08-03,1246,28.2,19.6,0.0,0.0,17.3,0,0,0,0,0,1251.4,3.1000000000000014,0.9956848329870545
2008-08-17,1314,27.1,19.0,0.0,0.0,16.2,0,0,0,0,0,1251.4,2.0000000000000036,1.0500239731500718
2008-08-24,1282,24.1,19.5,0.0,0.0,21.2,0,0,0,0,0,1251.4,-0.9999999999999964,1.0244526130733578
2008-08-31,1232,28.5,20.0,0.0,0.0,15.3,0,0,0,0,0,1251.4,3.400000000000002,0.984497362953492
2008-08-04,1184,30.5,22.1,26.2,0.0,23.1,1,0,1,0,0,1252.25,5.400000000000002,0.9454981034138551
2008-08-18,1305,27.7,20.1,0.0,0.0,15.9,0,0,0,0,0,1252.25,2.6000000000000014,1.042124176482332
2008-08-25,1232,20.3,17.6,0.0,0.0,22.1,0,0,0,0,0,1252.25,-4.799999999999997,0.9838291076063086
2008-08-11,1288,21.7,17.1,0.0,0.0,15.0,0,0,0,0,0,1252.25,-3.3999999999999986,1.0285486124975045
2008-08-12,1301,23.3,17.3,0.0,0.0,10.1,0,0,0,0,0,1283.75,-1.7999999999999972,1.0134371957156767
2008-08-19,1344,25.0,20.2,0.0,0.0,15.3,0,0,0,0,0,1283.75,-0.09999999999999787,1.0469328140214216
2008-08-26,1222,22.8,16.3,0.0,0.0,20.5,0,0,0,0,0,1283.75,-2.299999999999997,0.9518987341772152
2008-08-05,1268,27.7,22.6,18.3,0.0,16.0,1,0,0,0,0,1283.75,2.6000000000000014,0.9877312560856865
2008-08-13,1319,22.5,19.7,8.6,0.0,8.1,0,0,0,0,0,1331.25,-2.599999999999998,0.9907981220657277
2008-08-27,1277,23.8,17.1,0.0,0.0,18.7,0,0,0,0,0,1331.25,-1.2999999999999972,0.9592488262910798
2008-08-20,1379,24.5,19.7,0.0,0.0,16.6,0,0,0,0,0,1331.25,-0.5999999999999979,1.035868544600939
2008-08-06,1350,27.2,22.6,1.0,0.0,20.9,0,0,0,0,0,1331.25,2.1000000000000014,1.0140845070422535
2008-08-28,1319,26.9,19.8,3.1,0.0,15.1,0,0,0,0,0,1309.25,1.8000000000000007,1.00744701164789
2008-08-14,1269,22.9,17.9,4.7,0.0,18.0,0,0,0,0,0,1309.25,-2.1999999999999993,0.9692572083253771
2008-08-21,1307,25.3,20.0,0.4,0.0,16.9,0,0,0,0,0,1309.25,0.20000000000000284,0.9982814588504869
2008-08-07,1342,23.8,20.2,0.0,0.0,21.6,0,0,0,0,0,1309.25,-1.2999999999999972,1.025014321176246
2008-08-29,1320,25.0,22.2,0.0,0.0,17.3,0,0,0,0,0,1425.6,-0.09999999999999787,0.9259259259259259
2008-08-15,1436,22.6,18.9,0.1,0.0,18.4,0,0,0,0,0,1425.6,-2.4999999999999964,1.0072951739618408
2008-08-22,1440,26.9,22.2,1.4,0.0,24.9,0,0,0,0,0,1425.6,1.8000000000000007,1.0101010101010102
2008-08-08,1401,22.1,19.1,0.1,0.0,16.0,0,0,0,0,0,1425.6,-2.9999999999999964,0.9827441077441078
2008-08-01,1531,27.9,21.7,2.8,0.0,14.8,0,0,0,0,0,1425.6,2.8000000000000007,1.0739337822671158
2008-08-30,1288,27.6,18.5,0.0,0.0,11.6,0,0,0,0,0,1290.2,2.5000000000000036,0.9982948380096108
2008-08-23,1292,28.5,22.0,4.1,0.0,19.3,0,0,0,0,0,1290.2,3.400000000000002,1.001395132537591
2008-08-02,1309,24.9,21.3,0.0,0.0,20.7,0,0,0,0,0,1290.2,-0.1999999999999993,1.0145713842815067
2008-08-16,1298,25.2,18.1,0.0,0.0,16.2,0,0,0,0,0,1290.2,0.10000000000000142,1.0060455743295613
2008-08-09,1264,23.5,17.9,1.1,0.0,21.9,0,0,0,0,0,1290.2,-1.5999999999999979,0.97969307084173
2008-09-28,1188,19.7,17.7,0.0,0.0,17.8,0,0,0,0,0,1168.5,-2.046666666666667,1.0166880616174583
2008-09-14,1086,20.9,16.5,51.5,0.0,29.3,1,0,0,0,0,1168.5,-0.8466666666666676,0.9293966623876765
2008-09-21,1221,23.6,17.4,0.4,0.0,13.5,0,0,0,0,0,1168.5,1.8533333333333353,1.0449293966623876
2008-09-07,1179,21.2,15.6,0.0,0.0,15.7,0,0,0,0,0,1168.5,-0.5466666666666669,1.0089858793324775
2008-09-15,1216,16.9,14.1,0.0,0.0,22.6,0,0,0,0,0,1227.0,-4.846666666666668,0.9910350448247759
2008-09-29,1074,18.5,15.3,11.0,0.0,25.2,1,0,0,0,0,1227.0,-3.246666666666666,0.8753056234718827
2008-09-01,1468,27.8,20.7,0.0,0.0,16.6,0,0,0,0,0,1227.0,6.053333333333335,1.1964140179299103
2008-09-08,1106,18.6,13.6,18.5,0.0,17.6,1,0,0,0,0,1227.0,-3.1466666666666647,0.9013854930725347
2008-09-22,1271,23.4,17.7,0.0,0.0,20.4,0,0,0,0,0,1227.0,1.6533333333333324,1.0358598207008964
2008-09-30,1259,15.0,12.8,0.0,0.0,23.4,0,0,0,0,0,1276.0,-6.746666666666666,0.9866771159874608
2008-09-02,1343,29.7,20.7,0.0,0.0,13.0,0,0,0,0,0,1276.0,7.953333333333333,1.0525078369905956
2008-09-09,1269,17.2,12.7,0.0,0.0,17.7,0,0,0,0,0,1276.0,-4.546666666666667,0.9945141065830722
2008-09-23,1306,23.9,17.0,0.0,0.0,20.1,0,0,0,0,0,1276.0,2.1533333333333324,1.0235109717868338
2008-09-16,1203,19.7,12.1,0.0,0.0,16.8,0,0,0,0,0,1276.0,-2.046666666666667,0.9427899686520376
2008-09-17,1323,23.4,14.7,0.0,0.0,17.9,0,0,0,0,0,1283.0,1.6533333333333324,1.0311769290724864
2008-09-03,1210,24.9,20.4,2.5,0.0,22.9,0,0,0,0,0,1283.0,3.1533333333333324,0.9431021044427124
2008-09-10,1279,20.2,12.8,0.0,0.0,16.0,0,0,0,0,0,1283.0,-1.5466666666666669,0.9968823070927514
2008-09-24,1320,24.9,17.1,0.0,0.0,13.7,0,0,0,0,0,1283.0,3.1533333333333324,1.02883865939205
2008-09-18,1327,20.4,17.0,0.0,0.0,16.9,0,0,0,0,0,1203.25,-1.3466666666666676,1.102846457510908
2008-09-04,928,20.5,18.2,63.4,0.0,28.4,1,0,0,0,0,1203.25,-1.2466666666666661,0.7712445460211926
2008-09-25,1256,22.4,18.9,0.0,0.0,13.2,0,0,0,0,0,1203.25,0.6533333333333324,1.0438396010804072
2008-09-11,1302,22.5,15.3,2.2,0.0,19.4,0,0,0,0,0,1203.25,0.7533333333333339,1.0820693953874922
2008-09-05,1297,19.1,17.0,6.9,0.0,25.4,0,0,0,0,0,1335.0,-2.6466666666666647,0.9715355805243445
2008-09-19,1426,22.6,14.5,0.0,0.0,18.2,0,0,0,0,0,1335.0,0.8533333333333353,1.0681647940074905
2008-09-12,1261,22.5,20.2,6.7,0.0,17.2,0,0,0,0,0,1335.0,0.7533333333333339,0.9445692883895132
2008-09-26,1356,22.3,16.4,0.0,0.0,12.0,0,0,0,0,0,1335.0,0.5533333333333346,1.0157303370786517
2008-09-13,1118,22.5,20.2,64.6,0.0,28.6,1,0,0,0,0,1245.25,0.7533333333333339,0.8978116844007228
2008-09-06,1319,21.1,15.1,0.0,0.0,13.7,0,0,0,0,0,1245.25,-0.6466666666666647,1.0592250552097973
2008-09-20,1325,23.9,16.6,0.0,0.0,12.0,0,0,0,0,0,1245.25,2.1533333333333324,1.0640433647861876
2008-09-27,1219,23.1,16.8,0.0,0.0,10.8,0,0,0,0,0,1245.25,1.3533333333333353,0.9789198956032925
2008-10-26,1120,11.2,3.2,0.2,0.0,42.5,0,0,0,0,0,1164.0,-3.0129032258064505,0.9621993127147767
2008-10-12,1285,22.9,17.2,0.0,0.0,22.0,0,0,0,0,0,1164.0,8.687096774193549,1.1039518900343643
2008-10-19,1115,14.7,8.3,0.0,0.0,26.1,0,0,0,0,0,1164.0,0.48709677419354946,0.9579037800687286
2008-10-05,1136,15.2,9.9,3.3,0.0,22.4,0,0,0,0,0,1164.0,0.9870967741935495,0.9759450171821306
2008-10-20,1142,13.4,9.4,2.7,0.0,22.0,0,0,0,0,0,1158.25,-0.8129032258064495,0.9859702136844377
2008-10-06,1179,18.2,13.1,0.6,0.0,25.0,0,0,0,0,0,1158.25,3.9870967741935495,1.017914957910641
2008-10-27,1127,6.8,3.3,0.3,0.0,32.3,0,0,0,0,0,1158.25,-7.41290322580645,0.9730196417008418
2008-10-13,1185,22.5,17.9,0.0,0.0,21.0,0,0,0,0,0,1158.25,8.28709677419355,1.0230951867040794
2008-10-07,1148,17.1,13.0,14.9,0.0,26.0,1,0,0,0,0,1206.75,2.8870967741935516,0.9513155168841931
2008-10-14,1310,19.7,13.6,0.6,0.0,25.4,0,0,0,0,0,1206.75,5.4870967741935495,1.085560389475865
2008-10-21,1207,10.6,7.7,0.0,0.0,22.0,0,0,0,0,0,1206.75,-3.61290322580645,1.0002071680132587
2008-10-28,1162,5.6,1.7,0.0,0.0,25.6,0,0,0,0,0,1206.75,-8.61290322580645,0.9629169256266833
2008-10-01,1333,13.6,10.6,1.0,0.0,26.4,0,0,0,0,0,1252.0,-0.6129032258064502,1.0646964856230032
2008-10-08,1247,15.8,13.0,3.4,0.0,21.6,0,0,0,0,0,1252.0,1.5870967741935509,0.9960063897763578
2008-10-15,1351,16.3,11.8,13.7,0.0,22.0,1,0,0,0,0,1252.0,2.087096774193551,1.079073482428115
2008-10-22,1216,10.0,5.8,0.0,0.0,30.4,0,0,0,0,0,1252.0,-4.21290322580645,0.9712460063897763
2008-10-29,1113,7.7,3.3,0.0,0.0,22.7,0,0,0,0,0,1252.0,-6.51290322580645,0.8889776357827476
2008-10-16,1247,12.6,10.5,0.0,0.0,22.1,0,0,0,0,0,1232.6,-1.6129032258064502,1.011682622099627
2008-10-30,1271,12.6,3.0,0.0,0.0,25.7,0,0,0,0,0,1232.6,-1.6129032258064502,1.0311536589323382
2008-10-23,1225,12.5,5.4,0.6,0.0,29.0,0,0,0,0,0,1232.6,-1.7129032258064498,0.9938341716696415
2008-10-02,1130,15.5,8.0,0.0,0.0,22.8,0,0,0,0,0,1232.6,1.2870967741935502,0.9167613175401591
2008-10-09,1290,18.1,11.7,0.0,0.0,17.9,0,0,0,0,0,1232.6,3.8870967741935516,1.0465682297582346
2008-10-24,1181,11.1,8.6,18.5,0.0,18.8,1,0,0,0,0,1308.4,-3.11290322580645,0.9026291653928462
2008-10-31,1444,15.8,9.1,0.0,0.0,25.3,0,0,0,0,0,1308.4,1.5870967741935509,1.1036380311831244
2008-10-03,1134,12.5,10.5,1.8,0.0,19.1,0,0,0,0,0,1308.4,-1.7129032258064498,0.8667074289208193
2008-10-10,1453,18.4,11.9,0.0,0.0,18.8,0,0,0,0,0,1308.4,4.187096774193549,1.1105166615713848
2008-10-17,1330,12.0,9.8,1.6,0.0,11.9,0,0,0,0,0,1308.4,-2.21290322580645,1.016508712931825
2008-10-25,1188,10.6,5.9,1.2,0.0,30.8,0,0,0,0,0,1202.5,-3.61290322580645,0.987941787941788
2008-10-04,1159,13.1,8.9,0.0,0.0,11.3,0,0,0,0,0,1202.5,-1.1129032258064502,0.9638253638253639
2008-10-18,1196,13.0,8.2,0.1,0.0,15.5,0,0,0,0,0,1202.5,-1.2129032258064498,0.9945945945945946
2008-10-11,1267,21.5,14.1,0.0,0.0,17.6,0,0,0,0,0,1202.5,7.28709677419355,1.0536382536382536
2008-11-16,1007,3.1,-0.6,0.0,0.0,25.7,0,0,0,0,0,1022.4,-3.4566666666666683,0.9849374021909233
2008-11-30,945,2.2,1.1,8.4,3.85,31.3,0,1,0,0,0,1022.4,-4.356666666666668,0.9242957746478874
2008-11-02,1214,15.5,8.8,1.8,0.0,22.5,0,0,0,0,0,1022.4,8.943333333333332,1.1874021909233177
2008-11-23,1007,4.4,-3.4,0.0,0.0,22.4,0,0,0,0,0,1022.4,-2.156666666666668,0.9849374021909233
2008-11-09,939,4.5,0.7,0.2,0.0,24.4,0,0,0,0,0,1022.4,-2.0566666666666684,0.9184272300469484
2008-11-10,1019,2.1,-1.6,0.0,0.0,19.9,0,0,0,0,0,1072.5,-4.456666666666669,0.9501165501165502
2008-11-24,1113,3.7,0.6,5.9,2.52,29.7,0,1,0,0,0,1072.5,-2.8566666666666682,1.0377622377622377
2008-11-17,1034,1.6,-1.0,0.0,0.07,30.6,0,0,0,0,0,1072.5,-4.956666666666669,0.9641025641025641
2008-11-03,1124,17.2,12.0,0.4,0.0,23.9,0,0,0,0,0,1072.5,10.64333333333333,1.048018648018648
2008-11-18,1089,-0.0,-2.2,0.1,0.14,30.8,0,0,0,0,0,1096.25,-6.556666666666668,0.9933865450399088
2008-11-04,1076,16.7,11.3,0.0,0.0,20.1,0,0,0,0,0,1096.25,10.14333333333333,0.9815279361459521
2008-11-25,1135,2.3,-1.1,0.0,0.07,28.3,0,0,0,0,0,1096.25,-4.256666666666669,1.0353477765108323
2008-11-11,1085,3.8,-0.5,5.3,0.0,23.0,0,0,0,0,0,1096.25,-2.7566666666666686,0.9897377423033067
2008-11-05,1261,17.2,11.0,0.0,0.0,27.8,0,0,0,0,0,1184.25,10.64333333333333,1.0648089508127507
2008-11-26,1198,3.5,-1.9,0.0,0.07,10.5,0,0,0,0,0,1184.25,-3.0566666666666684,1.011610724086975
2008-11-19,1181,6.0,-1.3,0.0,0.0,27.5,0,0,0,0,0,1184.25,-0.5566666666666684,0.9972556470339877
2008-11-12,1097,8.5,3.6,3.5,0.0,22.1,0,0,0,0,0,1184.25,1.9433333333333316,0.9263246780662867
2008-11-27,881,4.9,-2.1,0.0,0.0,27.2,0,0,0,0,0,1104.5,-1.656666666666668,0.7976459936622906
2008-11-20,1201,1.9,-2.4,0.0,0.0,32.7,0,0,0,0,0,1104.5,-4.656666666666668,1.0873698506111362
2008-11-13,1154,11.4,7.0,0.2,0.0,31.1,0,0,0,0,0,1104.5,4.843333333333332,1.0448166591217745
2008-11-06,1182,16.5,11.8,5.4,0.0,31.9,0,0,0,0,0,1104.5,9.943333333333332,1.0701674966047985
2008-11-14,1242,10.5,7.3,5.0,0.0,30.5,0,0,0,0,0,1169.25,3.9433333333333316,1.062219371391918
2008-11-07,1204,11.0,4.9,0.0,0.0,27.6,0,0,0,0,0,1169.25,4.443333333333332,1.0297199059225999
2008-11-21,1126,-2.6,-5.4,0.0,0.0,31.9,0,0,0,0,0,1169.25,-9.156666666666668,0.9630104768013684
2008-11-28,1105,4.9,-0.8,0.0,0.0,23.5,0,0,0,0,0,1169.25,-1.656666666666668,0.9450502458841138
2008-11-29,1144,3.9,-1.4,0.0,0.0,11.7,0,0,0,0,0,1189.2,-2.6566666666666685,0.9619912546249579
2008-11-01,1479,10.1,9.1,0.0,0.0,18.9,0,0,0,0,0,1189.2,3.5433333333333312,1.2436932391523714
2008-11-15,1238,6.8,2.6,0.1,0.0,33.1,0,0,0,0,0,1189.2,0.2433333333333314,1.0410359905819038
2008-11-22,1009,0.3,-5.4,0.0,0.0,16.9,0,0,0,0,0,1189.2,-6.256666666666669,0.8484695593676421
2008-11-08,1076,4.8,1.6,0.3,0.0,33.9,0,0,0,0,0,1189.2,-1.7566666666666686,0.9048099562731248
2008-12-14,1019,8.2,3.2,4.6,0.0,38.4,0,0,0,0,0,881.25,8.616129032258064,1.1563120567375886
2008-12-07,888,-5.7,-10.9,0.0,0.21,28.1,0,0,0,1,0,881.25,-5.283870967741936,1.0076595744680852
2008-12-28,958,6.5,-5.0,1.1,0.14,41.4,0,0,0,0,0,881.25,6.916129032258064,1.0870921985815603
2008-12-21,660,-3.9,-20.4,0.3,0.21,40.6,0,0,0,0,0,881.25,-3.483870967741935,0.7489361702127659
2008-12-08,1098,2.1,-5.8,0.2,0.0,20.0,0,0,0,0,0,980.8,2.516129032258065,1.1194942903752039
2008-12-15,930,3.3,-12.1,4.1,0.7,35.9,0,0,0,0,0,980.8,3.7161290322580642,0.9482055464926591
2008-12-22,797,-15.0,-18.4,0.0,0.0,28.4,0,0,0,1,0,980.8,-14.583870967741936,0.8126019575856445
2008-12-01,1057,1.3,-5.0,6.7,3.71,39.2,0,1,0,0,0,980.8,1.7161290322580647,1.0776916802610115
2008-12-29,1022,4.8,-2.7,0.0,0.0,34.0,0,0,0,0,0,980.8,5.216129032258064,1.0420065252854813
2008-12-23,827,-0.5,-15.4,8.3,5.88,31.7,0,1,0,0,0,943.0,-0.08387096774193536,0.8769883351007424
2008-12-09,974,3.8,-0.5,29.6,3.22,34.7,1,1,0,0,0,943.0,4.216129032258064,1.0328738069989396
2008-12-16,846,-5.9,-12.0,7.4,5.25,23.0,0,1,0,1,0,943.0,-5.483870967741936,0.897136797454931
2008-12-02,1036,0.5,-6.8,0.0,0.0,31.4,0,0,0,0,0,943.0,0.9161290322580646,1.0986214209968186
2008-12-30,1032,2.4,-3.6,0.6,0.42,34.8,0,0,0,0,0,943.0,2.8161290322580648,1.0943796394485683
2008-12-31,939,-2.5,-9.1,0.2,0.14,37.9,0,0,0,0,0,959.6,-2.0838709677419356,0.9785327219674864
2008-12-10,1069,-1.0,-5.0,0.0,0.07,33.2,0,0,0,0,0,959.6,-0.5838709677419354,1.114005835764902
2008-12-24,763,0.8,-12.1,8.6,2.17,34.9,0,1,0,0,0,959.6,1.2161290322580647,0.7951229679032931
2008-12-03,1045,3.1,-2.8,4.2,2.66,26.7,0,1,0,0,0,959.6,3.516129032258065,1.0889954147561485
2008-12-17,982,-6.0,-10.9,0.2,0.21,19.8,0,0,0,1,0,959.6,-5.583870967741936,1.02334305960817
2008-12-18,982,-5.9,-12.4,0.0,0.0,11.3,0,0,0,1,0,887.5,-5.483870967741936,1.1064788732394366
2008-12-25,621,-5.9,-16.4,0.0,0.0,23.9,0,0,0,1,0,887.5,-5.483870967741936,0.699718309859155
2008-12-11,991,-1.2,-6.8,0.0,0.0,24.6,0,0,0,0,0,887.5,-0.7838709677419353,1.1166197183098592
2008-12-04,956,-3.5,-9.4,0.0,0.0,24.9,0,0,0,0,0,887.5,-3.0838709677419356,1.0771830985915494
2008-12-05,1079,-6.0,-12.7,0.0,0.0,28.9,0,0,0,1,0,982.0,-5.583870967741936,1.0987780040733197
2008-12-26,793,8.4,-5.4,3.0,0.0,36.1,0,0,0,0,0,982.0,8.816129032258065,0.8075356415478615
2008-12-12,1096,-5.8,-11.1,0.0,0.0,21.8,0,0,0,1,0,982.0,-5.383870967741935,1.1160896130346232
2008-12-19,960,-1.0,-5.1,26.7,17.43,28.7,1,1,0,0,0,982.0,-0.5838709677419354,0.9775967413441955
2008-12-06,1040,-0.9,-6.5,1.9,1.47,31.3,0,0,0,0,0,999.75,-0.4838709677419354,1.0402600650162541
2008-12-27,1016,12.1,8.1,31.2,0.0,37.6,1,0,0,0,0,999.75,12.516129032258064,1.016254063515879
2008-12-13,1001,3.1,-8.4,1.1,0.0,36.6,0,0,0,0,0,999.75,3.516129032258065,1.0012503125781445
2008-12-20,942,-2.6,-5.2,1.2,0.91,23.3,0,0,0,0,0,999.75,-2.1838709677419352,0.9422355588897224
2009-01-11,825,-6.6,-12.0,0.0,0.42,15.0,0,0,0,1,0,871.0,-1.1322580645161295,0.947187141216992
2009-01-18,808,-7.1,-14.0,0.0,0.28,23.3,0,0,0,1,0,871.0,-1.6322580645161295,0.9276693455797933
2009-01-04,998,2.7,-7.6,6.1,0.0,25.5,0,0,0,0,0,871.0,8.167741935483871,1.1458094144661308
2009-01-25,853,-12.5,-20.6,0.0,0.0,14.4,0,0,0,1,0,871.0,-7.03225806451613,0.9793340987370838
2009-01-05,1005,-2.9,-10.2,0.0,0.0,20.4,0,0,0,0,0,899.75,2.56774193548387,1.116976938038344
2009-01-19,804,-7.7,-12.5,0.0,0.0,24.0,0,0,0,1,0,899.75,-2.23225806451613,0.8935815504306752
2009-01-26,884,-9.6,-17.8,0.0,0.0,8.7,0,0,0,1,0,899.75,-4.1322580645161295,0.982495137538205
2009-01-12,906,-3.0,-11.9,1.6,1.12,19.8,0,0,0,0,0,899.75,2.46774193548387,1.0069463739927758
2009-01-13,883,-2.3,-19.9,0.7,0.77,28.6,0,0,0,0,0,968.75,3.1677419354838703,0.911483870967742
2009-01-20,1027,-7.8,-14.5,0.0,0.0,22.0,0,0,0,1,0,968.75,-2.3322580645161297,1.0601290322580645
2009-01-27,988,-8.1,-14.8,0.0,0.21,9.9,0,0,0,1,0,968.75,-2.6322580645161295,1.0198709677419355
2009-01-06,977,-1.7,-7.5,0.6,0.7,18.4,0,0,0,0,0,968.75,3.76774193548387,1.008516129032258
2009-01-21,1038,-4.5,-15.7,0.0,0.0,19.1,0,0,0,0,0,964.0,0.9677419354838701,1.0767634854771784
2009-01-07,982,-1.4,-8.2,2.1,1.68,26.8,0,0,0,0,0,964.0,4.06774193548387,1.0186721991701244
2009-01-14,867,-8.7,-19.6,4.1,3.15,31.9,0,1,0,1,0,964.0,-3.232258064516129,0.8993775933609959
2009-01-28,969,-8.2,-12.1,1.7,1.33,20.2,0,0,0,1,0,964.0,-2.732258064516129,1.0051867219917012
2009-01-08,956,-4.8,-10.0,0.0,0.0,26.1,0,0,0,0,0,1118.8,0.6677419354838703,0.8544869503038971
2009-01-15,838,-17.5,-24.0,0.0,0.0,25.8,0,0,0,1,0,1118.8,-12.03225806451613,0.7490168037182696
2009-01-29,944,-2.6,-11.3,0.3,0.35,26.1,0,0,0,0,0,1118.8,2.86774193548387,0.8437611726850197
2009-01-01,1843,-0.6,-8.3,0.0,0.0,28.5,0,0,0,0,0,1118.8,4.8677419354838705,1.6473006792992493
2009-01-22,1013,-3.4,-12.5,0.0,0.0,15.0,0,0,0,0,0,1118.8,2.06774193548387,0.9054343939935646
2009-01-09,1056,-3.1,-9.3,7.0,4.9,19.9,0,1,0,0,0,1011.8,2.36774193548387,1.0436845226329314
2009-01-23,979,-2.1,-7.5,0.0,0.0,26.2,0,0,0,0,0,1011.8,3.36774193548387,0.9675825261909469
2009-01-02,1061,-2.7,-6.9,0.0,0.0,25.5,0,0,0,0,0,1011.8,2.76774193548387,1.0486262107135798
2009-01-16,929,-20.3,-27.4,0.0,0.0,21.6,0,0,0,1,0,1011.8,-14.83225806451613,0.9181656453844633
2009-01-30,1034,-9.6,-15.3,0.0,0.0,21.9,0,0,0,1,0,1011.8,-4.1322580645161295,1.0219410950780787
2009-01-10,863,-3.1,-7.1,11.0,7.77,24.0,1,1,0,0,0,959.6,2.36774193548387,0.8993330554397665
2009-01-17,981,-4.5,-20.0,0.5,0.7,29.6,0,0,0,0,0,959.6,0.9677419354838701,1.0223009587328054
2009-01-24,894,-8.6,-18.8,0.0,0.0,25.9,0,0,0,1,0,959.6,-3.1322580645161295,0.9316381825760733
2009-01-31,952,2.2,-17.1,0.0,0.0,30.6,0,0,0,0,0,959.6,7.66774193548387,0.9920800333472279
2009-01-03,1108,0.6,-6.8,0.6,0.0,24.7,0,0,0,0,0,959.6,6.06774193548387,1.1546477699041267
2009-02-08,946,1.2,-3.7,0.0,0.0,19.0,0,0,0,0,0,917.75,0.9464285714285714,1.0307818033233451
2009-02-01,1000,2.0,-3.8,0.0,0.0,25.9,0,0,0,0,0,917.75,1.7464285714285714,1.089621356578589
2009-02-22,809,-4.6,-8.5,0.0,0.0,22.1,0,0,0,0,0,917.75,-4.853571428571428,0.8815036774720785
2009-02-15,916,-3.3,-7.2,0.0,0.0,16.7,0,0,0,0,0,917.75,-3.5535714285714284,0.9980931626259875
2009-02-23,939,-6.4,-13.0,0.0,0.0,14.5,0,0,0,1,0,982.25,-6.6535714285714285,0.9559684398065665
2009-02-09,1045,7.7,-5.5,3.9,0.0,30.7,0,0,0,0,0,982.25,7.446428571428572,1.0638839399338254
2009-02-02,987,-4.0,-10.7,0.0,0.0,23.5,0,0,0,0,0,982.25,-4.253571428571428,1.0048358360906082
2009-02-16,958,-1.3,-7.4,0.0,0.0,14.4,0,0,0,0,0,982.25,-1.5535714285714286,0.9753117841689998
2009-02-10,1126,10.7,5.6,0.2,0.0,33.2,0,0,0,0,0,1028.5,10.446428571428571,1.0947982498784639
2009-02-17,1070,3.5,-4.7,0.6,0.07,24.1,0,0,0,0,0,1028.5,3.2464285714285714,1.0403500243072437
2009-02-03,955,-9.7,-16.2,0.2,0.56,32.2,0,0,0,1,0,1028.5,-9.953571428571427,0.9285367039377734
2009-02-24,963,1.7,-11.1,0.0,0.0,20.8,0,0,0,0,0,1028.5,1.4464285714285714,0.9363150218765192
2009-02-04,929,-12.9,-18.2,0.0,0.0,23.2,0,0,0,1,0,1055.0,-13.153571428571428,0.8805687203791469
2009-02-11,1036,6.1,0.8,27.7,0.0,39.0,1,0,0,0,0,1055.0,5.8464285714285715,0.9819905213270143
2009-02-18,1098,1.9,-5.0,9.1,2.87,29.7,0,1,0,0,0,1055.0,1.6464285714285714,1.0407582938388626
2009-02-25,1157,8.2,-2.1,1.6,0.0,22.1,0,0,0,0,0,1055.0,7.946428571428571,1.0966824644549764
2009-02-12,1044,3.3,-1.0,0.0,0.0,29.7,0,0,0,0,0,1001.0,3.0464285714285713,1.042957042957043
2009-02-26,938,8.3,-2.6,29.7,0.0,24.5,1,0,0,0,0,1001.0,8.046428571428573,0.9370629370629371
2009-02-05,1029,-6.5,-19.3,0.0,0.0,24.6,0,0,0,1,0,1001.0,-6.753571428571428,1.027972027972028
2009-02-19,993,-5.4,-11.8,0.0,0.07,30.7,0,0,0,1,0,1001.0,-5.6535714285714285,0.9920079920079921
2009-02-06,1136,3.4,-12.2,0.0,0.0,30.1,0,0,0,0,0,1090.5,3.1464285714285714,1.041723979825768
2009-02-20,1106,-3.5,-10.8,0.0,0.0,19.6,0,0,0,0,0,1090.5,-3.7535714285714286,1.0142136634571297
2009-02-13,1069,-0.9,-5.2,0.7,0.49,15.7,0,0,0,0,0,1090.5,-1.1535714285714285,0.9802842732691426
2009-02-27,1051,8.3,-12.8,8.3,0.7,32.4,0,0,0,0,0,1090.5,8.046428571428573,0.9637780834479597
2009-02-07,1065,8.9,2.1,0.0,0.0,36.9,0,0,0,0,0,985.0,8.646428571428572,1.0812182741116751
2009-02-21,841,-1.7,-6.5,5.7,4.2,38.1,0,1,0,0,0,985.0,-1.9535714285714285,0.8538071065989847
2009-02-14,1068,-0.6,-3.4,0.8,0.7,14.8,0,0,0,0,0,985.0,-0.8535714285714284,1.084263959390863
2009-02-28,966,-7.3,-13.3,0.0,0.0,27.4,0,0,0,1,0,985.0,-7.553571428571428,0.9807106598984772
2009-03-29,823,3.2,-0.8,20.0,11.34,36.2,1,1,0,0,0,946.8,-1.4999999999999982,0.8692437684833122
2009-03-08,871,9.3,0.4,31.2,0.0,34.9,1,0,0,0,0,946.8,4.600000000000002,0.9199408534009295
2009-03-01,997,-9.2,-14.4,0.0,0.0,34.1,0,0,0,1,0,946.8,-13.899999999999999,1.0530207013096748
2009-03-22,994,6.3,1.6,0.0,0.0,25.9,0,0,0,0,0,946.8,1.6000000000000014,1.0498521335023236
2009-03-15,1049,5.8,-3.2,0.0,0.0,11.3,0,0,0,0,0,946.8,1.1000000000000014,1.1079425433037602
2009-03-16,1035,7.1,1.6,0.0,0.0,12.8,0,0,0,0,0,1009.0,2.4000000000000012,1.0257680872150645
2009-03-02,829,-10.5,-15.8,0.0,0.0,23.2,0,0,0,1,0,1009.0,-15.2,0.821605550049554
2009-03-23,1080,8.0,1.5,0.1,0.0,34.6,0,0,0,0,0,1009.0,3.3000000000000016,1.070366699702676
2009-03-09,1035,3.3,-1.7,0.4,0.0,21.0,0,0,0,0,0,1009.0,-1.3999999999999986,1.0257680872150645
2009-03-30,1066,3.4,-3.2,0.0,0.0,20.2,0,0,0,0,0,1009.0,-1.2999999999999985,1.0564915758176412
2009-03-03,1037,-4.5,-14.6,0.0,0.0,13.9,0,0,0,0,0,1127.2,-9.2,0.9199787083037615
2009-03-17,1263,14.0,3.7,0.0,0.0,30.1,0,0,0,0,0,1127.2,9.3,1.1204755145493257
2009-03-24,1248,14.0,5.8,7.4,0.0,37.9,0,0,0,0,0,1127.2,9.3,1.1071682044002837
2009-03-31,980,8.7,3.7,11.8,0.0,32.1,1,0,0,0,0,1127.2,4.000000000000001,0.8694109297374024
2009-03-10,1108,11.5,2.8,29.4,0.0,35.2,1,0,0,0,0,1127.2,6.800000000000002,0.9829666430092263
2009-03-11,1132,1.7,-8.3,0.0,0.0,38.3,0,0,0,0,0,1151.75,-2.9999999999999982,0.9828521814629911
2009-03-18,1152,9.5,2.4,0.1,0.0,20.2,0,0,0,0,0,1151.75,4.800000000000002,1.0002170609941394
2009-03-25,1200,10.6,3.9,4.0,0.0,36.1,0,0,0,0,0,1151.75,5.900000000000001,1.041892771868895
2009-03-04,1123,3.5,-5.7,0.0,0.0,21.1,0,0,0,0,0,1151.75,-1.1999999999999984,0.9750379856739744
2009-03-19,1093,3.9,-3.5,0.0,0.0,22.2,0,0,0,0,0,1154.25,-0.7999999999999985,0.9469352393329001
2009-03-05,1162,11.8,-0.2,0.0,0.0,32.7,0,0,0,0,0,1154.25,7.100000000000002,1.0067143166558372
2009-03-26,1211,9.1,2.8,0.6,0.0,13.3,0,0,0,0,0,1154.25,4.400000000000001,1.049166125189517
2009-03-12,1151,-6.7,-11.6,0.0,0.0,18.7,0,0,0,1,0,1154.25,-11.399999999999999,0.9971843188217457
2009-03-27,1093,3.8,-0.0,0.0,0.0,19.2,0,0,0,0,0,1191.25,-0.8999999999999986,0.917523609653725
2009-03-13,1220,1.0,-8.7,0.0,0.0,8.3,0,0,0,0,0,1191.25,-3.6999999999999984,1.024134312696747
2009-03-06,1267,10.1,-0.2,0.0,0.0,29.7,0,0,0,0,0,1191.25,5.400000000000001,1.063588667366212
2009-03-20,1185,1.0,-4.8,0.0,0.0,15.1,0,0,0,0,0,1191.25,-3.6999999999999984,0.9947534102833159
2009-03-21,1111,9.2,1.0,0.0,0.0,16.4,0,0,0,0,0,1071.0,4.500000000000001,1.0373482726423904
2009-03-14,1112,3.0,-5.2,0.0,0.0,9.2,0,0,0,0,0,1071.0,-1.6999999999999984,1.0382819794584501
2009-03-07,1034,1.8,-0.6,12.5,0.0,18.8,1,0,0,0,0,1071.0,-2.8999999999999986,0.965452847805789
2009-03-28,1027,2.0,-0.9,7.4,0.0,37.8,0,0,0,0,0,1071.0,-2.6999999999999984,0.9589169000933707
2009-04-12,876,5.8,0.1,0.0,0.0,21.3,0,0,0,0,0,916.5,-3.6400000000000015,0.955810147299509
2009-04-05,857,2.9,0.4,9.3,4.83,36.4,0,1,0,0,0,916.5,-6.540000000000001,0.9350791052918712
2009-04-26,1018,20.9,5.4,1.4,0.0,31.8,0,0,0,0,0,916.5,11.459999999999997,1.110747408619749
2009-04-19,915,10.8,6.7,8.2,0.0,18.1,0,0,0,0,0,916.5,1.3599999999999994,0.9983633387888707
2009-04-27,1104,18.5,12.4,24.8,0.0,36.5,1,0,0,0,0,1006.75,9.059999999999999,1.0965979637447232
2009-04-20,1085,8.6,3.8,8.4,0.0,23.4,0,0,0,0,0,1006.75,-0.8400000000000016,1.0777253538614353
2009-04-13,904,5.2,2.2,11.7,1.12,30.7,1,0,0,0,0,1006.75,-4.240000000000001,0.8979389123416935
2009-04-06,934,1.1,-1.1,0.8,0.63,37.2,0,0,0,0,0,1006.75,-8.340000000000002,0.927737770052148
2009-04-14,1060,4.0,2.9,0.3,0.0,29.0,0,0,0,0,0,1080.5,-5.440000000000001,0.9810273021749191
2009-04-07,1101,6.4,-1.3,0.0,0.07,25.3,0,0,0,0,0,1080.5,-3.040000000000001,1.018972697825081
2009-04-28,1115,11.5,5.3,9.7,0.0,30.0,0,0,0,0,0,1080.5,2.0599999999999987,1.031929662193429
2009-04-21,1046,5.5,2.3,5.7,0.0,30.1,0,0,0,0,0,1080.5,-3.9400000000000013,0.968070337806571
2009-04-08,1151,8.0,-0.2,0.0,0.0,20.3,0,0,0,0,0,1192.2,-1.4400000000000013,0.9654420399261868
2009-04-01,1258,9.2,2.5,0.0,0.0,34.1,0,0,0,0,0,1192.2,-0.240000000000002,1.0551920818654588
2009-04-29,1147,10.8,7.7,0.0,0.0,17.7,0,0,0,0,0,1192.2,1.3599999999999994,0.9620868981714477
2009-04-15,1186,6.3,2.9,0.0,0.0,20.4,0,0,0,0,0,1192.2,-3.1400000000000015,0.9947995302801543
2009-04-22,1219,11.7,2.4,0.3,0.0,17.1,0,0,0,0,0,1192.2,2.259999999999998,1.0224794497567522
2009-04-30,1081,14.7,10.5,30.8,0.0,20.9,1,0,0,0,0,1093.8,5.259999999999998,0.9882976778204425
2009-04-02,1042,6.4,3.0,1.5,0.0,35.0,0,0,0,0,0,1093.8,-3.040000000000001,0.9526421649296033
2009-04-16,1145,7.7,2.1,0.0,0.0,13.5,0,0,0,0,0,1093.8,-1.740000000000001,1.04680928871823
2009-04-23,1088,13.9,3.2,0.3,0.0,24.5,0,0,0,0,0,1093.8,4.459999999999999,0.994697385262388
2009-04-09,1113,7.5,0.7,0.0,0.0,19.2,0,0,0,0,0,1093.8,-1.9400000000000013,1.0175534832693363
2009-04-24,1240,21.2,10.6,3.7,0.0,32.7,0,0,0,0,0,1191.5,11.759999999999998,1.0407049937054134
2009-04-17,1269,10.9,3.2,0.0,0.0,12.7,0,0,0,0,0,1191.5,1.459999999999999,1.0650440621065884
2009-04-10,1078,4.2,2.1,0.0,0.0,33.1,0,0,0,0,0,1191.5,-5.240000000000001,0.9047419219471254
2009-04-03,1179,5.6,1.5,3.4,0.0,36.4,0,0,0,0,0,1191.5,-3.8400000000000016,0.9895090222408729
2009-04-18,1083,16.2,4.8,0.7,0.0,10.2,0,0,0,0,0,1090.75,6.759999999999998,0.9928947971579188
2009-04-25,1134,20.3,4.6,11.9,0.0,31.6,1,0,0,0,0,1090.75,10.86,1.0396516158606464
2009-04-11,1075,3.2,1.1,0.0,0.0,20.7,0,0,0,0,0,1090.75,-6.240000000000001,0.9855603942241576
2009-04-04,1071,4.2,0.9,0.3,0.0,16.2,0,0,0,0,0,1090.75,-5.240000000000001,0.9818931927572772
2009-05-17,1014,13.1,7.1,0.0,0.0,17.6,0,0,0,0,0,1019.6,-4.80322580645162,0.9945076500588466
2009-05-31,1029,19.0,11.6,0.0,0.0,19.6,0,0,0,0,0,1019.6,1.0967741935483808,1.009219301686936
2009-05-10,994,16.3,7.3,0.4,0.0,24.8,0,0,0,0,0,1019.6,-1.6032258064516185,0.9748921145547274
2009-05-24,1078,15.8,12.7,0.4,0.0,23.2,0,0,0,0,0,1019.6,-2.1032258064516185,1.0572773636720283
2009-05-03,983,17.2,7.0,0.0,0.0,14.1,0,0,0,0,0,1019.6,-0.7032258064516199,0.9641035700274617
2009-05-25,968,16.8,13.1,1.3,0.0,24.4,0,0,0,0,0,1081.25,-1.1032258064516185,0.8952601156069364
2009-05-04,1088,14.3,8.5,0.0,0.0,18.2,0,0,0,0,0,1081.25,-3.6032258064516185,1.006242774566474
2009-05-18,1116,16.2,8.5,0.0,0.0,21.3,0,0,0,0,0,1081.25,-1.70322580645162,1.0321387283236994
2009-05-11,1153,12.8,5.7,0.4,0.0,13.1,0,0,0,0,0,1081.25,-5.1032258064516185,1.06635838150289
2009-05-19,1172,21.5,11.8,0.0,0.0,22.3,0,0,0,0,0,1168.25,3.596774193548381,1.0032099293815535
2009-05-05,1198,14.8,10.0,0.0,0.0,17.3,0,0,0,0,0,1168.25,-3.1032258064516185,1.0254654397603253
2009-05-12,1220,17.1,8.0,0.0,0.0,22.0,0,0,0,0,0,1168.25,-0.8032258064516178,1.0442970254654398
2009-05-26,1083,19.7,14.6,1.8,0.0,22.1,0,0,0,0,0,1168.25,1.79677419354838,0.9270276053926814
2009-05-20,1231,23.0,14.6,0.0,0.0,23.8,0,0,0,0,0,1166.0,5.096774193548381,1.055746140651801
2009-05-13,1140,18.5,11.3,16.8,0.0,40.2,1,0,0,0,0,1166.0,0.5967741935483808,0.9777015437392796
2009-05-27,1180,22.6,14.5,9.6,0.0,13.9,0,0,0,0,0,1166.0,4.696774193548382,1.012006861063465
2009-05-06,1113,18.4,12.0,0.8,0.0,14.9,0,0,0,0,0,1166.0,0.4967741935483794,0.9545454545454546
2009-05-21,1177,24.8,15.9,0.0,0.0,22.9,0,0,0,0,0,1205.25,6.8967741935483815,0.9765608794855839
2009-05-07,1208,22.1,12.8,1.5,0.0,18.4,0,0,0,0,0,1205.25,4.196774193548382,1.0022816842978635
2009-05-14,1175,18.0,12.3,1.9,0.0,33.1,0,0,0,0,0,1205.25,0.0967741935483808,0.9749014727235014
2009-05-28,1261,15.4,12.9,0.0,0.0,19.2,0,0,0,0,0,1205.25,-2.503225806451619,1.0462559634930513
2009-05-01,1355,14.5,8.9,2.9,0.0,19.8,0,0,0,0,0,1228.6,-3.403225806451619,1.1028813283412013
2009-05-29,1193,20.8,12.8,0.7,0.0,20.1,0,0,0,0,0,1228.6,2.8967741935483815,0.9710239296760541
2009-05-08,1247,18.8,13.1,0.2,0.0,17.3,0,0,0,0,0,1228.6,0.8967741935483815,1.01497639589777
2009-05-22,1199,17.1,12.3,0.0,0.0,21.7,0,0,0,0,0,1228.6,-0.8032258064516178,0.9759075370340226
2009-05-15,1149,16.1,12.7,20.2,0.0,25.1,1,0,0,0,0,1228.6,-1.8032258064516178,0.9352108090509523
2009-05-30,1099,21.5,11.8,1.2,0.0,21.4,0,0,0,0,0,1105.0,3.596774193548381,0.9945701357466064
2009-05-16,1138,16.2,10.0,7.9,0.0,24.5,0,0,0,0,0,1105.0,-1.70322580645162,1.029864253393665
2009-05-23,1088,21.1,13.2,0.0,0.0,15.6,0,0,0,0,0,1105.0,3.196774193548382,0.9846153846153847
2009-05-09,1142,15.8,7.9,1.1,0.0,38.8,0,0,0,0,0,1105.0,-2.1032258064516185,1.0334841628959277
2009-05-02,1058,15.7,7.6,0.0,0.0,21.0,0,0,0,0,0,1105.0,-2.20322580645162,0.9574660633484163
2009-06-28,1119,26.0,21.0,0.8,0.0,32.0,0,0,0,0,0,1086.75,3.7500000000000036,1.0296756383712906
2009-06-14,1063,20.2,15.5,0.0,0.0,12.8,0,0,0,0,0,1086.75,-2.049999999999997,0.978145847711065
2009-06-21,1158,25.5,22.3,0.0,0.0,11.9,0,0,0,0,0,1086.75,3.2500000000000036,1.0655624568668047
2009-06-07,1007,21.8,17.8,3.6,0.0,20.3,0,0,0,0,0,1086.75,-0.44999999999999574,0.9266160570508397
2009-06-15,1098,22.8,16.1,0.0,0.0,16.4,0,0,0,0,0,1189.0,0.5500000000000043,0.9234650967199327
2009-06-22,1193,27.1,22.3,7.1,0.0,14.2,0,0,0,0,0,1189.0,4.850000000000005,1.0033641715727502
2009-06-01,1306,24.2,13.8,24.1,0.0,29.4,1,0,0,0,0,1189.0,1.9500000000000028,1.0984020185029437
2009-06-08,1165,22.8,18.7,16.8,0.0,24.5,1,0,0,0,0,1189.0,0.5500000000000043,0.9798149705634988
2009-06-29,1183,22.4,18.2,0.5,0.0,27.8,0,0,0,0,0,1189.0,0.15000000000000213,0.9949537426408747
2009-06-02,1144,14.1,12.4,1.4,0.0,23.8,0,0,0,0,0,1133.6,-8.149999999999997,1.0091743119266057
2009-06-09,1087,18.2,15.1,0.6,0.0,15.4,0,0,0,0,0,1133.6,-4.049999999999997,0.958892025405787
2009-06-30,1214,18.4,16.5,0.2,0.0,20.5,0,0,0,0,0,1133.6,-3.849999999999998,1.070924488355681
2009-06-16,993,21.8,18.2,12.0,0.0,24.3,1,0,0,0,0,1133.6,-0.44999999999999574,0.8759703599153141
2009-06-23,1230,29.0,22.9,0.0,0.0,11.4,0,0,0,0,0,1133.6,6.7500000000000036,1.0850388143966125
2009-06-24,1225,30.1,24.3,0.5,0.0,9.3,0,0,1,0,0,1163.5,7.850000000000005,1.0528577567683712
2009-06-03,1135,12.9,10.4,0.0,0.0,27.5,0,0,0,0,0,1163.5,-9.349999999999996,0.975504941985389
2009-06-17,1115,18.6,17.1,1.0,0.0,16.6,0,0,0,0,0,1163.5,-3.649999999999995,0.9583154275891707
2009-06-10,1179,16.0,13.9,2.3,0.0,17.4,0,0,0,0,0,1163.5,-6.2499999999999964,1.0133218736570693
2009-06-25,1084,29.9,24.6,0.5,0.0,9.4,0,0,0,0,0,1084.75,7.650000000000002,0.9993085964507951
2009-06-11,1007,15.8,13.7,15.3,0.0,24.1,1,0,0,0,0,1084.75,-6.449999999999996,0.9283244987324268
2009-06-18,1147,25.1,16.6,0.4,0.0,18.6,0,0,0,0,0,1084.75,2.850000000000005,1.0573864945840055
2009-06-04,1101,15.9,9.8,0.0,0.0,12.9,0,0,0,0,0,1084.75,-6.349999999999996,1.0149804102327726
2009-06-05,1169,22.9,10.4,0.0,0.0,16.4,0,0,0,0,0,1192.25,0.6500000000000021,0.9804990564059551
2009-06-12,1304,19.2,13.6,0.0,0.0,14.3,0,0,0,0,0,1192.25,-3.049999999999997,1.0937303417907318
2009-06-19,1077,27.8,21.8,15.5,0.0,31.0,1,0,0,0,0,1192.25,5.550000000000004,0.9033340322918851
2009-06-26,1219,25.2,22.2,0.7,0.0,16.6,0,0,0,0,0,1192.25,2.950000000000003,1.022436569511428
2009-06-13,1082,17.4,16.2,1.0,0.0,18.9,0,0,0,0,0,1140.0,-4.849999999999998,0.9491228070175438
2009-06-06,1034,19.2,13.7,1.3,0.0,16.7,0,0,0,0,0,1140.0,-3.049999999999997,0.9070175438596492
2009-06-27,1273,28.7,19.4,1.1,0.0,21.9,0,0,0,0,0,1140.0,6.450000000000003,1.1166666666666667
2009-06-20,1171,28.5,19.8,7.9,0.0,23.8,0,0,0,0,0,1140.0,6.2500000000000036,1.0271929824561403
2009-07-12,1167,24.4,19.3,0.0,0.0,15.3,0,0,0,0,0,1086.25,0.5580645161290327,1.0743383199079402
2009-07-19,1047,19.6,16.1,0.9,0.0,10.9,0,0,0,0,0,1086.25,-4.241935483870964,0.9638665132336018
2009-07-26,1118,25.1,18.7,0.0,0.0,17.8,0,0,0,0,0,1086.25,1.2580645161290356,1.029228998849252
2009-07-05,1013,25.3,17.9,0.0,0.0,8.8,0,0,0,0,0,1086.25,1.4580645161290349,0.932566168009206
2009-07-27,1174,27.7,20.0,0.0,0.0,22.6,0,0,0,0,0,1136.0,3.8580645161290334,1.033450704225352
2009-07-06,1116,26.7,19.6,0.0,0.0,14.8,0,0,0,0,0,1136.0,2.8580645161290334,0.9823943661971831
2009-07-20,1159,22.3,15.9,0.1,0.0,17.6,0,0,0,0,0,1136.0,-1.5419354838709651,1.0202464788732395
2009-07-13,1095,22.5,20.3,0.0,0.0,17.1,0,0,0,0,0,1136.0,-1.3419354838709658,0.9639084507042254
2009-07-14,1144,24.9,17.4,0.0,0.0,21.7,0,0,0,0,0,1174.25,1.0580645161290327,0.9742388758782201
2009-07-28,1164,26.9,21.8,1.8,0.0,22.8,0,0,0,0,0,1174.25,3.0580645161290327,0.9912710240579093
2009-07-21,1190,24.4,18.6,0.0,0.0,13.4,0,0,0,0,0,1174.25,0.5580645161290327,1.0134128166915053
2009-07-07,1199,22.3,19.4,0.0,0.0,18.6,0,0,0,0,0,1174.25,-1.5419354838709651,1.0210772833723654
2009-07-01,1324,16.9,15.5,0.3,0.0,17.5,0,0,0,0,0,1191.0,-6.941935483870967,1.1116708648194795
2009-07-08,1060,20.3,17.8,2.7,0.0,15.2,0,0,0,0,0,1191.0,-3.541935483870965,0.8900083963056256
2009-07-22,1232,23.5,19.1,0.5,0.0,12.9,0,0,0,0,0,1191.0,-0.34193548387096584,1.0344248530646516
2009-07-15,1176,27.7,20.7,0.4,0.0,24.8,0,0,0,0,0,1191.0,3.8580645161290334,0.9874055415617129
2009-07-29,1163,23.0,20.6,0.0,0.0,18.9,0,0,0,0,0,1191.0,-0.8419354838709658,0.9764903442485307
2009-07-23,1136,23.0,18.4,3.7,0.0,12.6,0,0,0,0,0,1157.2,-0.8419354838709658,0.9816799170411338
2009-07-16,1190,25.9,19.3,1.6,0.0,25.3,0,0,0,0,0,1157.2,2.0580645161290327,1.0283442792948496
2009-07-02,1144,20.9,15.7,0.0,0.0,15.0,0,0,0,0,0,1157.2,-2.9419354838709673,0.9885931558935361
2009-07-30,1148,25.8,18.2,0.0,0.0,14.8,0,0,0,0,0,1157.2,1.9580645161290349,0.9920497753197373
2009-07-09,1168,23.4,17.9,0.0,0.0,14.7,0,0,0,0,0,1157.2,-0.44193548387096726,1.009332872450743
2009-07-31,1139,25.8,18.1,0.0,0.0,14.9,0,0,0,0,0,1195.2,1.9580645161290349,0.9529785809906292
2009-07-17,1223,20.3,16.2,0.6,0.0,22.7,0,0,0,0,0,1195.2,-3.541935483870965,1.0232597054886212
2009-07-24,1214,27.5,18.9,0.4,0.0,25.9,0,0,0,0,0,1195.2,3.658064516129034,1.0157295850066934
2009-07-03,1155,22.7,18.1,0.0,0.0,13.3,0,0,0,0,0,1195.2,-1.1419354838709666,0.9663654618473895
2009-07-10,1245,26.2,19.0,0.9,0.0,17.3,0,0,0,0,0,1195.2,2.3580645161290334,1.0416666666666665
2009-07-25,1136,25.2,20.3,1.7,0.0,25.9,0,0,0,0,0,1094.0,1.3580645161290334,1.0383912248628884
2009-07-04,1014,21.3,18.9,2.3,0.0,16.6,0,0,0,0,0,1094.0,-2.541935483870965,0.926873857404022
2009-07-18,1120,20.0,15.4,0.6,0.0,17.3,0,0,0,0,0,1094.0,-3.841935483870966,1.023765996343693
2009-07-11,1106,27.6,20.3,15.1,0.0,21.3,1,0,0,0,0,1094.0,3.7580645161290356,1.0109689213893966
2009-08-30,1016,16.8,14.5,0.7,0.0,25.7,0,0,0,0,0,1100.4,-7.312903225806458,0.9233006179571064
2009-08-09,1178,30.1,23.7,0.0,0.0,27.0,0,0,1,0,0,1100.4,5.987096774193542,1.0705198109778262
2009-08-16,1121,28.2,23.3,1.2,0.0,26.4,0,0,0,0,0,1100.4,4.08709677419354,1.0187204652853508
2009-08-02,1121,24.5,16.4,0.0,0.0,20.8,0,0,0,0,0,1100.4,0.38709677419354094,1.0187204652853508
2009-08-23,1066,20.2,16.8,0.6,0.0,17.2,0,0,0,0,0,1100.4,-3.9129032258064598,0.9687386404943656
2009-08-24,1089,23.9,16.4,0.0,0.0,17.6,0,0,0,0,0,1111.2,-0.21290322580646048,0.9800215982721382
2009-08-31,1029,17.1,14.4,0.0,0.0,13.8,0,0,0,0,0,1111.2,-7.012903225806458,0.9260259179265659
2009-08-03,1122,26.5,20.3,0.6,0.0,29.9,0,0,0,0,0,1111.2,2.387096774193541,1.009719222462203
2009-08-17,1150,26.7,21.5,12.0,0.0,15.4,1,0,0,0,0,1111.2,2.5870967741935402,1.03491720662347
2009-08-10,1166,26.7,22.1,6.1,0.0,23.8,0,0,0,0,0,1111.2,2.5870967741935402,1.0493160547156226
2009-08-11,1256,23.9,21.3,1.2,0.0,18.8,0,0,0,0,0,1199.0,-0.21290322580646048,1.0475396163469557
2009-08-25,1156,25.7,18.0,0.0,0.0,20.7,0,0,0,0,0,1199.0,1.5870967741935402,0.9641367806505421
2009-08-18,1308,27.1,21.2,2.5,0.0,16.5,0,0,0,0,0,1199.0,2.9870967741935424,1.0909090909090908
2009-08-04,1076,27.7,20.3,0.0,0.0,15.5,0,0,0,0,0,1199.0,3.5870967741935402,0.8974145120934112
2009-08-19,1218,25.5,18.7,6.7,0.0,29.6,0,0,0,0,0,1214.5,1.387096774193541,1.0028818443804035
2009-08-12,1252,23.9,19.5,0.0,0.0,11.6,0,0,0,0,0,1214.5,-0.21290322580646048,1.0308769040757513
2009-08-05,1207,23.2,20.8,0.0,0.0,14.3,0,0,0,0,0,1214.5,-0.9129032258064598,0.9938246191848498
2009-08-26,1181,21.7,20.3,13.5,0.0,20.0,1,0,0,0,0,1214.5,-2.4129032258064598,0.9724166323589954
2009-08-13,1188,26.6,19.4,0.0,0.0,10.7,0,0,0,0,0,1145.0,2.4870967741935424,1.0375545851528385
2009-08-20,1206,23.6,20.2,8.4,0.0,29.9,0,0,0,0,0,1145.0,-0.5129032258064576,1.0532751091703056
2009-08-27,1037,20.2,18.1,36.1,0.0,22.9,1,0,0,0,0,1145.0,-3.9129032258064598,0.9056768558951965
2009-08-06,1149,23.5,18.1,0.0,0.0,13.2,0,0,0,0,0,1145.0,-0.6129032258064591,1.0034934497816594
2009-08-14,1261,28.8,20.4,0.0,0.0,12.7,0,0,0,0,0,1174.0,4.687096774193542,1.074105621805792
2009-08-21,1161,21.5,17.8,4.8,0.0,28.4,0,0,0,0,0,1174.0,-2.612903225806459,0.9889267461669506
2009-08-07,1122,24.7,19.5,9.1,0.0,21.3,0,0,0,0,0,1174.0,0.5870967741935402,0.9557069846678024
2009-08-28,1152,20.8,17.2,25.5,0.0,18.2,1,0,0,0,0,1174.0,-3.3129032258064584,0.9812606473594548
2009-08-08,1171,29.1,19.9,0.3,0.0,26.8,0,0,0,0,0,1169.0,4.987096774193542,1.001710863986313
2009-08-01,1343,23.2,19.1,1.2,0.0,30.1,0,0,0,0,0,1169.0,-0.9129032258064598,1.1488451668092388
2009-08-29,1108,18.8,15.5,0.0,0.0,25.4,0,0,0,0,0,1169.0,-5.312903225806458,0.9478186484174508
2009-08-15,1210,28.7,21.4,0.0,0.0,15.4,0,0,0,0,0,1169.0,4.58709677419354,1.0350727117194183
2009-08-22,1013,18.6,16.1,0.8,0.0,23.8,0,0,0,0,0,1169.0,-5.512903225806458,0.8665526090675791
2009-09-13,1039,23.2,17.6,0.0,0.0,9.4,0,0,0,0,0,1068.5,2.0366666666666653,0.972391202620496
2009-09-27,1063,20.9,14.1,7.2,0.0,26.6,0,0,0,0,0,1068.5,-0.2633333333333354,0.9948525970987365
2009-09-20,1067,21.0,15.7,5.7,0.0,20.3,0,0,0,0,0,1068.5,-0.163333333333334,0.99859616284511
2009-09-06,1105,22.8,18.3,2.5,0.0,13.0,0,0,0,0,0,1068.5,1.6366666666666667,1.0341600374356574
2009-09-28,1110,17.1,11.3,0.7,0.0,42.4,0,0,0,0,0,1072.0,-4.063333333333333,1.0354477611940298
2009-09-07,1028,22.4,18.1,0.0,0.0,13.4,0,0,0,0,0,1072.0,1.2366666666666646,0.9589552238805971
2009-09-14,1060,25.6,17.3,0.0,0.0,7.6,0,0,0,0,0,1072.0,4.436666666666667,0.9888059701492538
2009-09-21,1090,21.7,17.6,1.4,0.0,17.5,0,0,0,0,0,1072.0,0.5366666666666653,1.0167910447761195
2009-09-08,1093,22.1,17.9,0.2,0.0,18.5,0,0,0,0,0,1151.4,0.9366666666666674,0.9492791384401598
2009-09-01,1264,19.3,15.0,0.0,0.0,10.2,0,0,0,0,0,1151.4,-1.8633333333333333,1.0977939899253082
2009-09-22,1129,23.4,19.2,4.1,0.0,17.6,0,0,0,0,0,1151.4,2.2366666666666646,0.9805454229633489
2009-09-15,1181,24.3,19.2,1.1,0.0,17.6,0,0,0,0,0,1151.4,3.1366666666666667,1.0257078339412888
2009-09-29,1090,13.5,9.8,0.0,0.0,35.7,0,0,0,0,0,1151.4,-7.663333333333334,0.946673614729894
2009-09-02,1104,20.5,14.9,0.0,0.0,12.7,0,0,0,0,0,1115.8,-0.663333333333334,0.9894246280695466
2009-09-23,1197,21.7,17.8,0.1,0.0,15.7,0,0,0,0,0,1115.8,0.5366666666666653,1.0727728983688833
2009-09-09,1147,22.2,18.4,0.0,0.0,14.9,0,0,0,0,0,1115.8,1.0366666666666653,1.0279620003584873
2009-09-16,1135,20.6,17.5,0.0,0.0,24.5,0,0,0,0,0,1115.8,-0.5633333333333326,1.0172073848359922
2009-09-30,996,12.6,10.2,0.0,0.0,18.9,0,0,0,0,0,1115.8,-8.563333333333334,0.8926330883670909
2009-09-24,1214,21.7,19.2,0.0,0.0,11.6,0,0,0,0,0,1167.75,0.5366666666666653,1.0396060800685079
2009-09-03,1125,21.7,16.6,0.0,0.0,10.5,0,0,0,0,0,1167.75,0.5366666666666653,0.9633911368015414
2009-09-10,1186,23.7,19.2,0.0,0.0,17.4,0,0,0,0,0,1167.75,2.5366666666666653,1.0156283451081138
2009-09-17,1146,18.9,14.2,0.0,0.0,15.9,0,0,0,0,0,1167.75,-2.2633333333333354,0.9813744380218369
2009-09-11,1285,23.4,18.7,0.0,0.0,13.8,0,0,0,0,0,1223.5,2.2366666666666646,1.0502656313853698
2009-09-04,1172,21.6,17.8,0.0,0.0,10.2,0,0,0,0,0,1223.5,0.4366666666666674,0.9579076420106253
2009-09-18,1223,22.0,13.6,0.0,0.0,18.5,0,0,0,0,0,1223.5,0.836666666666666,0.9995913363302003
2009-09-25,1214,20.8,17.9,6.8,0.0,18.0,0,0,0,0,0,1223.5,-0.3633333333333333,0.9922353902738047
2009-09-12,1128,22.6,19.4,0.0,0.0,11.6,0,0,0,0,0,1102.25,1.4366666666666674,1.023361306418689
2009-09-19,1111,21.1,17.5,0.5,0.0,15.8,0,0,0,0,0,1102.25,-0.06333333333333258,1.0079383080063506
2009-09-05,1067,23.2,18.3,0.0,0.0,14.1,0,0,0,0,0,1102.25,2.0366666666666653,0.968019959174416
2009-09-26,1103,19.3,15.6,0.2,0.0,11.2,0,0,0,0,0,1102.25,-1.8633333333333333,1.0006804264005444
2009-10-25,1056,14.3,6.7,1.9,0.0,20.0,0,0,0,0,0,985.0,2.538709677419357,1.0720812182741117
2009-10-11,919,5.2,2.1,0.0,0.0,15.8,0,0,0,0,0,985.0,-6.561290322580644,0.932994923857868
2009-10-18,1003,10.0,3.1,0.0,0.0,23.7,0,0,0,0,0,985.0,-1.7612903225806438,1.0182741116751268
2009-10-04,962,13.7,9.2,0.0,0.0,22.0,0,0,0,0,0,985.0,1.9387096774193555,0.9766497461928934
2009-10-26,1047,12.0,10.0,6.1,0.0,20.8,0,0,0,0,0,1050.0,0.23870967741935623,0.9971428571428571
2009-10-05,1056,13.7,7.7,0.0,0.0,13.7,0,0,0,0,0,1050.0,1.9387096774193555,1.0057142857142858
2009-10-12,985,9.4,5.4,0.0,0.0,12.8,0,0,0,0,0,1050.0,-2.3612903225806434,0.9380952380952381
2009-10-19,1112,14.7,6.9,0.0,0.0,25.3,0,0,0,0,0,1050.0,2.9387096774193555,1.059047619047619
2009-10-27,1107,10.8,7.0,1.6,0.0,16.4,0,0,0,0,0,1129.5,-0.9612903225806431,0.9800796812749004
2009-10-06,1088,14.8,9.1,6.2,0.0,45.4,0,0,0,0,1,1129.5,3.038709677419357,0.9632580787959274
2009-10-13,1150,7.9,4.2,0.0,0.0,23.8,0,0,0,0,0,1129.5,-3.8612903225806434,1.0181496237273129
2009-10-20,1173,14.5,11.1,3.3,0.0,15.4,0,0,0,0,0,1129.5,2.7387096774193562,1.0385126162018592
2009-10-28,1079,13.2,9.7,0.2,0.0,13.5,0,0,0,0,0,1118.25,1.4387096774193555,0.9649005141962889
2009-10-21,1186,17.0,11.8,1.6,0.0,26.5,0,0,0,0,0,1118.25,5.238709677419356,1.0605857366420746
2009-10-07,1158,13.7,8.5,0.0,0.0,41.0,0,0,0,0,0,1118.25,1.9387096774193555,1.0355466130114017
2009-10-14,1050,7.5,6.0,1.1,0.0,22.7,0,0,0,0,0,1118.25,-4.261290322580644,0.9389671361502347
2009-10-01,1151,14.7,8.8,11.2,0.0,29.5,1,0,0,0,0,1087.4,2.9387096774193555,1.058488136840169
2009-10-29,1075,14.3,11.5,5.4,0.0,30.5,0,0,0,0,0,1087.4,2.538709677419357,0.9885966525657531
2009-10-15,1088,6.7,4.9,8.2,0.0,24.1,0,0,0,0,0,1087.4,-5.061290322580644,1.0005517748758506
2009-10-22,1068,13.8,9.7,13.8,0.0,29.1,1,0,0,0,0,1087.4,2.038709677419357,0.9821592790141621
2009-10-08,1055,11.5,9.9,8.9,0.0,20.6,0,0,0,0,0,1087.4,-0.2612903225806438,0.9702041567040647
2009-10-02,1054,13.1,9.4,7.3,0.0,31.1,0,0,0,0,0,1110.4,1.3387096774193559,0.949207492795389
2009-10-09,1081,11.0,7.4,15.1,0.0,25.9,1,0,0,0,0,1110.4,-0.7612903225806438,0.9735230547550432
2009-10-23,1085,14.0,7.5,29.8,0.0,31.8,1,0,0,0,0,1110.4,2.2387096774193562,0.9771253602305475
2009-10-30,1181,17.4,10.0,32.4,0.0,34.8,1,0,0,0,0,1110.4,5.638709677419355,1.0635806916426511
2009-10-16,1151,7.2,5.0,1.5,0.0,17.7,0,0,0,0,0,1110.4,-4.561290322580644,1.0365634005763689
2009-10-24,1137,9.4,5.1,0.0,0.0,28.2,0,0,0,0,0,1085.2,-2.3612903225806434,1.0477331367489864
2009-10-31,1183,9.1,5.9,0.0,0.0,35.6,0,0,0,0,0,1085.2,-2.661290322580644,1.0901216365646884
2009-10-10,1101,8.6,3.8,0.0,0.0,21.8,0,0,0,0,0,1085.2,-3.161290322580644,1.0145595281975672
2009-10-03,980,13.2,8.6,4.2,0.0,25.2,0,0,0,0,0,1085.2,1.4387096774193555,0.903059343899742
2009-10-17,1025,8.2,5.0,2.7,0.0,17.0,0,0,0,0,0,1085.2,-3.5612903225806445,0.9445263545890158
2009-11-15,1035,11.7,6.8,0.1,0.0,21.4,0,0,0,0,0,1031.2,1.913333333333334,1.0036850271528317
2009-11-29,881,6.5,3.4,5.0,0.0,21.5,0,0,0,0,0,1031.2,-3.2866666666666653,0.854344453064391
2009-11-01,1175,9.7,2.6,0.0,0.0,17.9,0,0,0,0,0,1031.2,-0.086666666666666,1.1394491854150504
2009-11-08,1077,16.5,8.0,0.0,0.0,26.5,0,0,0,0,0,1031.2,6.713333333333335,1.0444142746314973
2009-11-22,988,10.4,5.4,0.0,0.0,18.7,0,0,0,0,0,1031.2,0.6133333333333351,0.9581070597362296
2009-11-09,1133,14.8,10.0,2.6,0.0,25.1,0,0,0,0,0,1034.0,5.013333333333335,1.0957446808510638
2009-11-16,998,7.9,6.7,1.7,0.0,30.0,0,0,0,0,0,1034.0,-1.886666666666665,0.965183752417795
2009-11-02,1002,12.6,7.0,1.7,0.0,22.4,0,0,0,0,0,1034.0,2.8133333333333344,0.9690522243713733
2009-11-23,1021,8.4,5.7,0.0,0.0,19.6,0,0,0,0,0,1034.0,-1.386666666666665,0.9874274661508704
2009-11-30,1016,4.3,1.1,0.0,0.0,29.9,0,0,0,0,0,1034.0,-5.4866666666666655,0.9825918762088974
2009-11-24,992,9.8,4.6,9.6,0.0,20.0,0,0,0,0,0,1045.5,0.013333333333335418,0.9488283118125299
2009-11-03,1072,6.7,3.4,0.0,0.0,22.5,0,0,0,0,0,1045.5,-3.086666666666665,1.0253467240554759
2009-11-10,1099,10.5,9.1,0.0,0.0,20.6,0,0,0,0,0,1045.5,0.7133333333333347,1.0511716881874702
2009-11-17,1019,8.0,6.1,1.0,0.0,29.6,0,0,0,0,0,1045.5,-1.7866666666666653,0.9746532759445241
2009-11-18,1043,8.3,5.9,6.1,0.0,19.7,0,0,0,0,0,1078.25,-1.4866666666666646,0.9673081381868769
2009-11-25,1086,9.4,3.3,4.1,0.0,24.0,0,0,0,0,0,1078.25,-0.38666666666666494,1.0071875724553674
2009-11-04,1098,9.8,5.1,0.2,0.0,20.7,0,0,0,0,0,1078.25,0.013333333333335418,1.0183167169023881
2009-11-11,1086,8.9,5.8,0.0,0.0,16.6,0,0,0,0,0,1078.25,-0.8866666666666649,1.0071875724553674
2009-11-05,1078,10.4,3.4,0.0,0.0,22.5,0,0,0,0,0,969.0,0.6133333333333351,1.112487100103199
2009-11-19,1038,7.1,4.9,1.3,0.0,16.8,0,0,0,0,0,969.0,-2.6866666666666656,1.0712074303405572
2009-11-26,681,5.7,1.8,4.9,0.07,31.9,0,0,0,0,0,969.0,-4.086666666666665,0.7027863777089783
2009-11-12,1079,9.8,2.9,0.0,0.0,18.0,0,0,0,0,0,969.0,0.013333333333335418,1.1135190918472653
2009-11-13,1208,11.8,5.0,0.0,0.0,24.0,0,0,0,0,0,1120.5,2.0133333333333354,1.0780901383311021
2009-11-20,1188,10.0,4.9,0.0,0.0,20.5,0,0,0,0,0,1120.5,0.2133333333333347,1.0602409638554218
2009-11-06,1139,12.8,4.0,0.0,0.0,31.0,0,0,0,0,0,1120.5,3.0133333333333354,1.0165104863900045
2009-11-27,947,2.9,0.6,0.0,0.0,24.2,0,0,0,0,0,1120.5,-6.886666666666665,0.8451584114234717
2009-11-07,1092,16.7,10.5,0.0,0.0,29.4,0,0,0,0,0,1055.25,6.913333333333334,1.0348258706467661
2009-11-14,1148,13.6,8.6,0.0,0.0,22.5,0,0,0,0,0,1055.25,3.8133333333333344,1.087893864013267
2009-11-21,992,9.1,4.8,0.0,0.0,13.8,0,0,0,0,0,1055.25,-0.6866666666666656,0.9400615967780147
2009-11-28,989,9.5,1.5,0.0,0.0,14.8,0,0,0,0,0,1055.25,-0.2866666666666653,0.9372186685619521
2009-12-27,757,-5.0,-6.9,1.8,1.47,22.2,0,0,0,1,0,861.5,-5.235483870967742,0.8786999419616948
2009-12-20,908,-0.6,-3.1,0.0,0.21,16.4,0,0,0,0,0,861.5,-0.8354838709677418,1.0539756239117817
2009-12-13,878,2.2,-0.4,1.6,0.0,26.6,0,0,0,0,0,861.5,1.9645161290322584,1.0191526407428904
2009-12-06,903,2.1,-2.3,0.0,0.0,22.3,0,0,0,0,0,861.5,1.8645161290322583,1.0481717933836332
2009-12-21,918,-2.2,-3.7,0.0,0.07,14.2,0,0,0,0,0,914.0,-2.435483870967742,1.0043763676148796
2009-12-14,1017,3.8,-2.2,0.8,0.0,23.2,0,0,0,0,0,914.0,3.564516129032258,1.112691466083151
2009-12-28,820,-1.2,-8.8,0.0,0.14,28.5,0,0,0,0,0,914.0,-1.4354838709677418,0.8971553610503282
2009-12-07,901,1.1,-1.8,0.0,0.21,16.8,0,0,0,0,0,914.0,0.8645161290322583,0.9857768052516411
2009-12-15,958,-2.4,-10.8,0.0,0.0,24.9,0,0,0,0,0,970.6,-2.6354838709677417,0.9870183391716464
2009-12-29,822,-4.5,-7.9,0.0,0.0,19.6,0,0,0,0,0,970.6,-4.735483870967742,0.8468988254687821
2009-12-22,884,-0.0,-2.7,6.6,4.62,23.4,0,1,0,0,0,970.6,-0.2354838709677418,0.9107768390686173
2009-12-08,964,1.8,-1.7,13.4,8.61,33.5,1,1,0,0,0,970.6,1.5645161290322582,0.9932000824232433
2009-12-01,1225,10.1,2.8,0.0,0.0,28.2,0,0,0,0,0,970.6,9.864516129032259,1.2621059138677106
2009-12-30,924,-1.1,-6.1,1.6,1.19,20.9,0,0,0,0,0,933.6,-1.335483870967742,0.9897172236503856
2009-12-09,908,2.4,-5.1,11.9,4.76,37.8,1,1,0,0,0,933.6,2.164516129032258,0.9725792630676949
2009-12-02,997,6.0,2.7,2.1,0.0,31.7,0,0,0,0,0,933.6,5.764516129032258,1.0679091688089117
2009-12-23,881,-0.5,-1.8,11.5,3.78,30.7,1,1,0,0,0,933.6,-0.7354838709677418,0.9436589545844044
2009-12-16,958,-4.2,-12.5,0.0,0.0,18.0,0,0,0,0,0,933.6,-4.435483870967742,1.0261353898886032
2009-12-24,753,2.1,-0.4,14.4,0.0,31.2,1,0,0,0,0,869.6,1.8645161290322583,0.8659153633854646
2009-12-17,1002,1.2,-5.4,0.0,0.0,16.9,0,0,0,0,0,869.6,0.9645161290322581,1.1522539098436062
2009-12-31,816,-0.3,-8.9,0.9,0.63,25.5,0,0,0,0,0,869.6,-0.5354838709677417,0.9383624655013799
2009-12-10,803,-6.4,-15.9,0.0,0.0,34.4,0,0,0,1,0,869.6,-6.635483870967742,0.9234130634774609
2009-12-03,974,4.5,-1.7,1.0,0.21,31.1,0,0,0,0,0,869.6,4.264516129032258,1.1200551977920883
2009-12-11,991,-5.9,-12.5,0.0,0.0,29.7,0,0,0,1,0,917.25,-6.135483870967742,1.0804033796674843
2009-12-25,610,5.3,-4.3,15.3,0.35,38.2,1,0,0,0,0,917.25,5.064516129032258,0.6650313436903789
2009-12-04,997,-2.0,-4.1,0.0,0.0,25.9,0,0,0,0,0,917.25,-2.235483870967742,1.0869446715726356
2009-12-18,1071,1.4,-0.4,4.1,1.54,17.0,0,0,0,0,0,917.25,1.164516129032258,1.1676206050695013
2009-12-12,968,1.7,-8.4,1.2,0.42,27.4,0,0,0,0,0,887.75,1.4645161290322581,1.090397071247536
2009-12-26,753,-2.4,-5.0,3.5,2.73,28.9,0,1,0,0,0,887.75,-2.6354838709677417,0.8482117713320192
2009-12-19,918,0.9,-0.4,5.6,3.08,22.7,0,1,0,0,0,887.75,0.6645161290322582,1.0340749084764855
2009-12-05,912,-0.6,-4.8,0.0,0.0,18.7,0,0,0,0,0,887.75,-0.8354838709677418,1.0273162489439593
2010-01-24,829,5.4,-0.6,8.6,0.0,31.8,0,0,0,0,0,819.8,8.406451612903226,1.0112222493291048
2010-01-10,783,-8.9,-17.7,0.0,0.0,29.9,0,0,0,1,0,819.8,-5.893548387096775,0.9551110026835814
2010-01-31,824,-2.6,-11.8,0.0,0.0,17.1,0,0,0,0,0,819.8,0.4064516129032256,1.0051232007806783
2010-01-03,760,-7.3,-11.9,0.0,0.0,23.8,0,0,0,1,0,819.8,-4.293548387096774,0.9270553793608197
2010-01-17,903,-1.6,-7.2,0.0,0.0,11.2,0,0,0,0,0,819.8,1.4064516129032256,1.1014881678458162
2010-01-11,955,-3.3,-8.3,0.4,1.05,28.1,0,0,0,0,0,911.0,-0.2935483870967741,1.048298572996707
2010-01-04,855,-6.7,-10.8,0.0,0.07,23.5,0,0,0,1,0,911.0,-3.6935483870967745,0.9385290889132821
2010-01-25,925,-0.2,-5.3,0.2,0.77,33.4,0,0,0,0,0,911.0,2.8064516129032255,1.0153677277716795
2010-01-18,909,-0.3,-2.9,0.0,0.0,13.8,0,0,0,0,0,911.0,2.706451612903226,0.9978046103183315
2010-01-12,1004,-1.7,-8.3,0.0,0.35,22.5,0,0,0,0,0,985.5,1.3064516129032258,1.0187721968543886
2010-01-19,1039,-0.3,-3.8,0.0,0.0,11.7,0,0,0,0,0,985.5,2.706451612903226,1.054287163876205
2010-01-26,987,-4.4,-9.6,0.0,0.14,29.9,0,0,0,0,0,985.5,-1.3935483870967746,1.0015220700152208
2010-01-05,912,-4.9,-8.5,0.0,0.0,22.7,0,0,0,0,0,985.5,-1.8935483870967746,0.9254185692541856
2010-01-13,991,-0.6,-8.9,0.0,0.0,23.9,0,0,0,0,0,935.75,2.4064516129032256,1.0590435479561848
2010-01-27,896,-4.5,-12.2,0.2,0.49,28.0,0,0,0,0,0,935.75,-1.4935483870967743,0.957520705316591
2010-01-06,887,-5.1,-8.1,0.0,0.07,18.7,0,0,0,1,0,935.75,-2.093548387096774,0.9479027518033663
2010-01-20,969,-0.4,-3.5,2.6,1.75,25.2,0,0,0,0,0,935.75,2.606451612903226,1.0355329949238579
2010-01-28,895,-6.5,-13.4,0.0,0.0,29.9,0,0,0,1,0,949.25,-3.4935483870967743,0.9428496181195681
2010-01-14,1078,2.1,-2.1,0.0,0.0,26.1,0,0,0,0,0,949.25,5.106451612903226,1.135633394785357
2010-01-07,864,-5.5,-8.1,8.4,6.02,14.3,0,1,0,1,0,949.25,-2.4935483870967743,0.9101922570450356
2010-01-21,960,0.6,-2.5,0.7,0.21,27.7,0,0,0,0,0,949.25,3.606451612903226,1.0113247300500394
2010-01-22,1094,0.6,-0.2,0.0,0.0,18.6,0,0,0,0,0,1112.2,3.606451612903226,0.9836360366840496
2010-01-29,862,-7.4,-14.1,0.0,0.0,12.9,0,0,0,1,0,1112.2,-4.393548387096775,0.7750404603488581
2010-01-01,1462,-8.1,-12.0,0.0,0.14,27.1,0,0,0,1,0,1112.2,-5.093548387096774,1.3145117784571119
2010-01-15,1212,0.1,-2.6,0.0,0.0,13.2,0,0,0,0,0,1112.2,3.106451612903226,1.0897320625786728
2010-01-08,931,-3.2,-8.1,3.4,2.59,32.2,0,1,0,0,0,1112.2,-0.19354838709677447,0.8370796619313073
2010-01-23,1045,4.0,-0.0,0.0,0.0,25.0,0,0,0,0,0,893.8,7.006451612903225,1.1691653613783846
2010-01-16,937,-1.6,-4.7,0.0,0.0,15.3,0,0,0,0,0,893.8,1.4064516129032256,1.048332960393824
2010-01-30,873,-6.1,-9.9,0.0,0.0,11.9,0,0,0,1,0,893.8,-3.093548387096774,0.9767285746251958
2010-01-02,793,-9.5,-13.4,0.0,0.0,27.8,0,0,0,1,0,893.8,-6.493548387096775,0.8872230924144104
2010-01-09,821,-5.3,-10.4,0.0,0.0,20.0,0,0,0,1,0,893.8,-2.293548387096774,0.9185500111881854
2010-02-21,809,0.2,-4.5,4.3,2.94,16.6,0,1,0,0,0,795.0,1.6642857142857146,1.0176100628930818
2010-02-07,762,-3.5,-7.4,0.0,0.0,11.4,0,0,0,0,0,795.0,-2.0357142857142856,0.9584905660377359
2010-02-14,766,-2.7,-13.9,0.0,0.0,14.4,0,0,0,0,0,795.0,-1.2357142857142855,0.9635220125786164
2010-02-28,843,0.3,-2.9,0.0,0.0,18.4,0,0,0,0,0,795.0,1.7642857142857147,1.060377358490566
2010-02-15,828,-3.0,-11.3,0.8,0.63,15.3,0,0,0,0,0,883.75,-1.5357142857142854,0.9369165487977369
2010-02-01,1031,-1.9,-9.5,0.0,0.14,11.2,0,0,0,0,0,883.75,-0.4357142857142853,1.1666195190947666
2010-02-22,831,-0.3,-2.3,8.7,6.16,22.2,0,1,0,0,0,883.75,1.1642857142857146,0.9403111739745403
2010-02-08,845,-2.1,-7.9,0.0,0.21,14.7,0,0,0,0,0,883.75,-0.6357142857142855,0.9561527581329562
2010-02-23,970,-0.3,-5.3,0.3,0.49,15.3,0,0,0,0,0,894.5,1.1642857142857146,1.0844046953605366
2010-02-09,797,-3.0,-5.3,10.9,7.7,26.6,1,1,0,0,0,894.5,-1.5357142857142854,0.8910005589714924
2010-02-16,921,-1.8,-5.6,0.1,0.35,23.7,0,0,0,0,0,894.5,-0.3357142857142854,1.0296254891000558
2010-02-02,890,0.0,-4.2,2.4,1.82,16.3,0,0,0,0,0,894.5,1.4642857142857146,0.994969256567915
2010-02-24,910,-2.3,-6.6,2.9,2.59,25.9,0,1,0,0,0,901.5,-0.8357142857142852,1.00942872989462
2010-02-10,826,-4.0,-7.8,1.2,0.98,34.7,0,0,0,0,0,901.5,-2.5357142857142856,0.9162506932889628
2010-02-17,926,-0.2,-6.5,0.0,0.0,14.9,0,0,0,0,0,901.5,1.2642857142857147,1.0271769273433167
2010-02-03,944,-1.5,-5.1,0.0,0.0,16.3,0,0,0,0,0,901.5,-0.035714285714285365,1.0471436494731003
2010-02-25,885,-3.4,-10.1,0.5,0.35,28.1,0,0,0,0,0,930.5,-1.9357142857142853,0.9511015583019882
2010-02-18,1036,1.2,-5.4,0.0,0.0,14.2,0,0,0,0,0,930.5,2.6642857142857146,1.1133799032778076
2010-02-11,851,-3.9,-12.5,0.0,0.0,14.6,0,0,0,0,0,930.5,-2.435714285714285,0.9145620634067706
2010-02-04,950,-0.2,-6.6,0.0,0.0,15.7,0,0,0,0,0,930.5,1.2642857142857147,1.0209564750134337
2010-02-19,962,0.2,-9.0,0.0,0.0,12.1,0,0,0,0,0,945.0,1.6642857142857146,1.017989417989418
2010-02-05,966,0.1,-2.1,1.0,0.91,32.6,0,0,0,0,0,945.0,1.5642857142857147,1.0222222222222221
2010-02-26,961,-0.7,-10.3,0.5,0.42,21.8,0,0,0,0,0,945.0,0.7642857142857147,1.016931216931217
2010-02-12,891,-3.0,-14.3,0.0,0.0,10.9,0,0,0,0,0,945.0,-1.5357142857142854,0.9428571428571428
2010-02-20,912,0.9,-3.0,1.1,1.26,10.3,0,0,0,0,0,888.5,2.3642857142857148,1.0264490714687675
2010-02-27,908,-0.5,-4.2,1.0,0.91,23.8,0,0,0,0,0,888.5,0.9642857142857146,1.0219471018570625
2010-02-13,876,-3.1,-14.3,0.0,0.0,13.7,0,0,0,0,0,888.5,-1.6357142857142855,0.9859313449634215
2010-02-06,858,-2.5,-6.3,0.0,0.07,33.6,0,0,0,0,0,888.5,-1.0357142857142854,0.9656724817107485
2010-03-28,956,5.1,1.6,1.8,0.0,28.5,0,0,0,0,0,899.75,0.3096774193548386,1.062517365934982
2010-03-21,902,2.0,-0.2,0.8,0.63,23.5,0,0,0,0,0,899.75,-2.790322580645161,1.0025006946373993
2010-03-14,896,3.7,1.7,0.0,0.0,29.2,0,0,0,0,0,899.75,-1.0903225806451609,0.9958321756043346
2010-03-07,845,2.6,-6.0,2.9,0.0,10.8,0,0,0,0,0,899.75,-2.190322580645161,0.9391497638232843
2010-03-22,966,4.0,1.4,0.0,0.0,25.2,0,0,0,0,0,1048.8,-0.790322580645161,0.9210526315789475
2010-03-29,974,2.3,-0.8,0.0,0.0,27.5,0,0,0,0,0,1048.8,-2.490322580645161,0.9286803966437834
2010-03-01,1139,-0.5,-4.3,0.0,0.0,20.8,0,0,0,0,0,1048.8,-5.290322580645161,1.086003051106026
2010-03-08,1094,2.2,-2.9,0.0,0.0,7.5,0,0,0,0,0,1048.8,-2.590322580645161,1.0430968726163234
2010-03-15,1071,3.7,0.6,0.0,0.0,17.0,0,0,0,0,0,1048.8,-1.0903225806451609,1.02116704805492
2010-03-09,1111,5.2,-2.1,1.6,0.0,19.6,0,0,0,0,0,1073.2,0.40967741935483915,1.0352217666790906
2010-03-23,1118,5.4,-1.2,0.0,0.0,14.4,0,0,0,0,0,1073.2,0.6096774193548393,1.0417443160641073
2010-03-02,970,-1.2,-5.7,0.0,0.0,18.4,0,0,0,0,0,1073.2,-5.990322580645161,0.903838986209467
2010-03-16,1115,6.7,0.5,0.0,0.0,13.0,0,0,0,0,0,1073.2,1.9096774193548391,1.0389489377562429
2010-03-30,1052,10.6,-1.1,0.0,0.0,24.5,0,0,0,0,0,1073.2,5.809677419354839,0.980245993291092
2010-03-31,1062,16.6,7.4,0.0,0.0,26.7,0,0,0,0,0,1073.0,11.809677419354841,0.9897483690587139
2010-03-10,1128,10.9,3.8,1.0,0.0,20.3,0,0,0,0,0,1073.0,6.109677419354839,1.0512581547064306
2010-03-17,1068,7.5,-2.0,0.0,0.0,9.8,0,0,0,0,0,1073.0,2.709677419354839,0.9953401677539608
2010-03-03,962,-0.2,-7.1,0.0,0.0,15.6,0,0,0,0,0,1073.0,-4.990322580645161,0.896551724137931
2010-03-24,1145,6.1,0.9,1.4,0.0,11.2,0,0,0,0,0,1073.0,1.3096774193548386,1.0671015843429636
2010-03-04,988,0.7,-7.7,0.0,0.0,14.1,0,0,0,0,0,1083.25,-4.090322580645161,0.9120701592430187
2010-03-25,1078,4.1,-2.4,0.6,0.0,41.0,0,0,0,0,0,1083.25,-0.6903225806451614,0.9951534733441034
2010-03-18,1157,11.7,1.6,0.0,0.0,23.2,0,0,0,0,0,1083.25,6.909677419354838,1.0680821601661665
2010-03-11,1110,7.9,5.4,5.8,0.0,22.7,0,0,0,0,0,1083.25,3.1096774193548393,1.0246942072467113
2010-03-12,1157,5.4,2.1,2.1,0.0,27.0,0,0,0,0,0,1125.25,0.6096774193548393,1.0282159520106644
2010-03-19,1164,12.0,2.6,0.2,0.0,26.4,0,0,0,0,0,1125.25,7.209677419354839,1.0344367918240391
2010-03-05,1112,-0.3,-8.4,0.0,0.0,12.6,0,0,0,0,0,1125.25,-5.090322580645161,0.9882248389246834
2010-03-26,1068,0.2,-2.9,0.0,0.0,31.2,0,0,0,0,0,1125.25,-4.590322580645161,0.9491224172406132
2010-03-13,983,4.4,2.8,15.4,0.0,31.7,1,0,0,0,0,984.0,-0.3903225806451607,0.9989837398373984
2010-03-20,876,2.2,-0.9,11.4,7.91,31.8,1,1,0,0,0,984.0,-2.590322580645161,0.8902439024390244
2010-03-27,1094,5.6,-0.3,0.1,0.0,18.6,0,0,0,0,0,984.0,0.8096774193548386,1.1117886178861789
2010-03-06,983,1.9,-4.7,0.0,0.0,10.2,0,0,0,0,0,984.0,-2.890322580645161,0.9989837398373984
2010-04-04,882,17.5,5.7,15.9,0.0,32.6,1,0,0,0,0,923.5,3.966666666666667,0.955062263129399
2010-04-25,918,12.3,8.0,15.7,0.0,30.6,1,0,0,0,0,923.5,-1.2333333333333325,0.9940443963183541
2010-04-11,957,10.3,6.5,0.8,0.0,19.4,0,0,0,0,0,923.5,-3.2333333333333325,1.0362750406063888
2010-04-18,937,6.3,3.3,0.0,0.0,15.9,0,0,0,0,0,923.5,-7.233333333333333,1.0146182999458582
2010-04-05,1008,15.9,8.4,14.4,0.0,20.4,1,0,0,0,0,1023.5,2.366666666666667,0.9848558866634098
2010-04-26,1047,10.3,6.8,0.0,0.0,28.5,0,0,0,0,0,1023.5,-3.2333333333333325,1.0229604298974109
2010-04-19,1022,8.3,3.0,0.0,0.0,14.5,0,0,0,0,0,1023.5,-5.2333333333333325,0.9985344406448461
2010-04-12,1017,14.2,7.1,1.9,0.0,23.2,0,0,0,0,0,1023.5,0.6666666666666661,0.9936492427943332
2010-04-20,1108,10.5,4.4,0.0,0.0,13.0,0,0,0,0,0,1055.75,-3.033333333333333,1.0494908832583472
2010-04-13,1030,12.1,7.6,0.1,0.0,25.2,0,0,0,0,0,1055.75,-1.4333333333333336,0.975609756097561
2010-04-06,1059,19.3,5.1,5.4,0.0,23.5,0,0,0,0,0,1055.75,5.7666666666666675,1.003078380298366
2010-04-27,1026,7.3,4.8,0.0,0.0,26.0,0,0,0,0,0,1055.75,-6.233333333333333,0.9718209803457258
2010-04-28,1041,12.5,3.5,0.0,0.0,18.3,0,0,0,0,0,1030.0,-1.0333333333333332,1.0106796116504855
2010-04-21,1004,11.1,4.1,0.0,0.0,21.5,0,0,0,0,0,1030.0,-2.4333333333333336,0.974757281553398
2010-04-07,913,11.7,4.0,18.4,0.0,23.1,1,0,0,0,0,1030.0,-1.833333333333334,0.8864077669902912
2010-04-14,1162,18.5,7.9,0.0,0.0,22.6,0,0,0,0,0,1030.0,4.966666666666667,1.1281553398058253
2010-04-22,1060,9.0,4.3,0.0,0.0,16.6,0,0,0,0,0,1145.8,-4.533333333333333,0.925117821609356
2010-04-01,1264,18.6,10.0,0.0,0.0,28.9,0,0,0,0,0,1145.8,5.066666666666668,1.1031593646360622
2010-04-15,1256,21.4,14.2,0.0,0.0,23.7,0,0,0,0,0,1145.8,7.866666666666665,1.0961773433408972
2010-04-29,1068,19.7,9.8,0.0,0.0,35.0,0,0,0,0,0,1145.8,6.166666666666666,0.9320998429045209
2010-04-08,1081,5.2,1.8,0.4,0.0,31.1,0,0,0,0,0,1145.8,-8.333333333333332,0.9434456275091639
2010-04-30,1157,21.3,15.0,0.7,0.0,33.4,0,0,0,0,0,1130.8,7.7666666666666675,1.0231694375663247
2010-04-09,1074,7.2,0.5,0.0,0.0,13.5,0,0,0,0,0,1130.8,-6.333333333333333,0.949770074283693
2010-04-23,1163,13.7,5.8,7.4,0.0,23.3,0,0,0,0,0,1130.8,0.16666666666666607,1.0284754156349487
2010-04-02,1137,18.6,12.4,0.0,0.0,32.8,0,0,0,0,0,1130.8,5.066666666666668,1.005482844004245
2010-04-16,1123,16.6,6.3,0.9,0.0,25.1,0,0,0,0,0,1130.8,3.066666666666668,0.9931022285107889
2010-04-17,1024,8.9,4.3,0.0,0.0,23.7,0,0,0,0,0,1040.75,-4.633333333333333,0.9839058371366802
2010-04-03,976,15.1,8.1,7.5,0.0,27.1,0,0,0,0,0,1040.75,1.5666666666666664,0.9377852510208984
2010-04-24,1019,15.0,10.4,15.1,0.0,29.3,1,0,0,0,0,1040.75,1.4666666666666668,0.9791016094162863
2010-04-10,1144,17.6,4.7,0.0,0.0,26.1,0,0,0,0,0,1040.75,4.066666666666668,1.099207302426135
2010-05-16,959,14.9,9.8,0.0,0.0,23.2,0,0,0,0,0,989.4,-3.53870967741935,0.9692743076612088
2010-05-09,983,10.7,5.4,0.0,0.0,17.6,0,0,0,0,0,989.4,-7.738709677419351,0.9935314331918335
2010-05-23,1056,26.9,17.7,0.0,0.0,19.9,0,0,0,0,0,989.4,8.461290322580648,1.0673135233474833
2010-05-02,973,16.7,11.9,9.4,0.0,14.3,0,0,0,0,0,989.4,-1.738709677419351,0.9834242975540732
2010-05-30,976,27.4,19.2,0.0,0.0,13.5,0,0,0,0,0,989.4,8.961290322580648,0.9864564382454013
2010-05-17,1032,12.7,11.5,0.5,0.0,20.7,0,0,0,0,0,1041.8,-5.738709677419351,0.990593204069879
2010-05-31,811,25.3,19.1,6.7,0.0,16.1,0,0,0,0,0,1041.8,6.8612903225806505,0.7784603570742945
2010-05-03,1113,20.1,12.1,1.8,0.0,19.7,0,0,0,0,0,1041.8,1.6612903225806512,1.068343252063736
2010-05-10,1100,12.8,7.6,0.0,0.0,31.6,0,0,0,0,0,1041.8,-5.6387096774193495,1.0558648492992897
2010-05-24,1153,25.9,20.6,0.0,0.0,19.5,0,0,0,0,0,1041.8,7.461290322580648,1.106738337492801
2010-05-11,999,13.6,8.0,28.7,0.0,36.0,1,0,0,0,0,1080.5,-4.8387096774193505,0.9245719574271171
2010-05-04,1122,22.2,11.2,0.0,0.0,28.3,0,0,0,0,0,1080.5,3.761290322580649,1.038408144377603
2010-05-18,1093,12.6,11.4,0.0,0.0,27.0,0,0,0,0,0,1080.5,-5.8387096774193505,1.011568718186025
2010-05-25,1108,25.9,19.7,0.0,0.0,14.8,0,0,0,0,0,1080.5,7.461290322580648,1.025451180009255
2010-05-05,1257,19.7,13.7,0.7,0.0,28.4,0,0,0,0,0,1156.5,1.261290322580649,1.086900129701686
2010-05-26,1176,24.9,19.3,0.0,0.0,10.5,0,0,0,0,0,1156.5,6.461290322580648,1.0168612191958495
2010-05-19,1084,16.9,10.7,0.0,0.0,15.5,0,0,0,0,0,1156.5,-1.5387096774193516,0.9373108517077389
2010-05-12,1109,12.1,8.6,0.8,0.0,23.1,0,0,0,0,0,1156.5,-6.3387096774193505,0.9589277993947255
2010-05-20,1130,19.0,12.3,1.7,0.0,19.7,0,0,0,0,0,1089.75,0.5612903225806498,1.0369350768524892
2010-05-13,1034,21.9,10.5,43.4,0.0,29.3,1,0,0,0,0,1089.75,3.4612903225806484,0.9488414774030741
2010-05-06,1104,14.0,9.1,0.2,0.0,23.5,0,0,0,0,0,1089.75,-4.43870967741935,1.0130763936682725
2010-05-27,1091,19.7,17.3,0.0,0.0,22.2,0,0,0,0,0,1089.75,1.261290322580649,1.0011470520761643
2010-05-21,1090,18.4,15.0,13.0,0.0,22.3,1,0,0,0,0,1140.5,-0.03870967741935161,0.9557211749232792
2010-05-28,1146,18.5,14.7,0.0,0.0,22.5,0,0,0,0,0,1140.5,0.061290322580649814,1.0048224462954845
2010-05-14,1213,17.5,10.3,0.0,0.0,23.4,0,0,0,0,0,1140.5,-0.9387096774193502,1.0635686102586586
2010-05-07,1113,14.3,9.1,20.7,0.0,28.5,1,0,0,0,0,1140.5,-4.1387096774193495,0.9758877685225779
2010-05-29,1061,24.1,16.0,0.0,0.0,14.5,0,0,0,0,0,1077.8,5.661290322580651,0.9844126925218037
2010-05-22,1052,19.2,14.7,0.0,0.0,17.1,0,0,0,0,0,1077.8,0.7612903225806491,0.9760623492299129
2010-05-08,955,10.1,6.6,1.6,0.0,41.4,0,0,0,0,0,1077.8,-8.33870967741935,0.8860642048617554
2010-05-15,1114,13.4,10.3,0.0,0.0,14.9,0,0,0,0,0,1077.8,-5.03870967741935,1.0335869363518277
2010-05-01,1207,20.2,15.2,3.3,0.0,21.7,0,0,0,0,0,1077.8,1.761290322580649,1.1198738170347005
2010-06-13,926,21.1,17.5,8.8,0.0,15.4,0,0,0,0,0,1023.0,-3.326666666666661,0.9051808406647116
2010-06-20,1089,24.1,19.8,0.0,0.0,16.9,0,0,0,0,0,1023.0,-0.3266666666666609,1.064516129032258
2010-06-27,1107,27.7,23.7,4.2,0.0,27.3,0,0,0,0,0,1023.0,3.273333333333337,1.0821114369501466
2010-06-06,970,21.1,16.2,2.1,0.0,30.1,0,0,0,0,0,1023.0,-3.326666666666661,0.9481915933528837
2010-06-28,1168,25.9,20.7,0.0,0.0,19.6,0,0,0,0,0,1125.25,1.4733333333333363,1.0379915574316818
2010-06-07,1079,18.4,15.5,0.0,0.0,16.4,0,0,0,0,0,1125.25,-6.026666666666664,0.9588980226616307
2010-06-21,1144,27.6,21.6,16.1,0.0,17.7,1,0,0,0,0,1125.25,3.173333333333339,1.0166629637858253
2010-06-14,1110,21.4,19.2,9.0,0.0,18.8,0,0,0,0,0,1125.25,-3.0266666666666637,0.986447456120862
2010-06-01,1303,26.5,18.4,0.0,0.0,18.0,0,0,0,0,0,1110.2,2.0733333333333377,1.1736624031705998
2010-06-15,1085,25.6,19.1,18.0,0.0,18.4,1,0,0,0,0,1110.2,1.1733333333333391,0.9773013871374526
2010-06-08,1014,17.8,15.8,24.2,0.0,29.4,1,0,0,0,0,1110.2,-6.626666666666662,0.9133489461358314
2010-06-22,1043,28.6,22.1,17.2,0.0,23.7,1,0,0,0,0,1110.2,4.173333333333339,0.9394703656998739
2010-06-29,1106,20.3,17.6,0.0,0.0,20.3,0,0,0,0,0,1110.2,-4.126666666666662,0.9962168978562421
2010-06-30,1140,21.4,15.6,0.0,0.0,16.4,0,0,0,0,0,1096.2,-3.0266666666666637,1.0399562123700055
2010-06-02,1114,23.2,19.0,55.2,0.0,18.8,1,0,0,0,0,1096.2,-1.226666666666663,1.0162379127896368
2010-06-23,1005,29.5,23.4,13.6,0.0,33.9,1,0,0,0,0,1096.2,5.073333333333338,0.9168035030103995
2010-06-16,1093,25.2,18.7,0.0,0.0,22.7,0,0,0,0,0,1096.2,0.773333333333337,0.9970808246670315
2010-06-09,1129,26.4,18.0,1.5,0.0,25.0,0,0,0,0,0,1096.2,1.9733333333333363,1.0299215471629264
2010-06-03,1056,18.6,15.9,0.0,0.0,22.1,0,0,0,0,0,1113.25,-5.826666666666661,0.9485739950595105
2010-06-10,1232,20.9,17.3,0.5,0.0,21.7,0,0,0,0,0,1113.25,-3.5266666666666637,1.1066696609027622
2010-06-24,1024,23.4,19.6,0.0,0.0,30.0,0,0,0,0,0,1113.25,-1.0266666666666637,0.9198293285425556
2010-06-17,1141,25.3,19.8,0.0,0.0,15.0,0,0,0,0,0,1113.25,0.8733333333333384,1.0249270154951717
2010-06-25,1155,27.0,20.1,0.0,0.0,17.9,0,0,0,0,0,1134.5,2.5733333333333377,1.0180696342000881
2010-06-04,1141,25.7,16.9,0.9,0.0,24.9,0,0,0,0,0,1134.5,1.273333333333337,1.005729396209784
2010-06-11,1160,27.4,18.2,0.7,0.0,24.9,0,0,0,0,0,1134.5,2.9733333333333363,1.022476862053768
2010-06-18,1082,29.2,22.1,6.5,0.0,20.9,0,0,0,0,0,1134.5,4.773333333333337,0.9537241075363596
2010-06-05,1061,23.7,19.9,12.0,0.0,29.7,1,0,0,0,0,1028.0,-0.726666666666663,1.0321011673151752
2010-06-12,1000,24.7,18.4,2.1,0.0,19.5,0,0,0,0,0,1028.0,0.273333333333337,0.9727626459143969
2010-06-19,931,27.8,21.8,0.5,0.0,32.2,0,0,0,0,0,1028.0,3.3733333333333384,0.9056420233463035
2010-06-26,1120,27.3,21.6,3.5,0.0,23.3,0,0,0,0,0,1028.0,2.8733333333333384,1.0894941634241244
2010-07-25,1064,24.1,22.3,1.0,0.0,21.4,0,0,0,0,0,1039.75,-3.7161290322580633,1.0233229141620581
2010-07-18,1077,28.5,23.7,3.1,0.0,19.7,0,0,0,0,0,1039.75,0.6838709677419352,1.0358259196922337
2010-07-04,999,29.3,21.2,0.0,0.0,23.8,0,0,0,0,0,1039.75,1.483870967741936,0.9608078865111805
2010-07-11,1019,28.3,21.5,0.3,0.0,16.4,0,0,0,0,0,1039.75,0.48387096774193594,0.9800432796345275
2010-07-19,1042,27.3,22.2,6.6,0.0,13.7,0,0,0,0,0,1068.0,-0.5161290322580641,0.9756554307116105
2010-07-05,1111,29.2,24.2,0.0,0.0,27.4,0,0,0,0,0,1068.0,1.3838709677419345,1.0402621722846441
2010-07-12,1063,26.6,20.8,1.0,0.0,7.6,0,0,0,0,0,1068.0,-1.2161290322580633,0.9953183520599251
2010-07-26,1056,26.9,21.1,0.0,0.0,15.5,0,0,0,0,0,1068.0,-0.9161290322580662,0.9887640449438202
2010-07-20,1129,26.8,21.7,4.6,0.0,17.6,0,0,0,0,0,1089.5,-1.016129032258064,1.0362551629187702
2010-07-13,1019,25.7,21.4,7.7,0.0,12.6,0,0,0,0,0,1089.5,-2.1161290322580655,0.9352914180816888
2010-07-27,1134,29.1,21.6,0.0,0.0,16.0,0,0,0,0,0,1089.5,1.2838709677419367,1.0408444240477284
2010-07-06,1076,29.8,23.7,5.0,0.0,22.8,0,0,0,0,0,1089.5,1.983870967741936,0.9876089949518128
2010-07-21,1085,29.3,23.2,0.0,0.0,17.8,0,0,0,0,0,1100.0,1.483870967741936,0.9863636363636363
2010-07-28,1098,28.5,24.4,6.3,0.0,21.5,0,0,0,0,0,1100.0,0.6838709677419352,0.9981818181818182
2010-07-07,1089,31.6,23.6,0.0,0.0,13.0,0,0,1,0,0,1100.0,3.7838709677419367,0.99
2010-07-14,1128,30.1,22.4,0.0,0.0,20.4,0,0,1,0,0,1100.0,2.2838709677419367,1.0254545454545454
2010-07-01,1260,22.0,16.4,0.0,0.0,12.6,0,0,0,0,0,1141.0,-5.816129032258065,1.1042944785276074
2010-07-22,1187,28.9,23.2,8.5,0.0,28.2,0,0,0,0,0,1141.0,1.0838709677419338,1.0403155127081507
2010-07-29,1004,24.9,22.9,0.2,0.0,14.9,0,0,0,0,0,1141.0,-2.916129032258066,0.8799298860648553
2010-07-15,1097,28.8,25.2,5.7,0.0,23.4,0,0,0,0,0,1141.0,0.9838709677419359,0.9614373356704645
2010-07-08,1157,27.5,23.4,5.0,0.0,9.2,0,0,0,0,0,1141.0,-0.31612903225806477,1.014022787028922
2010-07-02,1091,25.6,18.4,0.0,0.0,17.9,0,0,0,0,0,1097.0,-2.2161290322580633,0.9945305378304466
2010-07-16,1144,30.0,21.4,0.0,0.0,17.8,0,0,1,0,0,1097.0,2.1838709677419352,1.0428441203281678
2010-07-09,1097,26.7,23.0,0.2,0.0,14.5,0,0,0,0,0,1097.0,-1.1161290322580655,1.0
2010-07-23,1092,31.2,25.2,5.4,0.0,28.1,0,0,1,0,0,1097.0,3.3838709677419345,0.9954421148587056
2010-07-30,1061,25.4,22.0,0.1,0.0,17.0,0,0,0,0,0,1097.0,-2.416129032258066,0.96718322698268
2010-07-31,1002,24.0,20.6,16.3,0.0,19.8,1,0,0,0,0,1027.4,-3.8161290322580648,0.9752773992602686
2010-07-24,935,29.7,23.8,34.3,0.0,27.9,1,0,0,0,0,1027.4,1.8838709677419345,0.9100642398286937
2010-07-17,1121,29.8,22.3,0.1,0.0,17.4,0,0,0,0,0,1027.4,1.983870967741936,1.0911037570566477
2010-07-03,1006,27.5,18.1,0.0,0.0,17.3,0,0,0,0,0,1027.4,-0.31612903225806477,0.9791707222114073
2010-07-10,1073,29.2,21.3,0.0,0.0,11.4,0,0,0,0,0,1027.4,1.3838709677419345,1.0443838816429822
2010-08-29,1130,30.0,21.1,0.0,0.0,18.5,0,0,1,0,0,1109.6,2.7451612903225815,1.0183850036049027
2010-08-15,1108,27.9,23.0,0.0,0.0,21.9,0,0,0,0,0,1109.6,0.6451612903225801,0.9985580389329489
2010-08-08,1069,28.7,21.8,0.0,0.0,30.4,0,0,0,0,0,1109.6,1.4451612903225808,0.9634102379235762
2010-08-22,1042,24.1,22.2,0.2,0.0,18.4,0,0,0,0,0,1109.6,-3.154838709677417,0.9390771449170873
2010-08-01,1199,26.4,20.1,0.2,0.0,10.5,0,0,0,0,0,1109.6,-0.8548387096774199,1.0805695746214854
2010-08-16,1116,25.5,19.6,0.0,0.0,20.7,0,0,0,0,0,1107.4,-1.7548387096774185,1.0077659382337005
2010-08-09,1098,28.6,24.5,1.0,0.0,18.4,0,0,0,0,0,1107.4,1.345161290322583,0.9915116489073504
2010-08-30,1132,28.0,23.3,0.0,0.0,21.5,0,0,0,0,0,1107.4,0.7451612903225815,1.0222141954126782
2010-08-23,1129,23.5,20.5,0.0,0.0,15.8,0,0,0,0,0,1107.4,-3.7548387096774185,1.0195051471916199
2010-08-02,1062,27.6,22.0,4.6,0.0,14.6,0,0,0,0,0,1107.4,0.3451612903225829,0.9590030702546505
2010-08-24,1117,25.3,20.2,0.5,0.0,16.3,0,0,0,0,0,1089.0,-1.9548387096774178,1.0257116620752984
2010-08-10,1113,28.3,25.5,0.3,0.0,13.4,0,0,0,0,0,1089.0,1.0451612903225822,1.022038567493113
2010-08-03,1047,28.5,22.7,17.7,0.0,12.8,1,0,0,0,0,1089.0,1.2451612903225815,0.9614325068870524
2010-08-17,1084,24.5,19.6,0.0,0.0,15.8,0,0,0,0,0,1089.0,-2.7548387096774185,0.9954086317722681
2010-08-31,1084,29.5,23.6,0.0,0.0,24.3,0,0,0,0,0,1089.0,2.2451612903225815,0.9954086317722681
2010-08-04,1049,27.9,24.6,2.7,0.0,16.1,0,0,0,0,0,1087.0,0.6451612903225801,0.9650413983440662
2010-08-11,1099,29.9,25.4,2.2,0.0,10.7,0,0,0,0,0,1087.0,2.64516129032258,1.0110395584176632
2010-08-18,1129,25.7,19.0,0.6,0.0,9.1,0,0,0,0,0,1087.0,-1.5548387096774192,1.0386384544618215
2010-08-25,1071,24.4,20.0,0.2,0.0,25.4,0,0,0,0,0,1087.0,-2.85483870967742,0.985280588776449
2010-08-26,1140,22.3,18.3,0.0,0.0,16.6,0,0,0,0,0,1113.5,-4.954838709677418,1.0237988325101033
2010-08-19,1153,29.2,21.6,0.0,0.0,14.5,0,0,0,0,0,1113.5,1.9451612903225808,1.0354737314773237
2010-08-12,1042,29.1,25.1,0.0,0.0,13.4,0,0,0,0,0,1113.5,1.845161290322583,0.9357880556802873
2010-08-05,1119,27.3,22.4,0.0,0.0,23.2,0,0,0,0,0,1113.5,0.045161290322582204,1.0049393803322857
2010-08-13,1068,30.9,24.6,0.0,0.0,16.5,0,0,1,0,0,1126.75,3.64516129032258,0.9478588861770579
2010-08-27,1134,26.0,17.5,0.0,0.0,15.0,0,0,0,0,0,1126.75,-1.2548387096774185,1.0064344353228312
2010-08-06,1154,25.7,19.5,0.0,0.0,15.3,0,0,0,0,0,1126.75,-1.5548387096774192,1.0241846017306413
2010-08-20,1151,30.3,24.0,0.0,0.0,22.9,0,0,1,0,0,1126.75,3.045161290322582,1.0215220767694697
2010-08-07,1102,26.5,19.9,0.3,0.0,19.5,0,0,0,0,0,1080.75,-0.7548387096774185,1.0196622715706685
2010-08-28,1040,26.9,19.1,0.0,0.0,17.6,0,0,0,0,0,1080.75,-0.35483870967741993,0.962294702752718
2010-08-21,1060,27.5,22.0,7.3,0.0,16.0,0,0,0,0,0,1080.75,0.2451612903225815,0.9808003701133472
2010-08-14,1121,28.9,23.1,5.9,0.0,19.6,0,0,0,0,0,1080.75,1.64516129032258,1.0372426555632663
2010-09-12,1077,25.3,15.3,0.0,0.0,22.4,0,0,0,0,0,1018.25,3.9433333333333316,1.0576970292167935
2010-09-05,983,22.1,12.5,0.0,0.0,24.5,0,0,0,0,0,1018.25,0.7433333333333323,0.9653817824699239
2010-09-19,1039,17.2,14.8,12.0,0.0,18.3,1,0,0,0,0,1018.25,-4.15666666666667,1.020378099680825
2010-09-26,974,13.4,12.3,0.4,0.0,24.1,0,0,0,0,0,1018.25,-7.956666666666669,0.9565430886324576
2010-09-27,969,15.3,11.7,0.1,0.0,10.2,0,0,0,0,0,1026.0,-6.056666666666668,0.9444444444444444
2010-09-20,1083,22.9,16.8,3.2,0.0,21.9,0,0,0,0,0,1026.0,1.5433333333333294,1.0555555555555556
2010-09-06,1055,24.6,18.9,0.2,0.0,33.0,0,0,0,0,0,1026.0,3.2433333333333323,1.0282651072124755
2010-09-13,997,23.4,18.0,0.0,0.0,22.3,0,0,0,0,0,1026.0,2.0433333333333294,0.9717348927875243
2010-09-28,1084,19.0,12.0,0.0,0.0,11.4,0,0,0,0,0,1104.5,-2.356666666666669,0.9814395654142146
2010-09-07,1128,23.3,17.2,0.0,0.0,38.3,0,0,0,0,0,1104.5,1.9433333333333316,1.0212765957446808
2010-09-21,1137,26.9,20.9,7.3,0.0,23.5,0,0,0,0,0,1104.5,5.5433333333333294,1.029425079221367
2010-09-14,1069,21.5,17.4,0.0,0.0,14.5,0,0,0,0,0,1104.5,0.14333333333333087,0.9678587596197374
2010-09-01,1229,26.2,22.5,24.8,0.0,25.0,1,0,0,0,0,1108.0,4.84333333333333,1.1092057761732852
2010-09-22,1126,21.4,19.1,11.7,0.0,14.2,1,0,0,0,0,1108.0,0.04333333333332945,1.016245487364621
2010-09-15,1057,22.5,17.4,0.5,0.0,20.9,0,0,0,0,0,1108.0,1.1433333333333309,0.953971119133574
2010-09-29,1071,21.5,13.9,0.0,0.0,17.2,0,0,0,0,0,1108.0,0.14333333333333087,0.9666064981949458
2010-09-08,1057,19.0,13.5,0.0,0.0,19.5,0,0,0,0,0,1108.0,-2.356666666666669,0.953971119133574
2010-09-16,1040,20.7,16.2,4.0,0.0,31.4,0,0,0,0,0,1032.8,-0.6566666666666698,1.0069713400464757
2010-09-23,1086,27.1,20.1,0.0,0.0,35.9,0,0,0,0,0,1032.8,5.743333333333332,1.0515104570100697
2010-09-09,1015,18.1,15.1,0.0,0.0,15.8,0,0,0,0,0,1032.8,-3.2566666666666677,0.9827652982184354
2010-09-02,1022,26.5,21.2,6.1,0.0,21.1,0,0,0,0,0,1032.8,5.143333333333331,0.9895429899302867
2010-09-30,1001,19.0,16.2,0.0,0.0,26.6,0,0,0,0,0,1032.8,-2.356666666666669,0.9692099147947328
2010-09-10,1121,21.6,15.6,0.0,0.0,22.3,0,0,0,0,0,1123.75,0.2433333333333323,0.9975528364849833
2010-09-03,1098,21.0,15.9,2.5,0.0,36.6,0,0,0,0,0,1123.75,-0.35666666666666913,0.9770856507230256
2010-09-17,1126,21.3,13.8,0.0,0.0,18.1,0,0,0,0,0,1123.75,-0.05666666666666842,1.0020022246941045
2010-09-24,1150,24.5,15.7,4.8,0.0,37.5,0,0,0,0,0,1123.75,3.143333333333331,1.0233592880978866
2010-09-18,1052,21.2,17.1,0.5,0.0,21.1,0,0,0,0,0,1026.5,-0.15666666666666984,1.0248416950803703
2010-09-04,988,18.2,13.4,0.0,0.0,28.2,0,0,0,0,0,1026.5,-3.15666666666667,0.962493911349245
2010-09-11,970,21.0,15.4,10.9,0.0,24.6,1,0,0,0,0,1026.5,-0.35666666666666913,0.9449585971748661
2010-09-25,1096,15.0,12.6,0.0,0.0,23.2,0,0,0,0,0,1026.5,-6.356666666666669,1.0677057963955188
2010-10-17,979,14.9,11.6,0.0,0.0,17.7,0,0,0,0,0,982.6,-1.82258064516129,0.996336250763281
2010-10-10,1095,25.0,16.8,0.0,0.0,15.8,0,0,0,0,0,982.6,8.27741935483871,1.1143903928353347
2010-10-24,948,19.7,13.9,10.8,0.0,25.8,1,0,0,0,0,982.6,2.977419354838709,0.964787299002646
2010-10-31,1005,8.3,6.7,0.0,0.0,24.0,0,0,0,0,0,982.6,-8.42258064516129,1.022796661917362
2010-10-03,886,11.8,9.6,2.2,0.0,23.3,0,0,0,0,0,982.6,-4.92258064516129,0.9016893954813759
2010-10-25,1035,19.8,14.2,0.8,0.0,32.0,0,0,0,0,0,1018.0,3.0774193548387103,1.0166994106090372
2010-10-04,985,12.7,8.7,0.0,0.0,9.3,0,0,0,0,0,1018.0,-4.022580645161291,0.9675834970530451
2010-10-18,1033,13.3,10.7,0.6,0.0,12.9,0,0,0,0,0,1018.0,-3.4225806451612897,1.0147347740667976
2010-10-11,1019,23.8,15.9,0.0,0.0,15.7,0,0,0,0,0,1018.0,7.07741935483871,1.00098231827112
2010-10-26,1091,18.4,12.8,15.6,0.0,45.5,1,0,0,0,1,1066.75,1.6774193548387082,1.022732599015702
2010-10-12,1095,20.6,16.3,0.0,0.0,13.9,0,0,0,0,0,1066.75,3.877419354838711,1.0264823060698383
2010-10-05,1046,17.1,8.6,0.0,0.0,10.1,0,0,0,0,0,1066.75,0.37741935483871103,0.9805483946566674
2010-10-19,1035,14.1,8.4,0.0,0.0,15.7,0,0,0,0,0,1066.75,-2.6225806451612907,0.9702367002577924
2010-10-06,1123,20.7,11.4,0.0,0.0,19.2,0,0,0,0,0,1060.25,3.977419354838709,1.0591841546804999
2010-10-27,1027,15.6,7.7,0.0,0.0,43.1,0,0,0,0,0,1060.25,-1.1225806451612907,0.9686394718226833
2010-10-13,1039,18.3,13.6,8.4,0.0,22.6,0,0,0,0,0,1060.25,1.5774193548387103,0.9799575571799104
2010-10-20,1052,17.9,9.3,0.0,0.0,31.9,0,0,0,0,0,1060.25,1.1774193548387082,0.9922188163169063
2010-10-28,989,7.2,5.2,0.0,0.0,35.7,0,0,0,0,0,1041.0,-9.522580645161291,0.9500480307396734
2010-10-07,1070,19.8,13.8,0.0,0.0,22.4,0,0,0,0,0,1041.0,3.0774193548387103,1.0278578290105667
2010-10-14,1038,16.9,10.6,0.0,0.0,22.0,0,0,0,0,0,1041.0,0.1774193548387082,0.9971181556195965
2010-10-21,1067,12.2,7.6,0.0,0.0,26.2,0,0,0,0,0,1041.0,-4.522580645161291,1.0249759846301634
2010-10-15,1160,13.9,11.2,0.3,0.0,35.7,0,0,0,0,0,1147.4,-2.82258064516129,1.0109813491371797
2010-10-29,1085,9.0,1.8,0.0,0.0,23.2,0,0,0,0,0,1147.4,-7.72258064516129,0.9456161757015861
2010-10-01,1241,20.4,12.0,0.4,0.0,22.8,0,0,0,0,0,1147.4,3.677419354838708,1.0815757364476206
2010-10-08,1183,22.3,11.9,0.0,0.0,19.9,0,0,0,0,0,1147.4,5.57741935483871,1.0310266689907617
2010-10-22,1068,15.2,6.2,0.0,0.0,20.7,0,0,0,0,0,1147.4,-1.522580645161291,0.9308000697228516
2010-10-23,1001,17.2,13.8,5.4,0.0,29.1,0,0,0,0,0,1001.4,0.4774193548387089,0.9996005592170961
2010-10-09,1099,23.9,14.2,0.0,0.0,18.5,0,0,0,0,0,1001.4,7.177419354838708,1.09746355102856
2010-10-16,1010,18.9,8.8,0.0,0.0,23.2,0,0,0,0,0,1001.4,2.177419354838708,1.0085879768324346
2010-10-30,992,14.5,6.6,0.0,0.0,27.4,0,0,0,0,0,1001.4,-2.2225806451612904,0.9906131416017575
2010-10-02,905,15.0,10.1,12.4,0.0,35.4,1,0,0,0,0,1001.4,-1.7225806451612904,0.9037347713201518
2010-11-28,892,5.6,-2.4,0.0,0.0,25.4,0,0,0,0,0,912.5,-3.1933333333333334,0.9775342465753425
2010-11-21,913,13.3,5.5,1.0,0.0,29.3,0,0,0,0,0,912.5,4.506666666666668,1.0005479452054795
2010-11-07,946,12.1,3.2,0.0,0.0,22.4,0,0,0,0,0,912.5,3.3066666666666666,1.0367123287671234
2010-11-14,899,8.0,3.6,2.4,0.0,32.4,0,0,0,0,0,912.5,-0.793333333333333,0.9852054794520548
2010-11-08,1054,13.9,6.0,0.0,0.0,16.3,0,0,0,0,0,1005.4,5.106666666666667,1.0483389695643526
2010-11-15,1032,9.2,3.5,1.0,0.0,19.8,0,0,0,0,0,1005.4,0.4066666666666663,1.0264571314899542
2010-11-29,917,8.2,2.1,11.0,0.0,27.9,1,0,0,0,0,1005.4,-0.5933333333333337,0.9120747961010544
2010-11-01,1118,9.1,5.1,0.0,0.0,16.4,0,0,0,0,0,1005.4,0.30666666666666664,1.1119952257807837
2010-11-22,906,16.8,8.0,13.9,0.0,32.4,1,0,0,0,0,1005.4,8.006666666666668,0.9011338770638552
2010-11-09,1121,13.8,6.5,0.0,0.0,15.8,0,0,0,0,0,985.8,5.006666666666668,1.1371474944207751
2010-11-02,1044,8.5,4.1,0.0,0.0,13.9,0,0,0,0,0,985.8,-0.293333333333333,1.0590383444917835
2010-11-23,932,6.9,-1.5,0.0,0.0,30.5,0,0,0,0,0,985.8,-1.8933333333333326,0.9454250355041591
2010-11-30,891,8.6,-1.6,3.4,0.0,31.1,0,0,0,0,0,985.8,-0.19333333333333336,0.9038344491783323
2010-11-16,941,8.0,3.1,0.0,0.0,18.8,0,0,0,0,0,985.8,-0.793333333333333,0.9545546764049503
2010-11-17,928,7.6,3.6,0.9,0.0,18.2,0,0,0,0,0,988.75,-1.1933333333333334,0.938558786346397
2010-11-24,947,3.8,-0.5,5.3,0.28,34.5,0,0,0,0,0,988.75,-4.993333333333333,0.9577749683944374
2010-11-10,1108,15.1,7.8,0.0,0.0,17.9,0,0,0,0,0,988.75,6.306666666666667,1.120606826801517
2010-11-03,972,10.9,3.6,0.5,0.0,19.2,0,0,0,0,0,988.75,2.1066666666666674,0.9830594184576485
2010-11-18,940,5.4,2.1,0.0,0.0,17.9,0,0,0,0,0,904.0,-3.3933333333333326,1.0398230088495575
2010-11-11,1045,16.4,9.7,0.1,0.0,18.6,0,0,0,0,0,904.0,7.606666666666666,1.1559734513274336
2010-11-25,668,4.5,-3.5,4.3,0.0,28.3,0,0,0,0,0,904.0,-4.293333333333333,0.7389380530973452
2010-11-04,963,8.2,4.5,4.1,0.0,32.6,0,0,0,0,0,904.0,-0.5933333333333337,1.0652654867256637
2010-11-26,868,0.3,-5.7,0.0,0.0,31.1,0,0,0,0,0,1007.5,-8.493333333333332,0.8615384615384616
2010-11-05,1010,4.3,2.2,1.0,0.0,31.0,0,0,0,0,0,1007.5,-4.493333333333333,1.0024813895781637
2010-11-12,1057,11.4,10.3,0.3,0.0,20.6,0,0,0,0,0,1007.5,2.6066666666666674,1.0491315136476427
2010-11-19,1095,9.3,1.0,0.0,0.0,32.0,0,0,0,0,0,1007.5,0.5066666666666677,1.086848635235732
2010-11-20,953,6.0,3.1,0.0,0.0,20.5,0,0,0,0,0,922.5,-2.793333333333333,1.0330623306233062
2010-11-27,854,0.4,-3.4,0.0,0.0,26.1,0,0,0,0,0,922.5,-8.393333333333333,0.9257452574525745
2010-11-06,936,6.1,1.3,0.1,0.0,19.5,0,0,0,0,0,922.5,-2.6933333333333334,1.0146341463414634
2010-11-13,947,12.1,6.1,0.8,0.0,30.8,0,0,0,0,0,922.5,3.3066666666666666,1.0265582655826557
2010-12-26,612,-1.1,-2.9,1.8,1.61,25.2,0,0,0,0,0,700.0,0.6903225806451612,0.8742857142857143
2010-12-12,670,1.0,-5.7,6.9,4.69,48.5,0,1,0,0,1,700.0,2.790322580645161,0.9571428571428572
2010-12-19,751,-5.9,-12.4,0.0,0.0,17.3,0,0,0,1,0,700.0,-4.109677419354839,1.072857142857143
2010-12-05,767,-1.7,-6.6,0.0,0.0,25.4,0,0,0,0,0,700.0,0.0903225806451613,1.0957142857142856
2010-12-20,841,-3.3,-11.6,3.1,2.17,20.0,0,1,0,0,0,758.0,-1.5096774193548386,1.1094986807387863
2010-12-27,687,-2.7,-9.9,0.0,0.0,22.1,0,0,0,0,0,758.0,-0.9096774193548389,0.9063324538258575
2010-12-06,774,-6.5,-9.2,0.0,0.0,26.8,0,0,0,1,0,758.0,-4.709677419354839,1.0211081794195251
2010-12-13,730,-6.9,-8.7,0.2,0.84,43.4,0,0,0,1,0,758.0,-5.109677419354839,0.9630606860158312
2010-12-14,814,-6.5,-10.0,0.0,0.0,24.2,0,0,0,1,0,832.25,-4.709677419354839,0.9780714929408231
2010-12-28,813,-3.0,-9.9,0.0,0.0,23.6,0,0,0,0,0,832.25,-1.2096774193548387,0.9768699309101833
2010-12-07,887,-6.5,-9.0,0.0,0.0,26.0,0,0,0,1,0,832.25,-4.709677419354839,1.065785521177531
2010-12-21,815,-0.6,-3.4,2.6,2.17,22.4,0,1,0,0,0,832.25,1.1903225806451614,0.9792730549714629
2010-12-22,884,0.3,-5.0,0.0,0.35,25.0,0,0,0,0,0,867.8,2.0903225806451613,1.018667895828532
2010-12-29,797,1.3,-7.7,0.0,0.0,23.1,0,0,0,0,0,867.8,3.0903225806451613,0.9184143811938235
2010-12-01,949,-1.9,-4.4,0.0,0.0,27.8,0,0,0,0,0,867.8,-0.10967741935483866,1.0935699469923945
2010-12-08,803,-4.2,-10.3,0.0,0.0,17.0,0,0,0,0,0,867.8,-2.409677419354839,0.9253284166858724
2010-12-15,906,-6.6,-11.8,0.0,0.0,9.8,0,0,0,1,0,867.8,-4.809677419354839,1.0440193592993778
2010-12-30,852,5.9,1.5,0.6,0.0,33.4,0,0,0,0,0,879.2,7.690322580645161,0.9690627843494085
2010-12-23,856,-1.3,-3.2,0.0,0.0,17.5,0,0,0,0,0,879.2,0.4903225806451612,0.9736123748862602
2010-12-02,974,-0.0,-4.9,0.0,0.0,19.1,0,0,0,0,0,879.2,1.7903225806451613,1.1078252957233847
2010-12-16,860,-2.6,-8.6,1.7,1.4,15.5,0,0,0,0,0,879.2,-0.8096774193548388,0.9781619654231118
2010-12-09,854,-2.3,-7.7,3.0,2.17,28.4,0,1,0,0,0,879.2,-0.5096774193548386,0.9713375796178343
2010-12-24,744,-0.4,-3.5,3.4,2.45,12.7,0,1,0,0,0,875.4,1.3903225806451611,0.8498971898560658
2010-12-10,961,1.8,-2.7,0.3,0.28,26.8,0,0,0,0,0,875.4,3.5903225806451613,1.0977838702307516
2010-12-31,832,8.6,5.2,10.1,0.0,29.3,1,0,0,0,0,875.4,10.390322580645162,0.9504226639250628
2010-12-03,929,-0.8,-3.4,0.0,0.07,14.5,0,0,0,0,0,875.4,0.9903225806451612,1.06122915238748
2010-12-17,911,-5.5,-10.7,0.0,0.07,24.2,0,0,0,1,0,875.4,-3.709677419354839,1.0406671236006397
2010-12-18,801,-6.6,-10.9,0.0,0.0,24.1,0,0,0,1,0,743.5,-4.809677419354839,1.0773369199731002
2010-12-04,858,0.5,-1.4,6.7,4.76,23.1,0,1,0,0,0,743.5,2.290322580645161,1.1540013449899125
2010-12-25,503,-1.1,-2.4,1.9,1.47,23.8,0,0,0,0,0,743.5,0.6903225806451612,0.6765299260255548
2010-12-11,812,3.1,-2.9,13.3,0.0,27.8,1,0,0,0,0,743.5,4.890322580645162,1.0921318090114325
2011-01-30,756,-1.9,-6.7,0.0,0.42,21.2,0,0,0,0,0,759.4,1.303225806451613,0.9955227811430076
2011-01-23,811,-8.7,-13.8,0.3,0.35,18.5,0,0,0,1,0,759.4,-5.4967741935483865,1.067948380300237
2011-01-02,712,-4.4,-10.1,0.0,0.0,28.8,0,0,0,0,0,759.4,-1.1967741935483875,0.9375823018172241
2011-01-09,749,-3.2,-10.1,0.0,0.0,19.3,0,0,0,0,0,759.4,0.003225806451612634,0.9863049776139058
2011-01-16,769,-5.7,-11.0,0.0,0.14,18.5,0,0,0,1,0,759.4,-2.4967741935483874,1.0126415591256255
2011-01-24,844,-1.4,-10.4,0.4,0.56,18.8,0,0,0,0,0,850.2,1.803225806451613,0.9927075982121853
2011-01-17,810,1.4,-9.6,5.8,2.59,25.8,0,1,0,0,0,850.2,4.603225806451613,0.9527170077628793
2011-01-10,918,-2.5,-8.7,0.0,0.14,15.5,0,0,0,0,0,850.2,0.7032258064516128,1.0797459421312632
2011-01-31,794,-6.1,-8.9,0.8,0.63,26.9,0,0,0,1,0,850.2,-2.896774193548387,0.9338979063749705
2011-01-03,885,1.2,-5.1,0.0,0.0,23.0,0,0,0,0,0,850.2,4.403225806451613,1.0409315455187014
2011-01-18,884,1.1,-5.5,3.0,1.4,29.3,0,0,0,0,0,872.75,4.3032258064516125,1.0128902893153824
2011-01-04,846,-2.7,-8.5,0.0,0.0,25.3,0,0,0,0,0,872.75,0.5032258064516126,0.9693497565167574
2011-01-11,847,-3.0,-5.4,4.1,3.36,25.6,0,1,0,0,0,872.75,0.2032258064516128,0.970495560011458
2011-01-25,914,-1.5,-6.3,0.0,0.0,15.4,0,0,0,0,0,872.75,1.7032258064516128,1.0472643941564022
2011-01-19,933,-5.0,-9.0,0.0,0.07,19.5,0,0,0,1,0,914.5,-1.7967741935483872,1.0202296336796064
2011-01-26,919,-3.8,-6.8,0.0,0.0,15.0,0,0,0,0,0,914.5,-0.596774193548387,1.0049207217058502
2011-01-12,910,-3.1,-7.0,0.0,0.14,27.9,0,0,0,0,0,914.5,0.10322580645161272,0.9950792782941498
2011-01-05,896,-1.5,-9.9,0.0,0.14,15.5,0,0,0,0,0,914.5,1.7032258064516128,0.9797703663203936
2011-01-06,889,-2.8,-6.8,0.0,0.07,22.0,0,0,0,0,0,871.5,0.403225806451613,1.0200803212851406
2011-01-20,818,-5.8,-11.6,0.0,0.21,25.5,0,0,0,1,0,871.5,-2.596774193548387,0.9386115892139989
2011-01-13,937,-4.4,-8.7,0.0,0.28,16.6,0,0,0,0,0,871.5,-1.1967741935483875,1.0751577739529548
2011-01-27,842,-3.3,-7.6,1.8,1.33,17.1,0,0,0,0,0,871.5,-0.09677419354838701,0.9661503155479059
2011-01-21,840,-12.7,-19.5,0.0,0.0,25.2,0,0,0,1,0,916.5,-9.496774193548386,0.9165302782324058
2011-01-07,937,-5.9,-8.8,0.0,0.21,24.3,0,0,0,1,0,916.5,-2.6967741935483875,1.022367703218767
2011-01-14,987,-3.6,-8.7,0.0,0.07,15.8,0,0,0,0,0,916.5,-0.3967741935483873,1.0769230769230769
2011-01-28,902,-1.0,-5.4,0.0,0.0,19.4,0,0,0,0,0,916.5,2.203225806451613,0.9841789416257501
2011-01-15,895,-4.1,-6.7,0.3,0.21,21.9,0,0,0,0,0,975.0,-0.8967741935483868,0.9179487179487179
2011-01-29,826,-0.2,-3.0,0.0,0.28,19.6,0,0,0,0,0,975.0,3.0032258064516126,0.8471794871794872
2011-01-22,756,-8.3,-17.1,0.0,0.0,18.3,0,0,0,1,0,975.0,-5.096774193548388,0.7753846153846153
2011-01-01,1561,8.3,-8.7,0.1,0.0,36.8,0,0,0,0,0,975.0,11.503225806451614,1.601025641025641
2011-01-08,837,-4.7,-12.4,0.4,0.42,30.6,0,0,0,0,0,975.0,-1.4967741935483874,0.8584615384615385
2011-02-06,653,-2.4,-11.0,3.1,2.24,16.6,0,1,0,0,0,744.25,-0.27142857142857135,0.8773933490090695
2011-02-20,761,1.4,-6.1,27.3,2.31,22.8,1,1,0,0,0,744.25,3.5285714285714285,1.022505878401075
2011-02-13,780,3.5,-1.5,0.0,0.0,38.0,0,0,0,0,0,744.25,5.628571428571428,1.0480349344978166
2011-02-27,783,0.7,-3.1,4.7,0.14,20.9,0,0,0,0,0,744.25,2.8285714285714283,1.052065838092039
2011-02-07,763,-3.4,-8.4,0.7,0.56,17.0,0,0,0,0,0,802.5,-1.2714285714285714,0.950778816199377
2011-02-14,876,2.9,-5.2,0.0,0.0,39.4,0,0,0,0,0,802.5,5.0285714285714285,1.091588785046729
2011-02-21,705,-0.6,-4.7,6.9,2.1,27.9,0,1,0,0,0,802.5,1.5285714285714285,0.8785046728971962
2011-02-28,866,-0.6,-5.6,6.2,1.12,23.7,0,0,0,0,0,802.5,1.5285714285714285,1.0791277258566978
2011-02-08,718,-7.7,-15.9,0.7,0.77,24.6,0,0,0,1,0,798.25,-5.571428571428571,0.8994675853429377
2011-02-01,700,-6.2,-8.3,14.4,10.29,53.4,1,1,0,1,1,798.25,-4.071428571428571,0.8769182586908864
2011-02-15,920,1.6,-7.7,0.0,0.0,24.7,0,0,0,0,0,798.25,3.7285714285714286,1.1525211399937363
2011-02-22,855,-4.2,-6.7,3.0,2.24,18.4,0,1,0,0,0,798.25,-2.0714285714285716,1.0710930159724397
2011-02-16,935,5.0,1.4,0.2,0.0,23.5,0,0,0,0,0,719.5,7.128571428571428,1.299513551077137
2011-02-02,320,-7.9,-11.9,14.4,10.22,54.5,1,1,0,1,1,719.5,-5.771428571428572,0.44475330090340515
2011-02-23,861,0.6,-9.9,0.9,0.49,18.0,0,0,0,0,0,719.5,2.7285714285714286,1.1966643502432244
2011-02-09,762,-12.6,-18.6,0.0,0.0,21.9,0,0,0,1,0,719.5,-10.471428571428572,1.0590687977762334
2011-02-24,883,0.3,-2.8,0.3,0.21,24.2,0,0,0,0,0,792.0,2.4285714285714284,1.1148989898989898
2011-02-17,980,9.3,5.6,0.2,0.0,30.6,0,0,0,0,0,792.0,11.428571428571429,1.2373737373737375
2011-02-10,781,-12.8,-23.8,0.0,0.0,22.0,0,0,0,1,0,792.0,-10.671428571428573,0.9861111111111112
2011-02-03,524,-12.3,-18.5,0.0,0.0,27.5,0,0,0,1,0,792.0,-10.171428571428573,0.6616161616161617
2011-02-25,910,-1.4,-5.3,2.1,1.61,26.6,0,0,0,0,0,885.75,0.7285714285714286,1.0273779283093423
2011-02-11,891,-4.6,-16.5,0.0,0.28,25.5,0,0,0,0,0,885.75,-2.471428571428571,1.005927180355631
2011-02-18,1072,7.8,0.1,0.1,0.0,30.3,0,0,0,0,0,885.75,9.928571428571429,1.2102737792830933
2011-02-04,670,-8.6,-15.6,0.0,0.0,26.6,0,0,0,1,0,885.75,-6.4714285714285715,0.7564211120519334
2011-02-12,828,1.1,-5.8,0.0,0.0,26.7,0,0,0,0,0,817.75,3.2285714285714286,1.0125343931519413
2011-02-05,705,-6.2,-14.0,0.0,0.0,19.1,0,0,0,1,0,817.75,-4.071428571428571,0.8621216753286457
2011-02-19,882,-0.8,-6.0,0.0,0.0,24.3,0,0,0,0,0,817.75,1.3285714285714285,1.0785692448792419
2011-02-26,856,-1.5,-5.4,3.2,2.59,13.0,0,1,0,0,0,817.75,0.6285714285714286,1.0467746866401713
2011-03-27,845,-1.8,-3.9,0.0,0.0,21.7,0,0,0,0,0,787.75,-5.006451612903225,1.072675341161536
2011-03-13,777,1.4,-3.0,0.0,0.0,18.2,0,0,0,0,0,787.75,-1.8064516129032255,0.9863535385591876
2011-03-06,723,-1.9,-8.5,0.0,0.0,25.9,0,0,0,0,0,787.75,-5.106451612903225,0.9178038717867344
2011-03-20,806,11.0,3.3,9.1,0.0,23.8,0,0,0,0,0,787.75,7.7935483870967746,1.023167248492542
2011-03-21,985,11.3,1.8,1.5,0.0,19.5,0,0,0,0,0,912.25,8.093548387096774,1.0797478761304466
2011-03-07,847,1.0,-6.1,0.0,0.0,10.8,0,0,0,0,0,912.25,-2.2064516129032254,0.9284735543984654
2011-03-14,918,1.4,-3.9,0.0,0.0,15.0,0,0,0,0,0,912.25,-1.8064516129032255,1.0063030967388324
2011-03-28,899,-1.0,-4.3,0.0,0.0,18.9,0,0,0,0,0,912.25,-4.2064516129032254,0.9854754727322554
2011-03-22,916,3.7,1.8,7.9,0.0,32.3,0,0,0,0,0,947.0,0.49354838709677473,0.9672650475184794
2011-03-29,917,1.3,-3.0,0.0,0.0,15.5,0,0,0,0,0,947.0,-1.9064516129032254,0.9683210137275607
2011-03-08,916,3.1,-2.6,0.4,0.0,20.1,0,0,0,0,0,947.0,-0.10645161290322536,0.9672650475184794
2011-03-01,1055,3.8,-9.8,0.0,0.0,23.7,0,0,0,0,0,947.0,0.5935483870967744,1.1140443505807813
2011-03-15,931,1.1,-2.3,0.6,0.0,13.1,0,0,0,0,0,947.0,-2.1064516129032254,0.9831045406546991
2011-03-16,1054,9.7,-1.4,0.0,0.0,21.5,0,0,0,0,0,936.4,6.493548387096774,1.1255873558308416
2011-03-09,931,5.1,0.0,13.6,0.07,21.0,1,0,0,0,0,936.4,1.8935483870967742,0.9942332336608287
2011-03-23,936,3.2,-2.5,3.6,0.35,28.9,0,0,0,0,0,936.4,-0.006451612903225268,0.9995728321230244
2011-03-30,939,2.0,-1.5,0.0,0.0,15.0,0,0,0,0,0,936.4,-1.2064516129032254,1.0027765912003417
2011-03-02,822,-0.4,-7.4,0.0,0.0,20.7,0,0,0,0,0,936.4,-3.6064516129032254,0.8778299871849637
2011-03-10,946,1.5,-1.5,0.4,0.7,24.0,0,0,0,0,0,961.8,-1.7064516129032254,0.9835724682886255
2011-03-17,1077,13.6,5.3,0.6,0.0,31.8,0,0,0,0,0,961.8,10.393548387096775,1.119775421085465
2011-03-24,893,-1.7,-4.1,0.2,0.28,30.7,0,0,0,0,0,961.8,-4.906451612903226,0.9284674568517364
2011-03-31,960,2.6,-3.1,0.0,0.0,13.3,0,0,0,0,0,961.8,-0.6064516129032254,0.9981285090455396
2011-03-03,933,3.2,-8.4,0.0,0.0,22.7,0,0,0,0,0,961.8,-0.006451612903225268,0.9700561447286339
2011-03-18,1104,9.2,2.1,0.0,0.0,21.1,0,0,0,0,0,1036.0,5.993548387096774,1.0656370656370657
2011-03-04,941,9.4,0.2,8.7,0.0,25.5,0,0,0,0,0,1036.0,6.193548387096775,0.9083011583011583
2011-03-11,1077,3.7,-4.1,0.0,0.0,19.9,0,0,0,0,0,1036.0,0.49354838709677473,1.0395752895752897
2011-03-25,1022,-1.2,-4.2,0.0,0.0,19.3,0,0,0,0,0,1036.0,-4.406451612903226,0.9864864864864865
2011-03-05,783,0.2,-4.9,7.8,1.19,35.7,0,0,0,0,0,883.0,-3.0064516129032253,0.8867497168742922
2011-03-12,959,4.0,-1.3,0.2,0.0,31.0,0,0,0,0,0,883.0,0.7935483870967746,1.086070215175538
2011-03-19,928,3.3,-1.9,0.0,0.0,16.0,0,0,0,0,0,883.0,0.09354838709677438,1.0509626274065684
2011-03-26,862,-2.4,-4.5,0.0,0.0,25.9,0,0,0,0,0,883.0,-5.606451612903225,0.9762174405436014
2011-04-10,1113,21.0,12.8,0.4,0.0,35.9,0,0,0,0,0,955.25,11.026666666666667,1.1651400157026957
2011-04-03,947,15.5,1.9,3.5,0.0,32.9,0,0,0,0,0,955.25,5.526666666666667,0.991363517403821
2011-04-24,848,8.5,5.8,0.7,0.0,15.5,0,0,0,0,0,955.25,-1.4733333333333327,0.8877257262496728
2011-04-17,913,9.4,1.6,0.0,0.0,28.4,0,0,0,0,0,955.25,-0.5733333333333324,0.9557707406438105
2011-04-11,1007,15.5,6.3,0.0,0.0,31.7,0,0,0,0,0,968.5,5.526666666666667,1.0397521941146102
2011-04-18,905,5.6,0.6,12.2,6.51,24.4,1,1,0,0,0,968.5,-4.373333333333333,0.9344346928239545
2011-04-25,931,9.4,5.4,11.7,0.0,27.4,1,0,0,0,0,968.5,-0.5733333333333324,0.9612803304078472
2011-04-04,1031,14.2,4.2,1.6,0.0,31.9,0,0,0,0,0,968.5,4.226666666666667,1.064532782653588
2011-04-05,992,6.6,0.8,0.0,0.0,20.3,0,0,0,0,0,922.0,-3.373333333333333,1.0759219088937093
2011-04-12,969,6.7,3.1,0.0,0.0,25.9,0,0,0,0,0,922.0,-3.2733333333333325,1.0509761388286334
2011-04-26,947,15.8,8.0,19.9,0.0,35.6,1,0,0,0,0,922.0,5.826666666666668,1.027114967462039
2011-04-19,780,3.5,2.0,18.9,0.0,35.2,1,0,0,0,0,922.0,-6.473333333333333,0.8459869848156182
2011-04-20,880,6.6,1.7,0.7,0.0,27.2,0,0,0,0,0,982.75,-3.373333333333333,0.8954464512846604
2011-04-06,1029,9.6,3.3,0.0,0.0,24.6,0,0,0,0,0,982.75,-0.3733333333333331,1.0470618163317222
2011-04-13,1034,10.4,2.3,0.0,0.0,12.5,0,0,0,0,0,982.75,0.42666666666666764,1.052149580259476
2011-04-27,988,10.8,6.7,13.9,0.0,16.9,1,0,0,0,0,982.75,0.826666666666668,1.0053421521241415
2011-04-21,892,6.9,2.1,0.5,0.0,20.3,0,0,0,0,0,963.25,-3.0733333333333324,0.926031663638723
2011-04-14,1028,8.1,4.0,0.2,0.0,29.7,0,0,0,0,0,963.25,-1.873333333333333,1.0672203477809499
2011-04-07,970,5.9,1.5,2.3,0.0,21.0,0,0,0,0,0,963.25,-4.073333333333332,1.0070075266026473
2011-04-28,963,7.8,5.2,0.7,0.0,29.9,0,0,0,0,0,963.25,-2.173333333333333,0.9997404619776797
2011-04-29,979,11.1,3.8,0.0,0.0,16.8,0,0,0,0,0,1000.8,1.126666666666667,0.9782174260591527
2011-04-01,1080,4.5,-2.5,3.2,0.0,16.2,0,0,0,0,0,1000.8,-5.473333333333333,1.079136690647482
2011-04-15,1023,8.8,4.0,13.0,0.0,38.2,1,0,0,0,0,1000.8,-1.173333333333332,1.0221822541966428
2011-04-22,894,10.8,4.1,32.1,0.0,27.1,1,0,0,0,0,1000.8,0.826666666666668,0.8932853717026379
2011-04-08,1028,5.9,3.5,13.7,0.0,24.1,1,0,0,0,0,1000.8,-4.073333333333332,1.0271782573940849
2011-04-23,988,14.8,6.8,0.5,0.0,25.6,0,0,0,0,0,988.6,4.826666666666668,0.999393081124823
2011-04-02,1106,5.9,0.3,0.5,0.0,20.6,0,0,0,0,0,988.6,-4.073333333333332,1.1187537932429699
2011-04-16,924,10.0,2.9,8.7,0.0,29.6,0,0,0,0,0,988.6,0.026666666666667282,0.9346550677726078
2011-04-30,977,17.2,8.6,0.4,0.0,33.1,0,0,0,0,0,988.6,7.226666666666667,0.988266235079911
2011-04-09,948,12.4,4.2,0.0,0.0,21.8,0,0,0,0,0,988.6,2.4266666666666676,0.9589318227796885
2011-05-22,1015,25.3,16.9,0.4,0.0,30.2,0,0,0,0,0,981.6,8.922580645161286,1.0340260798696006
2011-05-01,1150,15.1,9.6,1.4,0.0,28.1,0,0,0,0,0,981.6,-1.277419354838715,1.171556642216789
2011-05-29,883,19.1,15.0,1.5,0.0,18.7,0,0,0,0,0,981.6,2.722580645161287,0.8995517522412387
2011-05-15,918,8.6,6.7,11.3,0.0,36.4,1,0,0,0,0,981.6,-7.777419354838715,0.9352078239608802
2011-05-08,942,13.0,6.9,0.2,0.0,17.6,0,0,0,0,0,981.6,-3.3774193548387146,0.9596577017114915
2011-05-09,1057,18.3,11.1,0.1,0.0,27.9,0,0,0,0,0,1010.0,1.9225806451612861,1.0465346534653466
2011-05-02,966,11.4,6.6,0.0,0.0,20.9,0,0,0,0,0,1010.0,-4.977419354838714,0.9564356435643564
2011-05-16,969,7.2,5.5,0.0,0.0,31.1,0,0,0,0,0,1010.0,-9.177419354838715,0.9594059405940594
2011-05-23,1053,23.3,16.5,7.4,0.0,26.7,0,0,0,0,0,1010.0,6.922580645161286,1.0425742574257426
2011-05-30,1005,27.3,18.4,0.0,0.0,26.4,0,0,0,0,0,1010.0,10.922580645161286,0.995049504950495
2011-05-24,1038,18.4,9.4,0.0,0.0,24.7,0,0,0,0,0,1047.6,2.022580645161284,0.9908361970217641
2011-05-17,1040,10.0,6.0,0.0,0.0,25.0,0,0,0,0,0,1047.6,-6.377419354838715,0.9927453226422299
2011-05-10,1076,22.4,13.4,8.3,0.0,27.4,0,0,0,0,0,1047.6,6.022580645161284,1.0271095838106148
2011-05-03,993,6.5,3.9,0.0,0.0,20.2,0,0,0,0,0,1047.6,-9.877419354838715,0.947880870561283
2011-05-31,1091,26.0,19.6,21.8,0.0,29.2,1,0,0,0,0,1047.6,9.622580645161285,1.0414280259641084
2011-05-18,955,11.3,7.9,0.7,0.0,15.2,0,0,0,0,0,1016.75,-5.077419354838714,0.93926727317433
2011-05-25,976,21.5,10.3,12.5,0.0,31.8,1,0,0,0,0,1016.75,5.122580645161285,0.9599213179247603
2011-05-04,1025,9.3,3.4,0.0,0.0,13.9,0,0,0,0,0,1016.75,-7.077419354838714,1.0081140890090976
2011-05-11,1111,24.1,17.9,13.8,0.0,16.1,1,0,0,0,0,1016.75,7.722580645161287,1.0926973198918122
2011-05-26,949,11.1,8.9,12.4,0.0,39.3,1,0,0,0,0,1033.0,-5.277419354838715,0.9186834462729913
2011-05-19,1060,14.4,9.7,0.0,0.0,12.4,0,0,0,0,0,1033.0,-1.9774193548387142,1.026137463697967
2011-05-12,1045,25.5,16.5,1.2,0.0,15.0,0,0,0,0,0,1033.0,9.122580645161285,1.0116166505324298
2011-05-05,1078,13.6,4.9,1.0,0.0,24.5,0,0,0,0,0,1033.0,-2.777419354838715,1.0435624394966119
2011-05-06,1063,16.9,7.3,0.0,0.0,20.3,0,0,0,0,0,1096.25,0.522580645161284,0.9696693272519954
2011-05-27,1032,11.5,8.4,0.4,0.0,23.7,0,0,0,0,0,1096.25,-4.877419354838715,0.9413911060433295
2011-05-20,1116,15.6,10.2,0.0,0.0,14.1,0,0,0,0,0,1096.25,-0.7774193548387149,1.0180159635119725
2011-05-13,1174,19.3,8.5,4.9,0.0,28.1,0,0,0,0,0,1096.25,2.922580645161286,1.0709236031927023
2011-05-14,929,9.6,7.8,3.4,0.0,30.7,0,0,0,0,0,954.0,-6.777419354838715,0.9737945492662474
2011-05-07,973,13.3,8.2,6.2,0.0,17.4,0,0,0,0,0,954.0,-3.077419354838714,1.019916142557652
2011-05-28,948,18.1,12.2,7.2,0.0,23.5,0,0,0,0,0,954.0,1.7225806451612868,0.9937106918238994
2011-05-21,966,20.7,13.7,2.3,0.0,17.7,0,0,0,0,0,954.0,4.322580645161285,1.0125786163522013
2011-06-26,1097,24.1,19.2,0.0,0.0,17.1,0,0,0,0,0,1046.0,0.3866666666666738,1.0487571701720841
2011-06-05,1032,22.9,19.4,0.0,0.0,14.9,0,0,0,0,0,1046.0,-0.813333333333329,0.9866156787762906
2011-06-19,1049,25.2,21.0,1.4,0.0,12.8,0,0,0,0,0,1046.0,1.4866666666666717,1.002868068833652
2011-06-12,1006,14.8,13.5,0.0,0.0,21.3,0,0,0,0,0,1046.0,-8.913333333333327,0.9617590822179732
2011-06-13,1054,18.4,13.6,0.0,0.0,15.0,0,0,0,0,0,1058.0,-5.313333333333329,0.996219281663516
2011-06-06,1071,29.1,19.5,0.0,0.0,22.3,0,0,0,0,0,1058.0,5.386666666666674,1.0122873345935728
2011-06-27,1000,25.6,19.6,20.9,0.0,24.5,1,0,0,0,0,1058.0,1.8866666666666738,0.945179584120983
2011-06-20,1107,24.2,21.2,5.2,0.0,18.9,0,0,0,0,0,1058.0,0.4866666666666717,1.0463137996219283
2011-06-07,1097,31.1,22.7,0.0,0.0,22.7,0,0,1,0,0,1086.0,7.386666666666674,1.0101289134438305
2011-06-14,1101,21.5,15.3,0.0,0.0,20.3,0,0,0,0,0,1086.0,-2.2133333333333276,1.0138121546961325
2011-06-21,1067,27.4,22.3,8.9,0.0,26.3,0,0,0,0,0,1086.0,3.686666666666671,0.9825046040515654
2011-06-28,1079,25.0,18.3,0.0,0.0,20.8,0,0,0,0,0,1086.0,1.2866666666666724,0.9935543278084714
2011-06-29,1107,22.9,17.5,0.0,0.0,17.4,0,0,0,0,0,1111.2,-0.813333333333329,0.9962203023758099
2011-06-15,1107,20.1,15.7,17.3,0.0,32.0,1,0,0,0,0,1111.2,-3.613333333333326,0.9962203023758099
2011-06-22,1039,21.9,18.4,3.1,0.0,32.2,0,0,0,0,0,1111.2,-1.813333333333329,0.9350251979841613
2011-06-08,1082,30.4,24.6,1.1,0.0,28.6,0,0,1,0,0,1111.2,6.686666666666671,0.9737221022318214
2011-06-01,1221,23.8,16.8,0.0,0.0,26.2,0,0,0,0,0,1111.2,0.08666666666667311,1.0988120950323974
2011-06-16,1029,23.9,16.5,0.0,0.0,14.8,0,0,0,0,0,1049.8,0.18666666666667098,0.9801867022289961
2011-06-23,1046,20.3,16.9,3.8,0.0,24.3,0,0,0,0,0,1049.8,-3.413333333333327,0.9963802629072205
2011-06-02,1178,18.3,13.5,0.0,0.0,26.5,0,0,0,0,0,1049.8,-5.413333333333327,1.122118498761669
2011-06-09,962,23.9,12.7,15.2,0.0,28.7,1,0,0,0,0,1049.8,0.18666666666667098,0.9163650219089351
2011-06-30,1034,27.2,19.0,4.1,0.0,22.5,0,0,0,0,0,1049.8,3.4866666666666717,0.9849495141931797
2011-06-17,1175,25.5,18.9,4.3,0.0,18.2,0,0,0,0,0,1116.25,1.7866666666666724,1.0526315789473684
2011-06-10,1148,23.6,13.8,7.0,0.0,20.3,0,0,0,0,0,1116.25,-0.11333333333332618,1.0284434490481522
2011-06-24,1029,19.7,16.2,0.1,0.0,23.2,0,0,0,0,0,1116.25,-4.013333333333328,0.9218365061590146
2011-06-03,1113,25.4,18.1,1.2,0.0,23.8,0,0,0,0,0,1116.25,1.686666666666671,0.9970884658454647
2011-06-18,1058,24.3,20.7,1.2,0.0,16.9,0,0,0,0,0,1073.0,0.5866666666666731,0.9860205032618826
2011-06-11,1020,19.1,14.2,15.1,0.0,16.8,1,0,0,0,0,1073.0,-4.613333333333326,0.9506057781919851
2011-06-04,1101,28.4,20.9,9.6,0.0,22.0,0,0,0,0,0,1073.0,4.686666666666671,1.0260950605778192
2011-06-25,1113,23.4,16.7,0.0,0.0,13.6,0,0,0,0,0,1073.0,-0.313333333333329,1.037278657968313
2011-07-31,1049,31.3,22.8,0.0,0.0,11.3,0,0,1,0,0,1031.2,2.8258064516129053,1.0172614429790534
2011-07-17,1042,31.9,23.4,0.1,0.0,13.9,0,0,1,0,0,1031.2,3.425806451612903,1.0104732350659424
2011-07-03,983,24.4,22.0,0.0,0.0,15.6,0,0,0,0,0,1031.2,-4.074193548387097,0.9532583397982932
2011-07-10,1081,30.1,23.4,0.5,0.0,16.2,0,0,1,0,0,1031.2,1.625806451612906,1.0482932505818463
2011-07-24,1001,28.4,25.6,7.9,0.0,14.5,0,0,0,0,0,1031.2,-0.0741935483870968,0.9707137315748642
2011-07-25,1062,27.1,23.9,3.6,0.0,18.4,0,0,0,0,0,1058.5,-1.374193548387094,1.0033065658951346
2011-07-18,1051,31.6,26.3,0.3,0.0,23.7,0,0,1,0,0,1058.5,3.125806451612906,0.992914501653283
2011-07-04,1031,27.1,21.1,0.0,0.0,10.1,0,0,0,0,0,1058.5,-1.374193548387094,0.9740198393953708
2011-07-11,1090,30.8,23.6,13.9,0.0,18.8,1,0,1,0,0,1058.5,2.3258064516129053,1.0297590930562117
2011-07-12,1089,26.6,23.4,0.0,0.0,17.3,0,0,0,0,0,1085.75,-1.874193548387094,1.0029933225880727
2011-07-05,1146,29.2,20.7,0.1,0.0,11.6,0,0,0,0,0,1085.75,0.7258064516129039,1.055491595671195
2011-07-19,1069,27.8,25.8,0.1,0.0,16.9,0,0,0,0,0,1085.75,-0.6741935483870947,0.9845728758922404
2011-07-26,1039,26.2,22.7,0.0,0.0,19.4,0,0,0,0,0,1085.75,-2.274193548387096,0.9569422058484919
2011-07-27,1094,29.8,22.1,1.0,0.0,20.4,0,0,0,0,0,1079.5,1.3258064516129053,1.0134321445113479
2011-07-13,1118,23.2,19.0,0.6,0.0,22.0,0,0,0,0,0,1079.5,-5.274193548387096,1.0356646595646133
2011-07-06,1087,25.3,22.8,0.5,0.0,19.9,0,0,0,0,0,1079.5,-3.1741935483870947,1.0069476609541455
2011-07-20,1019,34.8,25.5,0.0,0.0,21.6,0,0,1,0,0,1079.5,6.325806451612902,0.9439555349698935
2011-07-14,1070,23.9,19.3,0.0,0.0,17.5,0,0,0,0,0,1061.0,-4.574193548387097,1.0084825636192272
2011-07-07,1073,24.5,21.2,0.0,0.0,14.5,0,0,0,0,0,1061.0,-3.9741935483870954,1.0113100848256362
2011-07-28,1090,30.9,25.7,2.2,0.0,22.4,0,0,1,0,0,1061.0,2.425806451612903,1.0273327049952874
2011-07-21,1011,33.5,27.4,0.2,0.0,21.9,0,0,1,0,0,1061.0,5.025806451612905,0.9528746465598492
2011-07-15,1189,26.8,20.9,0.0,0.0,16.7,0,0,0,0,0,1109.4,-1.6741935483870947,1.0717504957634756
2011-07-01,1133,25.3,21.0,18.7,0.0,30.3,1,0,0,0,0,1109.4,-3.1741935483870947,1.0212727600504776
2011-07-08,1030,25.6,20.4,0.0,0.0,12.0,0,0,0,0,0,1109.4,-2.874193548387094,0.9284297818640705
2011-07-29,1067,26.9,24.0,18.2,0.0,19.4,1,0,0,0,0,1109.4,-1.5741935483870968,0.9617811429601586
2011-07-22,1128,31.3,26.0,7.3,0.0,18.4,0,0,1,0,0,1109.4,2.8258064516129053,1.0167658193618172
2011-07-09,1073,29.5,20.9,0.0,0.0,14.5,0,0,0,0,0,1084.2,1.0258064516129046,0.9896698026194428
2011-07-30,1076,29.4,23.2,0.0,0.0,11.0,0,0,0,0,0,1084.2,0.9258064516129032,0.9924368197749492
2011-07-02,1131,30.0,22.6,6.0,0.0,21.1,0,0,1,0,0,1084.2,1.5258064516129046,1.0431654676258992
2011-07-23,1038,30.7,24.9,9.5,0.0,12.4,0,0,1,0,0,1084.2,2.225806451612904,0.957387935805202
2011-07-16,1103,28.8,22.9,0.0,0.0,11.8,0,0,0,0,0,1084.2,0.32580645161290533,1.0173399741745066
2011-08-28,1010,21.1,19.0,0.0,0.0,21.1,0,0,0,0,0,979.5,-4.803225806451614,1.0311383358856558
2011-08-21,1007,25.1,20.3,0.0,0.0,15.9,0,0,0,0,0,979.5,-0.8032258064516142,1.028075548749362
2011-08-07,929,28.7,23.6,1.7,0.0,16.6,0,0,0,0,0,979.5,2.7967741935483836,0.9484430832057172
2011-08-14,972,21.6,18.7,2.4,0.0,30.7,0,0,0,0,0,979.5,-4.303225806451614,0.9923430321592649
2011-08-29,1034,23.6,17.9,0.0,0.0,9.6,0,0,0,0,0,1050.4,-2.3032258064516142,0.9843869002284843
2011-08-15,1035,24.3,17.4,0.0,0.0,13.0,0,0,0,0,0,1050.4,-1.603225806451615,0.9853389185072352
2011-08-08,924,25.4,22.1,19.3,0.0,13.3,1,0,0,0,0,1050.4,-0.5032258064516171,0.8796648895658796
2011-08-01,1238,30.4,24.7,0.0,0.0,11.4,0,0,1,0,0,1050.4,4.496774193548383,1.1785986290936785
2011-08-22,1021,25.4,18.7,0.0,0.0,10.7,0,0,0,0,0,1050.4,-0.5032258064516171,0.9720106626047219
2011-08-23,990,25.7,19.9,16.7,0.0,32.1,1,0,0,0,0,1001.6,-0.20322580645161636,0.9884185303514377
2011-08-02,1022,32.8,25.4,19.7,0.0,22.0,1,0,1,0,0,1001.6,6.8967741935483815,1.020367412140575
2011-08-30,1045,24.5,18.8,0.5,0.0,16.7,0,0,0,0,0,1001.6,-1.4032258064516157,1.0433306709265175
2011-08-09,997,25.9,20.3,11.6,0.0,27.9,1,0,0,0,0,1001.6,-0.003225806451617075,0.9954073482428115
2011-08-16,954,25.7,18.4,0.0,0.0,11.9,0,0,0,0,0,1001.6,-0.20322580645161636,0.9524760383386581
2011-08-10,1017,22.8,18.5,0.0,0.0,19.9,0,0,0,0,0,1057.0,-3.103225806451615,0.9621570482497634
2011-08-17,1032,27.6,19.7,0.0,0.0,12.2,0,0,0,0,0,1057.0,1.6967741935483858,0.9763481551561022
2011-08-03,1126,25.6,23.5,15.6,0.0,19.2,1,0,0,0,0,1057.0,-0.30322580645161423,1.065279091769158
2011-08-24,1032,30.4,20.0,2.9,0.0,27.0,0,0,1,0,0,1057.0,4.496774193548383,0.9763481551561022
2011-08-31,1078,27.9,18.9,5.5,0.0,21.6,0,0,0,0,0,1057.0,1.996774193548383,1.0198675496688743
2011-08-11,1053,25.3,18.0,0.0,0.0,9.0,0,0,0,0,0,1090.5,-0.6032258064516149,0.9656121045392022
2011-08-25,1091,23.7,20.3,0.0,0.0,20.5,0,0,0,0,0,1090.5,-2.2032258064516164,1.0004585052728105
2011-08-04,1146,25.3,21.6,0.0,0.0,14.8,0,0,0,0,0,1090.5,-0.6032258064516149,1.0508940852819808
2011-08-18,1072,26.2,21.7,0.0,0.0,11.5,0,0,0,0,0,1090.5,0.29677419354838364,0.9830353049060064
2011-08-19,1169,27.2,20.4,0.0,0.0,10.2,0,0,0,0,0,1123.75,1.2967741935483836,1.0402669632925472
2011-08-26,1050,25.1,18.9,0.0,0.0,9.4,0,0,0,0,0,1123.75,-0.8032258064516142,0.9343715239154616
2011-08-12,1130,26.5,18.4,0.0,0.0,18.8,0,0,0,0,0,1123.75,0.5967741935483843,1.0055617352614015
2011-08-05,1146,26.4,22.7,0.6,0.0,12.5,0,0,0,0,0,1123.75,0.4967741935483829,1.0197997775305896
2011-08-27,1050,24.6,20.9,1.0,0.0,25.4,0,0,0,0,0,1069.75,-1.3032258064516142,0.9815377424631924
2011-08-06,1107,26.5,23.2,9.2,0.0,8.4,0,0,0,0,0,1069.75,0.5967741935483843,1.0348212199111941
2011-08-13,1039,26.1,18.9,9.3,0.0,17.8,0,0,0,0,0,1069.75,0.19677419354838577,0.971254966113578
2011-08-20,1083,25.6,21.2,4.6,0.0,12.4,0,0,0,0,0,1069.75,-0.30322580645161423,1.0123860715120354
2011-09-25,910,16.5,12.6,6.7,0.0,18.8,0,0,0,0,0,941.0,-2.956666666666667,0.9670563230605739
2011-09-04,971,23.1,17.7,5.1,0.0,27.4,0,0,0,0,0,941.0,3.6433333333333344,1.0318809776833155
2011-09-18,918,17.3,13.8,14.8,0.0,24.7,1,0,0,0,0,941.0,-2.1566666666666663,0.975557917109458
2011-09-11,965,25.6,17.6,0.0,0.0,13.4,0,0,0,0,0,941.0,6.143333333333334,1.0255047821466525
2011-09-26,942,15.7,12.8,29.2,0.0,27.1,1,0,0,0,0,980.25,-3.7566666666666677,0.9609793420045907
2011-09-05,935,17.0,14.8,3.3,0.0,31.9,0,0,0,0,0,980.25,-2.456666666666667,0.9538383065544503
2011-09-12,1055,27.0,19.6,0.0,0.0,28.8,0,0,0,0,0,980.25,7.543333333333333,1.0762560571282835
2011-09-19,989,19.0,15.5,10.8,0.0,20.2,1,0,0,0,0,980.25,-0.456666666666667,1.0089262943126753
2011-09-13,1029,23.3,17.4,0.0,0.0,29.0,0,0,0,0,0,971.75,3.8433333333333337,1.0589143298173398
2011-09-27,948,14.7,12.5,10.3,0.0,27.5,1,0,0,0,0,971.75,-4.756666666666668,0.9755595574993569
2011-09-06,942,16.8,13.7,0.0,0.0,25.6,0,0,0,0,0,971.75,-2.6566666666666663,0.969385129920247
2011-09-20,968,21.2,13.8,0.0,0.0,19.5,0,0,0,0,0,971.75,1.7433333333333323,0.9961409827630563
2011-09-21,978,19.8,15.3,0.0,0.0,27.3,0,0,0,0,0,972.5,0.3433333333333337,1.005655526992288
2011-09-14,983,18.1,13.4,1.8,0.0,23.7,0,0,0,0,0,972.5,-1.3566666666666656,1.010796915167095
2011-09-28,937,15.6,12.6,4.0,0.0,17.7,0,0,0,0,0,972.5,-3.8566666666666674,0.9634961439588688
2011-09-07,992,17.6,14.0,0.0,0.0,26.9,0,0,0,0,0,972.5,-1.8566666666666656,1.020051413881748
2011-09-15,963,13.1,9.8,0.0,0.0,25.0,0,0,0,0,0,1040.0,-6.356666666666667,0.9259615384615385
2011-09-08,934,19.2,16.4,0.7,0.0,28.9,0,0,0,0,0,1040.0,-0.2566666666666677,0.8980769230769231
2011-09-29,987,17.2,12.1,4.7,0.0,41.4,0,0,0,0,0,1040.0,-2.2566666666666677,0.9490384615384615
2011-09-01,1186,31.5,23.0,0.8,0.0,22.4,0,0,1,0,0,1040.0,12.043333333333333,1.1403846153846153
2011-09-22,1130,16.4,12.4,0.2,0.0,14.1,0,0,0,0,0,1040.0,-3.0566666666666684,1.0865384615384615
2011-09-02,1090,30.7,26.3,0.0,0.0,25.3,0,0,1,0,0,1053.4,11.243333333333332,1.0347446364154167
2011-09-16,1064,14.1,10.6,0.1,0.0,12.3,0,0,0,0,0,1053.4,-5.356666666666667,1.0100626542623883
2011-09-30,1023,13.3,9.7,2.6,0.0,44.3,0,0,0,0,0,1053.4,-6.156666666666666,0.9711410670210745
2011-09-23,1014,14.3,11.2,0.9,0.0,12.2,0,0,0,0,0,1053.4,-5.156666666666666,0.9625973039681032
2011-09-09,1076,20.2,16.9,5.1,0.0,17.8,0,0,0,0,0,1053.4,0.7433333333333323,1.0214543383330168
2011-09-03,997,29.7,22.9,12.6,0.0,15.8,1,0,0,0,0,1004.25,10.243333333333332,0.9927806821010704
2011-09-17,979,18.8,13.0,0.0,0.0,25.8,0,0,0,0,0,1004.25,-0.6566666666666663,0.974856858352004
2011-09-10,1092,22.1,17.9,0.6,0.0,8.0,0,0,0,0,0,1004.25,2.6433333333333344,1.087378640776699
2011-09-24,949,14.8,10.4,8.7,0.0,12.7,0,0,0,0,0,1004.25,-4.656666666666666,0.9449838187702265
2011-10-30,954,12.1,5.0,3.1,0.0,32.7,0,0,0,0,0,963.8,-3.5225806451612947,0.9898319153351318
2011-10-02,927,15.6,8.8,0.0,0.0,13.9,0,0,0,0,0,963.8,-0.022580645161294655,0.9618178045237602
2011-10-09,1003,21.8,14.8,0.0,0.0,15.4,0,0,0,0,0,963.8,6.177419354838706,1.040672338659473
2011-10-23,1042,16.5,7.4,1.6,0.0,26.9,0,0,0,0,0,963.8,0.8774193548387057,1.0811371653870099
2011-10-16,893,14.4,9.8,3.7,0.0,25.2,0,0,0,0,0,963.8,-1.222580645161294,0.9265407760946255
2011-10-31,1036,9.9,4.2,0.0,0.0,16.0,0,0,0,0,0,962.6,-5.722580645161294,1.0762518179929357
2011-10-24,1023,14.8,8.8,5.0,0.0,21.1,0,0,0,0,0,962.6,-0.8225806451612936,1.0627467276127156
2011-10-10,896,21.8,15.5,0.0,0.0,14.3,0,0,0,0,0,962.6,6.177419354838706,0.9308123831290256
2011-10-03,940,17.1,11.9,0.0,0.0,15.4,0,0,0,0,0,962.6,1.4774193548387071,0.9765219198005402
2011-10-17,918,13.3,7.4,0.0,0.0,25.6,0,0,0,0,0,962.6,-2.3225806451612936,0.9536671514647829
2011-10-04,970,18.5,10.9,0.0,0.0,9.5,0,0,0,0,0,994.0,2.8774193548387057,0.9758551307847082
2011-10-18,919,11.0,7.1,2.2,0.0,24.7,0,0,0,0,0,994.0,-4.622580645161294,0.9245472837022133
2011-10-11,1026,21.8,15.9,0.0,0.0,15.6,0,0,0,0,0,994.0,6.177419354838706,1.0321931589537223
2011-10-25,1061,18.1,10.3,0.8,0.0,26.1,0,0,0,0,0,994.0,2.477419354838707,1.067404426559356
2011-10-05,966,22.0,12.5,0.0,0.0,13.4,0,0,0,0,0,972.0,6.377419354838706,0.9938271604938271
2011-10-12,1066,21.3,15.9,0.0,0.0,19.1,0,0,0,0,0,972.0,5.677419354838706,1.0967078189300412
2011-10-26,977,14.8,8.7,0.3,0.0,25.2,0,0,0,0,0,972.0,-0.8225806451612936,1.0051440329218106
2011-10-19,879,9.1,8.2,23.9,0.0,44.0,1,0,0,0,0,972.0,-6.522580645161295,0.904320987654321
2011-10-20,888,8.6,6.6,16.2,0.0,44.8,1,0,0,0,0,910.75,-7.022580645161295,0.975020587427944
2011-10-06,971,22.5,14.0,0.0,0.0,17.4,0,0,0,0,0,910.75,6.877419354838706,1.0661542684600605
2011-10-13,828,17.6,14.0,11.3,0.0,27.8,1,0,0,0,0,910.75,1.9774193548387071,0.909140818007137
2011-10-27,956,8.7,5.5,3.8,0.0,19.1,0,0,0,0,0,910.75,-6.922580645161295,1.0496843261048587
2011-10-14,1022,14.5,11.3,0.0,0.0,35.2,0,0,0,0,0,1033.25,-1.1225806451612943,0.9891120251633196
2011-10-07,1055,23.5,16.3,0.0,0.0,22.5,0,0,0,0,0,1033.25,7.877419354838706,1.0210500846842487
2011-10-21,1010,10.3,5.4,0.0,0.0,18.5,0,0,0,0,0,1033.25,-5.322580645161294,0.9774981853375272
2011-10-28,1046,10.7,4.4,0.1,0.0,17.8,0,0,0,0,0,1033.25,-4.922580645161295,1.0123397048149043
2011-10-29,948,10.2,4.6,0.0,0.0,18.1,0,0,0,0,0,1001.6,-5.422580645161295,0.9464856230031948
2011-10-01,1073,11.4,9.6,0.1,0.0,29.2,0,0,0,0,0,1001.6,-4.222580645161294,1.0712859424920127
2011-10-08,1015,23.4,16.3,0.0,0.0,19.8,0,0,0,0,0,1001.6,7.777419354838704,1.0133785942492013
2011-10-15,962,14.2,9.5,0.0,0.0,32.8,0,0,0,0,0,1001.6,-1.422580645161295,0.9604632587859425
2011-10-22,1010,14.8,5.6,0.0,0.0,12.7,0,0,0,0,0,1001.6,-0.8225806451612936,1.0083865814696484
2011-11-20,918,12.3,4.6,0.0,0.0,28.5,0,0,0,0,0,904.75,2.709999999999999,1.0146449295385465
2011-11-06,941,13.6,7.9,0.5,0.0,33.2,0,0,0,0,0,904.75,4.009999999999998,1.0400663166620614
2011-11-13,934,16.8,11.0,0.0,0.0,44.6,0,0,0,0,0,904.75,7.209999999999999,1.0323293727549048
2011-11-27,826,9.0,3.3,11.0,0.0,26.6,1,0,0,0,0,904.75,-0.5900000000000016,0.9129593810444874
2011-11-28,898,4.2,2.5,0.0,0.0,27.2,0,0,0,0,0,915.75,-5.3900000000000015,0.9806169806169807
2011-11-07,870,11.6,10.0,0.0,0.0,22.5,0,0,0,0,0,915.75,2.009999999999998,0.95004095004095
2011-11-21,932,5.9,3.7,0.0,0.0,17.7,0,0,0,0,0,915.75,-3.6900000000000013,1.0177450177450178
2011-11-14,963,10.4,5.5,2.1,0.0,19.2,0,0,0,0,0,915.75,0.8099999999999987,1.0515970515970516
2011-11-01,1205,14.5,5.3,0.0,0.0,26.7,0,0,0,0,0,976.0,4.909999999999998,1.2346311475409837
2011-11-29,892,5.5,2.5,0.0,0.0,46.8,0,0,0,0,1,976.0,-4.090000000000002,0.9139344262295082
2011-11-22,853,5.8,4.1,4.9,0.0,25.6,0,0,0,0,0,976.0,-3.790000000000002,0.8739754098360656
2011-11-15,1059,13.8,3.8,0.0,0.0,21.6,0,0,0,0,0,976.0,4.209999999999999,1.0850409836065573
2011-11-08,871,12.0,8.9,28.2,0.0,25.6,1,0,0,0,0,976.0,2.4099999999999984,0.8924180327868853
2011-11-23,975,7.3,2.1,0.0,0.0,16.4,0,0,0,0,0,924.2,-2.290000000000002,1.0549664574767366
2011-11-02,974,14.2,9.9,0.3,0.0,31.5,0,0,0,0,0,924.2,4.609999999999998,1.0538844405972734
2011-11-16,884,7.6,1.4,0.0,0.0,24.9,0,0,0,0,0,924.2,-1.990000000000002,0.9565029214455745
2011-11-09,894,13.0,3.9,12.6,0.0,46.1,1,0,0,0,1,924.2,3.4099999999999984,0.9673230902402077
2011-11-30,894,4.3,-1.0,0.0,0.0,26.8,0,0,0,0,0,924.2,-5.290000000000002,0.9673230902402077
2011-11-24,711,10.0,4.0,0.0,0.0,28.7,0,0,0,0,0,837.0,0.40999999999999837,0.8494623655913979
2011-11-17,911,1.3,-2.0,0.0,0.0,27.8,0,0,0,0,0,837.0,-8.290000000000001,1.088410991636798
2011-11-03,861,9.4,7.7,10.7,0.0,36.9,1,0,0,0,0,837.0,-0.19000000000000128,1.028673835125448
2011-11-10,865,4.3,1.8,0.1,0.0,28.3,0,0,0,0,0,837.0,-5.290000000000002,1.033452807646356
2011-11-25,934,11.6,6.4,0.2,0.0,29.4,0,0,0,0,0,957.25,2.009999999999998,0.9757116740663359
2011-11-04,1005,8.2,5.5,0.0,0.0,24.2,0,0,0,0,0,957.25,-1.3900000000000023,1.0498824758422565
2011-11-18,930,8.0,-0.0,0.0,0.0,34.8,0,0,0,0,0,957.25,-1.5900000000000016,0.9715330373465657
2011-11-11,960,6.2,-0.4,0.0,0.0,25.2,0,0,0,0,0,957.25,-3.3900000000000015,1.002872812744842
2011-11-19,911,12.1,6.0,1.4,0.0,30.5,0,0,0,0,0,923.0,2.509999999999998,0.9869989165763814
2011-11-05,905,10.9,3.5,0.0,0.0,23.5,0,0,0,0,0,923.0,1.3099999999999987,0.980498374864572
2011-11-12,998,12.5,4.2,0.0,0.0,34.8,0,0,0,0,0,923.0,2.9099999999999984,1.0812567713976164
2011-11-26,878,11.4,9.3,13.6,0.0,26.3,1,0,0,0,0,923.0,1.8099999999999987,0.9512459371614301
2011-12-04,884,9.4,2.4,3.6,0.0,35.7,0,0,0,0,0,767.5,5.35483870967742,1.1517915309446254
2011-12-18,832,4.1,-2.7,0.0,0.0,28.9,0,0,0,0,0,767.5,0.05483870967741922,1.0840390879478827
2011-12-25,518,5.0,0.4,0.0,0.0,29.0,0,0,0,0,0,767.5,0.9548387096774196,0.6749185667752443
2011-12-11,836,4.2,-3.3,0.0,0.0,25.0,0,0,0,0,0,767.5,0.15483870967741975,1.0892508143322475
2011-12-12,922,5.1,-1.1,0.0,0.0,18.5,0,0,0,0,0,877.5,1.0548387096774192,1.0507122507122506
2011-12-19,940,7.0,3.0,0.0,0.0,28.4,0,0,0,0,0,877.5,2.9548387096774196,1.0712250712250713
2011-12-05,935,4.5,2.1,0.3,0.0,22.5,0,0,0,0,0,877.5,0.4548387096774196,1.0655270655270654
2011-12-26,713,5.6,-1.5,0.0,0.0,23.5,0,0,0,0,0,877.5,1.5548387096774192,0.8125356125356126
2011-12-27,786,3.5,-1.6,2.7,0.14,31.1,0,0,0,0,0,904.25,-0.5451612903225804,0.8692286425214266
2011-12-13,976,4.4,2.4,0.0,0.0,13.2,0,0,0,0,0,904.25,0.35483870967741993,1.0793475255736797
2011-12-06,875,2.8,-0.8,0.0,0.0,21.5,0,0,0,0,0,904.25,-1.2451612903225806,0.9676527508985348
2011-12-20,980,3.2,1.3,0.9,0.14,20.9,0,0,0,0,0,904.25,-0.8451612903225802,1.0837710810063588
2011-12-21,937,4.2,3.4,0.8,0.0,17.6,0,0,0,0,0,883.25,0.15483870967741975,1.0608547976224172
2011-12-14,910,9.7,3.8,12.4,0.0,28.7,1,0,0,0,0,883.25,5.654838709677419,1.0302858760260403
2011-12-28,852,-1.1,-4.0,0.0,0.0,22.4,0,0,0,0,0,883.25,-5.14516129032258,0.964619303707897
2011-12-07,834,0.6,-1.9,0.0,0.0,25.1,0,0,0,0,0,883.25,-3.4451612903225803,0.9442400226436456
2011-12-22,880,3.8,0.4,2.3,0.14,25.7,0,0,0,0,0,912.4,-0.2451612903225806,0.9644892590968873
2011-12-29,864,6.5,-1.2,0.5,0.0,25.0,0,0,0,0,0,912.4,2.4548387096774196,0.9469530907496713
2011-12-01,1053,5.9,-0.4,0.0,0.0,16.1,0,0,0,0,0,912.4,1.85483870967742,1.1540990793511618
2011-12-15,935,10.8,0.9,1.7,0.0,34.7,0,0,0,0,0,912.4,6.75483870967742,1.0247698377904428
2011-12-08,830,1.4,-3.4,0.0,0.0,15.6,0,0,0,0,0,912.4,-2.6451612903225805,0.909688733011837
2011-12-16,950,0.4,-1.7,0.0,0.0,22.4,0,0,0,0,0,926.4,-3.6451612903225805,1.025474956822107
2011-12-23,923,1.5,-2.2,0.0,0.0,21.8,0,0,0,0,0,926.4,-2.5451612903225804,0.9963298791018999
2011-12-30,898,6.2,0.8,6.6,0.0,25.2,0,0,0,0,0,926.4,2.1548387096774198,0.9693436960276339
2011-12-02,1000,4.0,1.6,1.2,0.0,22.2,0,0,0,0,0,926.4,-0.04516129032258043,1.0794473229706392
2011-12-09,861,-0.2,-5.1,0.2,0.49,18.8,0,0,0,0,0,926.4,-4.245161290322581,0.9294041450777202
2011-12-10,882,-3.4,-8.2,0.0,0.0,22.6,0,0,0,0,0,820.4,-7.445161290322581,1.075085324232082
2011-12-24,734,2.7,-3.0,0.0,0.0,25.0,0,0,0,0,0,820.4,-1.3451612903225802,0.8946855192588982
2011-12-17,816,0.4,-2.0,1.4,1.12,14.3,0,0,0,0,0,820.4,-3.6451612903225805,0.9946367625548513
2011-12-03,876,8.8,2.5,4.2,0.0,32.4,0,0,0,0,0,820.4,4.75483870967742,1.0677718186250609
2011-12-31,794,4.4,-1.6,0.0,0.0,26.9,0,0,0,0,0,820.4,0.35483870967741993,0.9678205753291078
2012-01-22,682,4.3,-9.0,1.1,0.07,27.1,0,0,0,0,0,922.4,2.596774193548387,0.7393755420641804
2012-01-08,800,3.1,-1.3,0.0,0.0,10.5,0,0,0,0,0,922.4,1.3967741935483873,0.8673026886383348
2012-01-15,772,-2.1,-10.9,0.0,0.0,30.6,0,0,0,0,0,922.4,-3.803225806451613,0.836947094535993
2012-01-29,813,-1.1,-4.7,0.5,0.56,29.1,0,0,0,0,0,922.4,-2.803225806451613,0.8813963573287077
2012-01-01,1545,6.0,-1.7,2.0,0.07,40.4,0,0,0,0,0,922.4,4.296774193548387,1.6749783174327841
2012-01-23,834,5.5,-2.6,14.9,0.0,34.7,1,0,0,0,0,822.6,3.796774193548387,1.0138584974471188
2012-01-30,868,7.4,-5.8,0.5,0.0,28.5,0,0,0,0,0,822.6,5.6967741935483875,1.0551908582543155
2012-01-02,702,-1.8,-6.8,0.0,0.35,34.4,0,0,0,0,0,822.6,-3.5032258064516126,0.8533916849015317
2012-01-16,826,5.3,-2.0,1.2,0.0,28.4,0,0,0,0,0,822.6,3.596774193548387,1.0041332360807196
2012-01-09,883,5.3,-1.4,0.0,0.0,28.9,0,0,0,0,0,822.6,3.596774193548387,1.073425723316314
2012-01-31,964,10.5,5.2,0.8,0.0,34.4,0,0,0,0,0,882.6,8.796774193548387,1.0922275096306366
2012-01-10,899,6.4,-1.0,0.0,0.0,24.1,0,0,0,0,0,882.6,4.6967741935483875,1.0185814638567867
2012-01-24,898,0.5,-3.8,0.0,0.0,24.4,0,0,0,0,0,882.6,-1.2032258064516128,1.0174484477679582
2012-01-17,844,2.6,-6.6,4.6,1.61,33.8,0,0,0,0,0,882.6,0.8967741935483873,0.9562655789712213
2012-01-03,808,-3.3,-8.9,0.0,0.0,28.1,0,0,0,0,0,882.6,-5.003225806451613,0.9154769997733968
2012-01-18,791,-3.6,-11.2,0.0,0.0,28.3,0,0,0,0,0,860.25,-5.3032258064516125,0.919500145306597
2012-01-04,799,2.9,-3.0,0.0,0.0,23.0,0,0,0,0,0,860.25,1.196774193548387,0.9287997675094449
2012-01-11,889,5.0,1.1,0.0,0.0,15.9,0,0,0,0,0,860.25,3.296774193548387,1.033420517291485
2012-01-25,962,0.8,-3.9,0.0,0.0,14.0,0,0,0,0,0,860.25,-0.9032258064516128,1.118279569892473
2012-01-19,748,-2.9,-12.1,0.2,0.21,29.0,0,0,0,0,0,822.25,-4.603225806451613,0.9096989966555183
2012-01-05,871,6.0,-1.6,0.0,0.0,26.6,0,0,0,0,0,822.25,4.296774193548387,1.0592885375494072
2012-01-12,745,2.2,-4.6,12.8,7.21,30.4,1,1,0,0,0,822.25,0.49677419354838737,0.9060504712678625
2012-01-26,925,1.1,-2.3,0.0,0.0,11.9,0,0,0,0,0,822.25,-0.6032258064516127,1.124961994527212
2012-01-20,685,-6.0,-12.8,11.9,8.4,18.2,1,1,0,1,0,821.0,-7.703225806451613,0.8343483556638246
2012-01-06,914,8.2,3.4,0.0,0.0,26.1,0,0,0,0,0,821.0,6.4967741935483865,1.1132764920828258
2012-01-27,933,3.4,-0.6,0.1,0.07,20.2,0,0,0,0,0,821.0,1.696774193548387,1.1364190012180269
2012-01-13,752,-5.0,-9.6,3.5,2.59,29.8,0,1,0,1,0,821.0,-6.703225806451613,0.9159561510353228
2012-01-14,781,-7.5,-11.1,0.0,0.0,17.9,0,0,0,1,0,792.25,-9.203225806451613,0.9857999368886083
2012-01-07,863,4.1,-0.8,0.0,0.0,22.3,0,0,0,0,0,792.25,2.396774193548387,1.0893026191227517
2012-01-28,808,0.1,-2.4,1.4,1.12,38.5,0,0,0,0,0,792.25,-1.6032258064516127,1.0198800883559482
2012-01-21,717,-4.6,-8.6,0.0,0.07,21.9,0,0,0,0,0,792.25,-6.3032258064516125,0.9050173556326917
2012-02-05,744,2.2,-1.9,0.0,0.0,17.1,0,0,0,0,0,743.5,-0.22758620689655107,1.0006724949562877
2012-02-19,785,-0.2,-4.0,0.0,0.0,15.7,0,0,0,0,0,743.5,-2.6275862068965514,1.0558170813718897
2012-02-26,727,6.4,-7.8,0.0,0.0,32.6,0,0,0,0,0,743.5,3.972413793103449,0.9778076664425017
2012-02-12,718,0.3,-8.6,0.0,0.0,24.1,0,0,0,0,0,743.5,-2.1275862068965514,0.9657027572293208
2012-02-13,730,0.8,-6.6,0.0,0.21,20.9,0,0,0,0,0,757.25,-1.6275862068965512,0.9640145262462859
2012-02-27,818,3.2,-2.8,0.0,0.0,26.5,0,0,0,0,0,757.25,0.7724137931034489,1.0802244965335095
2012-02-06,765,2.7,-2.3,0.0,0.0,19.1,0,0,0,0,0,757.25,0.27241379310344893,1.0102344007923407
2012-02-20,716,2.7,-4.3,0.0,0.0,23.8,0,0,0,0,0,757.25,0.27241379310344893,0.945526576427864
2012-02-14,775,1.6,-2.7,0.5,0.56,20.9,0,0,0,0,0,844.0,-0.8275862068965512,0.9182464454976303
2012-02-28,893,3.8,-5.5,1.5,0.0,25.4,0,0,0,0,0,844.0,1.3724137931034486,1.0580568720379147
2012-02-07,858,0.7,-3.1,0.0,0.35,30.9,0,0,0,0,0,844.0,-1.7275862068965513,1.0165876777251184
2012-02-21,850,4.1,-0.2,2.8,1.4,27.2,0,0,0,0,0,844.0,1.6724137931034484,1.0071090047393365
2012-02-22,897,3.8,-0.7,1.0,0.0,23.6,0,0,0,0,0,910.8,1.3724137931034486,0.9848484848484849
2012-02-08,811,0.2,-2.6,0.0,0.0,21.6,0,0,0,0,0,910.8,-2.227586206896551,0.8904259991216513
2012-02-29,875,11.2,1.9,12.1,0.0,38.1,1,0,0,0,0,910.8,8.772413793103448,0.9606938954765042
2012-02-01,1043,6.3,0.4,0.0,0.0,20.8,0,0,0,0,0,910.8,3.8724137931034486,1.145147123407993
2012-02-15,928,3.9,-1.8,1.7,0.0,21.7,0,0,0,0,0,910.8,1.4724137931034487,1.0188844971453668
2012-02-16,869,4.7,-0.1,4.7,0.0,19.3,0,0,0,0,0,849.0,2.272413793103449,1.0235571260306242
2012-02-02,881,4.8,-2.3,0.0,0.0,9.6,0,0,0,0,0,849.0,2.3724137931034486,1.0376914016489989
2012-02-23,817,3.0,-1.8,5.6,0.98,23.2,0,0,0,0,0,849.0,0.5724137931034488,0.9623085983510011
2012-02-09,829,0.7,-4.9,0.0,0.0,21.1,0,0,0,0,0,849.0,-1.7275862068965513,0.9764428739693758
2012-02-17,986,5.9,-3.4,0.1,0.0,22.0,0,0,0,0,0,860.5,3.472413793103449,1.1458454386984311
2012-02-10,775,1.1,-7.6,2.3,2.03,41.1,0,1,0,0,0,860.5,-1.3275862068965512,0.9006391632771644
2012-02-24,784,0.8,-2.7,15.0,10.01,32.0,1,1,0,0,0,860.5,-1.6275862068965512,0.9110981987216734
2012-02-03,897,1.6,-0.3,0.0,0.0,15.3,0,0,0,0,0,860.5,-0.8275862068965512,1.042417199302731
2012-02-25,792,-2.2,-6.9,0.0,0.0,25.7,0,0,0,0,0,778.75,-4.627586206896551,1.0170144462279294
2012-02-04,848,2.1,0.4,0.2,0.0,19.7,0,0,0,0,0,778.75,-0.32758620689655116,1.0889245585874798
2012-02-18,763,1.0,-2.6,0.0,0.0,18.5,0,0,0,0,0,778.75,-1.4275862068965512,0.9797752808988764
2012-02-11,712,-6.8,-11.4,0.0,0.14,37.0,0,0,0,1,0,778.75,-9.22758620689655,0.9142857142857143
2012-03-04,757,-0.6,-3.6,2.6,2.03,18.8,0,1,0,0,0,841.5,-12.222580645161289,0.8995840760546643
2012-03-25,885,11.6,6.3,0.0,0.0,24.8,0,0,0,0,0,841.5,-0.022580645161289326,1.0516934046345812
2012-03-11,805,12.0,3.5,0.5,0.0,26.7,0,0,0,0,0,841.5,0.37741935483871103,0.9566250742721331
2012-03-18,919,16.6,11.3,0.0,0.0,17.8,0,0,0,0,0,841.5,4.9774193548387125,1.0920974450386216
2012-03-12,912,13.9,8.1,9.6,0.0,29.6,0,0,0,0,0,871.5,2.2774193548387114,1.0464716006884682
2012-03-19,979,17.0,13.0,0.0,0.0,25.7,0,0,0,0,0,871.5,5.377419354838711,1.123350545037292
2012-03-05,764,0.6,-4.8,0.0,0.0,21.3,0,0,0,0,0,871.5,-11.02258064516129,0.876649454962708
2012-03-26,831,6.5,2.8,0.0,0.0,30.8,0,0,0,0,0,871.5,-5.122580645161289,0.9535283993115319
2012-03-27,868,15.1,3.5,0.0,0.0,34.0,0,0,0,0,0,931.25,3.4774193548387107,0.9320805369127517
2012-03-06,938,13.8,-0.6,0.0,0.0,37.5,0,0,0,0,0,931.25,2.1774193548387117,1.007248322147651
2012-03-13,927,12.4,6.9,0.0,0.0,18.8,0,0,0,0,0,931.25,0.7774193548387114,0.9954362416107383
2012-03-20,992,20.2,14.6,0.0,0.0,26.7,0,0,0,0,0,931.25,8.57741935483871,1.065234899328859
2012-03-28,911,14.7,6.2,0.0,0.0,30.9,0,0,0,0,0,966.75,3.0774193548387103,0.9423325575381433
2012-03-14,930,17.8,8.1,0.0,0.0,25.2,0,0,0,0,0,966.75,6.177419354838712,0.9619860356865787
2012-03-07,950,14.3,9.3,0.0,0.0,45.1,0,0,0,0,1,966.75,2.6774193548387117,0.982673907421774
2012-03-21,1076,20.0,14.3,0.3,0.0,19.0,0,0,0,0,0,966.75,8.377419354838711,1.113007499353504
2012-03-15,1000,18.7,11.8,0.0,0.0,19.5,0,0,0,0,0,978.4,7.07741935483871,1.0220768601798855
2012-03-22,979,18.3,13.1,2.4,0.0,14.0,0,0,0,0,0,978.4,6.677419354838712,1.000613246116108
2012-03-08,922,12.5,2.6,4.7,0.0,37.1,0,0,0,0,0,978.4,0.877419354838711,0.9423548650858545
2012-03-29,948,5.9,3.9,0.0,0.0,20.2,0,0,0,0,0,978.4,-5.722580645161289,0.9689288634505315
2012-03-01,1043,3.5,1.0,0.0,0.0,28.7,0,0,0,0,0,978.4,-8.122580645161289,1.0660261651676206
2012-03-09,958,2.6,-1.7,0.0,0.0,27.8,0,0,0,0,0,942.8,-9.02258064516129,1.0161221892235894
2012-03-02,881,3.7,0.6,9.1,1.4,33.5,0,0,0,0,0,942.8,-7.922580645161289,0.9344505727619856
2012-03-16,957,16.9,4.9,0.1,0.0,18.7,0,0,0,0,0,942.8,5.27741935483871,1.0150615188799321
2012-03-23,977,13.2,8.6,5.8,0.0,14.8,0,0,0,0,0,942.8,1.5774193548387103,1.036274925753076
2012-03-30,941,13.5,4.2,4.5,0.0,25.2,0,0,0,0,0,942.8,1.877419354838711,0.9980907933814172
2012-03-31,878,7.3,3.3,0.0,0.0,17.2,0,0,0,0,0,905.0,-4.322580645161289,0.9701657458563536
2012-03-03,780,0.7,-2.3,0.1,0.42,32.1,0,0,0,0,0,905.0,-10.92258064516129,0.861878453038674
2012-03-10,891,10.0,-2.2,0.0,0.0,32.4,0,0,0,0,0,905.0,-1.622580645161289,0.9845303867403314
2012-03-17,1070,17.1,10.8,0.0,0.0,20.1,0,0,0,0,0,905.0,5.4774193548387125,1.1823204419889504
2012-03-24,906,10.5,7.6,0.0,0.0,13.0,0,0,0,0,0,905.0,-1.122580645161289,1.0011049723756906
2012-04-01,1000,13.3,6.7,3.7,0.0,20.5,0,0,0,0,0,884.8,1.070000000000002,1.1301989150090417
2012-04-22,824,8.3,5.7,0.0,0.0,31.3,0,0,0,0,0,884.8,-3.929999999999998,0.9312839059674504
2012-04-15,977,20.5,14.5,10.5,0.0,39.0,1,0,0,0,0,884.8,8.270000000000001,1.1042043399638337
2012-04-29,803,12.6,6.0,11.5,0.0,25.8,1,0,0,0,0,884.8,0.370000000000001,0.9075497287522605
2012-04-08,820,15.6,7.7,0.4,0.0,24.0,0,0,0,0,0,884.8,3.370000000000001,0.9267631103074142
2012-04-23,935,9.3,5.3,0.0,0.0,22.7,0,0,0,0,0,896.2,-2.929999999999998,1.0432939076099084
2012-04-09,918,13.9,7.8,1.0,0.0,34.7,0,0,0,0,0,896.2,1.6700000000000017,1.0243249274715465
2012-04-16,931,17.4,9.4,5.3,0.0,42.9,0,0,0,0,0,896.2,5.17,1.038830618165588
2012-04-02,828,12.4,6.9,0.0,0.0,22.1,0,0,0,0,0,896.2,0.1700000000000017,0.923900914974336
2012-04-30,869,15.1,10.0,12.6,0.0,22.9,1,0,0,0,0,896.2,2.870000000000001,0.9696496317786208
2012-04-24,896,14.0,4.7,0.0,0.0,16.6,0,0,0,0,0,895.75,1.7700000000000014,1.0002790957298353
2012-04-03,884,16.7,7.5,0.0,0.0,27.6,0,0,0,0,0,895.75,4.470000000000001,0.9868825006977393
2012-04-17,959,8.5,5.4,0.0,0.0,17.3,0,0,0,0,0,895.75,-3.7299999999999986,1.0706112196483393
2012-04-10,844,6.9,2.6,0.0,0.0,26.8,0,0,0,0,0,895.75,-5.329999999999998,0.942227183924086
2012-04-04,865,8.7,6.2,0.0,0.0,29.4,0,0,0,0,0,904.0,-3.5299999999999994,0.956858407079646
2012-04-11,920,6.9,2.2,0.0,0.0,20.4,0,0,0,0,0,904.0,-5.329999999999998,1.0176991150442478
2012-04-18,879,18.5,6.7,0.2,0.0,27.9,0,0,0,0,0,904.0,6.270000000000001,0.9723451327433629
2012-04-25,952,15.1,8.9,3.5,0.0,22.7,0,0,0,0,0,904.0,2.870000000000001,1.0530973451327434
2012-04-05,881,6.8,3.8,0.0,0.0,28.3,0,0,0,0,0,922.5,-5.429999999999999,0.9550135501355014
2012-04-26,925,12.5,5.5,0.1,0.0,29.3,0,0,0,0,0,922.5,0.27000000000000135,1.002710027100271
2012-04-12,923,11.9,3.3,0.0,0.0,15.2,0,0,0,0,0,922.5,-0.3299999999999983,1.0005420054200542
2012-04-19,961,14.0,9.6,1.3,0.0,21.9,0,0,0,0,0,922.5,1.7700000000000014,1.0417344173441734
2012-04-27,963,7.9,3.8,0.0,0.0,23.8,0,0,0,0,0,930.5,-4.329999999999998,1.0349274583557226
2012-04-13,939,14.6,6.9,0.0,0.0,24.0,0,0,0,0,0,930.5,2.370000000000001,1.0091348737238044
2012-04-20,917,12.2,5.7,6.0,0.0,36.6,0,0,0,0,0,930.5,-0.02999999999999936,0.9854916711445459
2012-04-06,903,7.1,3.2,0.0,0.0,18.9,0,0,0,0,0,930.5,-5.129999999999999,0.9704459967759269
2012-04-21,876,7.2,5.1,0.0,0.0,26.6,0,0,0,0,0,918.25,-5.0299999999999985,0.9539885652055541
2012-04-14,944,16.4,10.1,2.1,0.0,20.7,0,0,0,0,0,918.25,4.17,1.0280424720936565
2012-04-07,975,14.2,4.3,0.5,0.0,19.1,0,0,0,0,0,918.25,1.9700000000000006,1.0618023414102913
2012-04-28,878,8.4,6.9,7.3,0.0,28.6,0,0,0,0,0,918.25,-3.8299999999999983,0.9561666212904982
2012-05-13,819,15.9,12.2,0.0,0.0,18.0,0,0,0,0,0,886.5,-5.412903225806447,0.9238578680203046
2012-05-27,927,31.4,22.4,0.0,0.0,25.4,0,0,1,0,0,886.5,10.08709677419355,1.0456852791878173
2012-05-20,956,28.5,20.0,3.6,0.0,21.9,0,0,0,0,0,886.5,7.187096774193552,1.0783981951494641
2012-05-06,844,21.7,14.5,12.0,0.0,19.7,1,0,0,0,0,886.5,0.3870967741935516,0.952058657642414
2012-05-28,1030,30.5,24.4,0.2,0.0,30.4,0,0,1,0,0,973.25,9.187096774193552,1.0583097867968148
2012-05-14,1004,21.9,10.1,0.0,0.0,15.5,0,0,0,0,0,973.25,0.5870967741935509,1.0315951708194195
2012-05-07,973,16.8,13.1,28.4,0.0,15.2,1,0,0,0,0,973.25,-4.512903225806447,0.999743128692525
2012-05-21,886,19.7,14.1,0.0,0.0,25.2,0,0,0,0,0,973.25,-1.6129032258064484,0.9103519136912407
2012-05-15,1041,24.7,15.1,0.0,0.0,23.3,0,0,0,0,0,1035.2,3.3870967741935516,1.0056027820710973
2012-05-01,1066,16.4,10.7,6.0,0.0,17.7,0,0,0,0,0,1035.2,-4.912903225806449,1.0297527047913446
2012-05-29,1094,26.8,20.2,0.0,0.0,31.0,0,0,0,0,0,1035.2,5.487096774193553,1.0568006182380216
2012-05-08,1025,19.0,11.5,0.0,0.0,17.7,0,0,0,0,0,1035.2,-2.3129032258064477,0.990146831530139
2012-05-22,950,15.9,12.1,0.0,0.0,18.8,0,0,0,0,0,1035.2,-5.412903225806447,0.9176970633693972
2012-05-23,1072,23.6,11.7,0.0,0.0,22.7,0,0,0,0,0,995.6,2.2870967741935537,1.0767376456408195
2012-05-09,977,14.3,9.4,2.7,0.0,19.4,0,0,0,0,0,995.6,-7.012903225806447,0.9813177983125753
2012-05-02,997,23.3,14.4,6.6,0.0,31.8,0,0,0,0,0,995.6,1.987096774193553,1.0014061872237847
2012-05-30,985,19.8,13.9,0.2,0.0,22.7,0,0,0,0,0,995.6,-1.512903225806447,0.989353153877059
2012-05-16,947,17.8,11.9,0.1,0.0,36.6,0,0,0,0,0,995.6,-3.512903225806447,0.9511852149457614
2012-05-10,916,14.6,8.6,0.0,0.0,13.0,0,0,0,0,0,940.6,-6.712903225806448,0.9738464809695938
2012-05-24,1023,26.8,18.1,0.0,0.0,33.3,0,0,0,0,0,940.6,5.487096774193553,1.0876036572400596
2012-05-17,954,18.7,10.8,0.0,0.0,14.1,0,0,0,0,0,940.6,-2.6129032258064484,1.0142462258133107
2012-05-31,829,13.7,10.5,15.9,0.0,25.1,1,0,0,0,0,940.6,-7.612903225806448,0.8813523283010843
2012-05-03,981,24.7,17.6,11.1,0.0,24.9,1,0,0,0,0,940.6,3.3870967741935516,1.0429513076759516
2012-05-11,998,21.6,10.6,0.0,0.0,20.7,0,0,0,0,0,1022.5,0.2870967741935537,0.976039119804401
2012-05-25,1083,24.2,18.0,0.0,0.0,30.4,0,0,0,0,0,1022.5,2.8870967741935516,1.0591687041564792
2012-05-04,1031,18.7,11.5,7.7,0.0,22.2,0,0,0,0,0,1022.5,-2.6129032258064484,1.0083129584352077
2012-05-18,978,23.9,13.9,0.0,0.0,19.7,0,0,0,0,0,1022.5,2.587096774193551,0.956479217603912
2012-05-12,932,17.0,12.5,3.6,0.0,22.5,0,0,0,0,0,931.25,-4.312903225806448,1.0008053691275167
2012-05-05,950,17.6,13.3,0.4,0.0,20.2,0,0,0,0,0,931.25,-3.7129032258064463,1.0201342281879195
2012-05-19,932,27.1,17.0,0.0,0.0,19.2,0,0,0,0,0,931.25,5.787096774193554,1.0008053691275167
2012-05-26,911,24.1,18.6,0.2,0.0,27.7,0,0,0,0,0,931.25,2.7870967741935537,0.978255033557047
2012-06-24,1077,29.2,21.2,0.0,0.0,21.9,0,0,0,0,0,1005.5,3.2566666666666677,1.0711089010442565
2012-06-17,946,27.1,20.6,14.0,0.0,27.3,1,0,0,0,0,1005.5,1.1566666666666698,0.9408254599701641
2012-06-03,991,24.9,14.6,0.0,0.0,19.1,0,0,0,0,0,1005.5,-1.043333333333333,0.9855793137742417
2012-06-10,1008,29.2,21.7,0.0,0.0,22.3,0,0,0,0,0,1005.5,3.2566666666666677,1.0024863252113376
2012-06-25,965,24.1,18.8,0.0,0.0,29.4,0,0,0,0,0,1020.0,-1.8433333333333302,0.946078431372549
2012-06-11,1067,28.1,21.7,1.6,0.0,21.4,0,0,0,0,0,1020.0,2.15666666666667,1.046078431372549
2012-06-18,1068,30.0,22.8,0.0,0.0,36.9,0,0,1,0,0,1020.0,4.056666666666668,1.0470588235294118
2012-06-04,980,19.8,17.2,0.0,0.0,18.1,0,0,0,0,0,1020.0,-6.143333333333331,0.9607843137254902
2012-06-12,1090,22.9,18.1,0.0,0.0,25.5,0,0,0,0,0,1000.25,-3.043333333333333,1.089727568107973
2012-06-05,950,18.1,15.1,0.0,0.0,20.5,0,0,0,0,0,1000.25,-7.84333333333333,0.94976255936016
2012-06-19,1004,31.1,23.5,0.0,0.0,27.7,0,0,1,0,0,1000.25,5.15666666666667,1.0037490627343164
2012-06-26,957,23.9,17.4,0.0,0.0,17.2,0,0,0,0,0,1000.25,-2.043333333333333,0.9567608097975506
2012-06-13,1076,18.9,15.4,0.0,0.0,15.8,0,0,0,0,0,1061.5,-7.043333333333333,1.0136599152143193
2012-06-20,1098,30.9,24.6,0.0,0.0,27.3,0,0,1,0,0,1061.5,4.956666666666667,1.0343853038153557
2012-06-06,1025,20.8,15.0,0.0,0.0,14.6,0,0,0,0,0,1061.5,-5.143333333333331,0.9656146961846443
2012-06-27,1047,29.5,19.5,0.0,0.0,25.6,0,0,0,0,0,1061.5,3.5566666666666684,0.9863400847856807
2012-06-07,991,23.1,15.2,0.0,0.0,15.1,0,0,0,0,0,991.25,-2.84333333333333,0.9997477931904162
2012-06-21,1056,27.2,18.3,9.9,0.0,25.9,0,0,0,0,0,991.25,1.2566666666666677,1.0653215636822195
2012-06-14,979,25.7,16.2,0.0,0.0,18.6,0,0,0,0,0,991.25,-0.2433333333333323,0.987641866330391
2012-06-28,939,34.4,24.2,0.1,0.0,22.3,0,0,1,0,0,991.25,8.456666666666667,0.9472887767969735
2012-06-08,1114,27.2,16.8,0.0,0.0,16.9,0,0,0,0,0,1117.6,1.2566666666666677,0.9967788117394417
2012-06-01,1226,14.0,11.7,3.7,0.0,26.1,0,0,0,0,0,1117.6,-11.943333333333332,1.096993557623479
2012-06-29,1045,28.8,26.1,0.3,0.0,17.3,0,0,0,0,0,1117.6,2.856666666666669,0.9350393700787403
2012-06-15,1083,28.2,19.6,0.0,0.0,18.4,0,0,0,0,0,1117.6,2.2566666666666677,0.9690408017179671
2012-06-22,1120,24.8,20.7,0.0,0.0,18.5,0,0,0,0,0,1117.6,-1.1433333333333309,1.0021474588403723
2012-06-16,1062,29.7,22.0,0.5,0.0,26.3,0,0,0,0,0,1038.8,3.7566666666666677,1.0223334616865614
2012-06-02,944,21.0,11.4,0.0,0.0,24.9,0,0,0,0,0,1038.8,-4.943333333333332,0.9087408548324991
2012-06-30,1011,30.1,22.2,3.8,0.0,21.6,0,0,1,0,0,1038.8,4.15666666666667,0.9732383519445514
2012-06-09,1049,29.2,20.0,0.0,0.0,18.9,0,0,0,0,0,1038.8,3.2566666666666677,1.009819021948402
2012-06-23,1128,26.4,20.2,0.0,0.0,13.4,0,0,0,0,0,1038.8,0.456666666666667,1.0858683095879862
2012-07-08,1093,25.3,23.3,0.0,0.0,23.8,0,0,0,0,0,1082.2,-4.8903225806451545,1.0099796710404731
2012-07-15,1125,31.1,23.3,2.2,0.0,14.8,0,0,1,0,0,1082.2,0.9096774193548463,1.039549066715949
2012-07-29,1017,27.2,20.7,0.0,0.0,16.1,0,0,0,0,0,1082.2,-2.990322580645156,0.9397523563112179
2012-07-22,985,31.0,23.6,0.2,0.0,17.2,0,0,1,0,0,1082.2,0.8096774193548448,0.910182960635742
2012-07-01,1191,31.2,23.5,0.1,0.0,12.6,0,0,1,0,0,1082.2,1.0096774193548441,1.100535945296618
2012-07-30,999,30.5,23.8,0.0,0.0,15.0,0,0,1,0,0,1019.2,0.30967741935484483,0.9801805337519622
2012-07-16,988,33.2,25.0,0.0,0.0,17.5,0,0,1,0,0,1019.2,3.0096774193548477,0.9693877551020408
2012-07-02,1056,31.7,24.1,0.9,0.0,16.2,0,0,1,0,0,1019.2,1.5096774193548441,1.0361067503924646
2012-07-09,1065,27.6,20.2,0.3,0.0,18.8,0,0,0,0,0,1019.2,-2.5903225806451537,1.0449372056514914
2012-07-23,988,34.4,25.7,1.0,0.0,24.2,0,0,1,0,0,1019.2,4.209677419354843,0.9693877551020408
2012-07-10,1054,25.1,23.5,0.0,0.0,18.7,0,0,0,0,0,1003.8,-5.090322580645154,1.0500099621438534
2012-07-03,1060,32.7,24.8,0.0,0.0,19.9,0,0,1,0,0,1003.8,2.5096774193548477,1.0559872484558677
2012-07-24,968,30.1,24.8,4.5,0.0,18.8,0,0,1,0,0,1003.8,-0.09032258064515375,0.9643355250049811
2012-07-17,1004,34.8,26.4,0.0,0.0,17.6,0,0,1,0,0,1003.8,4.609677419354842,1.0001992428770672
2012-07-31,933,26.9,22.2,3.2,0.0,17.1,0,0,0,0,0,1003.8,-3.2903225806451566,0.9294680215182307
2012-07-11,1030,27.4,21.3,0.0,0.0,18.7,0,0,0,0,0,1016.25,-2.7903225806451566,1.013530135301353
2012-07-18,978,30.0,26.0,2.4,0.0,17.6,0,0,1,0,0,1016.25,-0.19032258064515517,0.9623616236162361
2012-07-25,1012,34.3,23.4,0.0,0.0,26.3,0,0,1,0,0,1016.25,4.109677419354842,0.9958179581795817
2012-07-04,1045,34.9,26.3,0.7,0.0,18.3,0,0,1,0,0,1016.25,4.709677419354843,1.028290282902829
2012-07-26,976,30.0,23.8,15.1,0.0,30.1,1,0,1,0,0,986.75,-0.19032258064515517,0.9891056498606536
2012-07-05,1010,35.1,27.3,0.0,0.0,16.3,0,0,1,0,0,986.75,4.909677419354846,1.0235621991385864
2012-07-19,921,27.9,22.7,6.0,0.0,19.6,0,0,0,0,0,986.75,-2.2903225806451566,0.933367114263998
2012-07-12,1040,29.0,22.3,0.0,0.0,19.9,0,0,0,0,0,986.75,-1.1903225806451552,1.0539650367367621
2012-07-20,1072,24.1,21.9,1.1,0.0,21.3,0,0,0,0,0,1055.75,-6.090322580645154,1.0153919014918305
2012-07-27,1040,27.4,22.2,0.1,0.0,20.4,0,0,0,0,0,1055.75,-2.7903225806451566,0.985081695477149
2012-07-13,1084,30.8,24.0,1.8,0.0,13.0,0,0,1,0,0,1055.75,0.6096774193548455,1.026758228747336
2012-07-06,1027,34.4,28.0,0.0,0.0,16.8,0,0,1,0,0,1055.75,4.209677419354843,0.9727681742836846
2012-07-14,1054,30.4,24.5,3.7,0.0,13.3,0,0,1,0,0,1056.5,0.2096774193548434,0.9976336961665878
2012-07-21,1065,29.2,20.7,0.0,0.0,8.8,0,0,0,0,0,1056.5,-0.9903225806451559,1.0080454330336015
2012-07-07,1063,33.8,23.1,0.2,0.0,25.6,0,0,1,0,0,1056.5,3.609677419354842,1.0061523899668718
2012-07-28,1044,24.4,21.0,1.4,0.0,17.6,0,0,0,0,0,1056.5,-5.790322580645157,0.988168480832939
2012-08-12,945,23.3,16.5,0.0,0.0,10.2,0,0,0,0,0,938.0,-2.86129032258064,1.007462686567164
2012-08-05,962,26.5,22.4,0.4,0.0,19.3,0,0,0,0,0,938.0,0.3387096774193594,1.0255863539445629
2012-08-26,905,27.1,22.4,24.3,0.0,17.2,1,0,0,0,0,938.0,0.9387096774193608,0.964818763326226
2012-08-19,940,23.0,17.7,0.2,0.0,11.2,0,0,0,0,0,938.0,-3.1612903225806406,1.0021321961620469
2012-08-27,902,26.8,21.3,8.5,0.0,15.0,0,0,0,0,0,906.25,0.6387096774193601,0.9953103448275862
2012-08-20,893,21.2,17.5,1.6,0.0,10.1,0,0,0,0,0,906.25,-4.961290322580641,0.9853793103448276
2012-08-06,962,27.4,18.4,0.0,0.0,11.6,0,0,0,0,0,906.25,1.238709677419358,1.0615172413793104
2012-08-13,868,21.6,18.1,9.0,0.0,13.4,0,0,0,0,0,906.25,-4.561290322580639,0.9577931034482758
2012-08-21,921,22.9,17.0,0.0,0.0,10.5,0,0,0,0,0,946.75,-3.261290322580642,0.9728016899920782
2012-08-28,953,25.9,20.5,0.0,0.0,17.7,0,0,0,0,0,946.75,-0.261290322580642,1.0066015315553207
2012-08-07,952,31.3,20.1,0.5,0.0,14.7,0,0,1,0,0,946.75,5.13870967741936,1.0055452865064696
2012-08-14,961,25.3,17.7,0.0,0.0,12.2,0,0,0,0,0,946.75,-0.8612903225806399,1.0150514919461315
2012-08-22,890,26.3,16.8,0.0,0.0,12.3,0,0,0,0,0,998.0,0.13870967741936013,0.8917835671342685
2012-08-08,974,25.7,22.4,2.5,0.0,18.3,0,0,0,0,0,998.0,-0.4612903225806413,0.9759519038076152
2012-08-29,955,25.3,20.4,0.0,0.0,11.5,0,0,0,0,0,998.0,-0.8612903225806399,0.9569138276553106
2012-08-15,1063,27.9,19.7,0.0,0.0,18.0,0,0,0,0,0,998.0,1.738709677419358,1.065130260521042
2012-08-01,1108,27.7,20.7,0.0,0.0,11.2,0,0,0,0,0,998.0,1.5387096774193587,1.1102204408817635
2012-08-09,936,23.2,18.3,3.7,0.0,21.0,0,0,0,0,0,970.4,-2.9612903225806413,0.9645507007419621
2012-08-16,937,24.7,20.6,0.4,0.0,26.7,0,0,0,0,0,970.4,-1.4612903225806413,0.9655812036273702
2012-08-02,1019,30.2,22.8,0.0,0.0,17.5,0,0,1,0,0,970.4,4.038709677419359,1.0500824402308326
2012-08-30,929,28.8,20.4,0.0,0.0,22.0,0,0,0,0,0,970.4,2.63870967741936,0.9573371805441055
2012-08-23,1031,29.6,20.0,0.0,0.0,18.0,0,0,0,0,0,970.4,3.438709677419361,1.0624484748557297
2012-08-24,1032,29.9,21.2,0.0,0.0,18.4,0,0,0,0,0,997.2,3.738709677419358,1.0348977135980746
2012-08-10,914,21.1,16.9,3.7,0.0,32.0,0,0,0,0,0,997.2,-5.061290322580639,0.9165663858804652
2012-08-17,964,21.5,17.0,0.0,0.0,20.4,0,0,0,0,0,997.2,-4.661290322580641,0.9667067789811472
2012-08-03,1061,30.0,23.6,0.0,0.0,13.3,0,0,1,0,0,997.2,3.8387096774193594,1.0639791415964701
2012-08-31,1015,30.7,22.1,0.0,0.0,21.8,0,0,1,0,0,997.2,4.538709677419359,1.0178499799438427
2012-08-25,1081,29.9,21.9,0.0,0.0,18.0,0,0,0,0,0,1015.25,3.738709677419358,1.0647623737995568
2012-08-11,994,21.9,16.4,0.0,0.0,21.7,0,0,0,0,0,1015.25,-4.261290322580642,0.979069194779611
2012-08-18,986,22.2,15.5,0.0,0.0,14.0,0,0,0,0,0,1015.25,-3.9612903225806413,0.9711893622260527
2012-08-04,1000,32.1,24.5,2.9,0.0,18.4,0,0,1,0,0,1015.25,5.938709677419361,0.9849790691947796
2012-09-02,895,24.4,22.3,2.6,0.0,21.4,0,0,0,0,0,879.6,3.2366666666666646,1.0175079581628013
2012-09-23,827,13.8,8.7,0.0,0.0,17.6,0,0,0,0,0,879.6,-7.363333333333333,0.940200090950432
2012-09-16,897,23.6,15.1,0.0,0.0,15.5,0,0,0,0,0,879.6,2.4366666666666674,1.019781718963165
2012-09-09,910,18.6,14.9,1.3,0.0,21.3,0,0,0,0,0,879.6,-2.5633333333333326,1.0345611641655297
2012-09-30,869,16.3,13.7,0.0,0.0,20.9,0,0,0,0,0,879.6,-4.863333333333333,0.9879490677580718
2012-09-03,890,26.2,21.8,0.0,0.0,16.6,0,0,0,0,0,885.5,5.036666666666665,1.005081874647092
2012-09-17,901,23.5,15.9,4.0,0.0,25.6,0,0,0,0,0,885.5,2.336666666666666,1.0175042348955392
2012-09-10,882,22.1,15.2,0.0,0.0,16.5,0,0,0,0,0,885.5,0.9366666666666674,0.9960474308300395
2012-09-24,869,18.1,7.7,0.0,0.0,25.8,0,0,0,0,0,885.5,-3.0633333333333326,0.9813664596273292
2012-09-25,922,22.1,12.2,0.0,0.0,22.7,0,0,0,0,0,895.25,0.9366666666666674,1.0298799218095505
2012-09-04,914,27.3,22.6,3.0,0.0,15.5,0,0,0,0,0,895.25,6.136666666666667,1.0209438704272549
2012-09-18,832,15.8,11.5,0.0,0.0,29.7,0,0,0,0,0,895.25,-5.363333333333333,0.9293493437587266
2012-09-11,913,24.8,16.6,0.0,0.0,24.5,0,0,0,0,0,895.25,3.6366666666666667,1.019826864004468
2012-09-05,861,28.5,23.2,0.4,0.0,18.8,0,0,0,0,0,911.25,7.336666666666666,0.9448559670781893
2012-09-19,914,19.4,9.3,0.2,0.0,35.4,0,0,0,0,0,911.25,-1.7633333333333354,1.0030178326474624
2012-09-26,934,17.0,13.8,0.0,0.0,23.8,0,0,0,0,0,911.25,-4.163333333333334,1.024965706447188
2012-09-12,936,26.5,17.7,0.0,0.0,22.0,0,0,0,0,0,911.25,5.336666666666666,1.0271604938271606
2012-09-27,839,16.0,12.2,0.0,0.0,21.4,0,0,0,0,0,911.25,-5.163333333333334,0.9207133058984911
2012-09-20,920,20.4,12.7,0.6,0.0,31.7,0,0,0,0,0,911.25,-0.7633333333333354,1.00960219478738
2012-09-13,868,21.9,14.3,3.3,0.0,25.2,0,0,0,0,0,911.25,0.7366666666666646,0.9525377229080932
2012-09-06,1018,26.3,21.4,0.8,0.0,14.7,0,0,0,0,0,911.25,5.136666666666667,1.1171467764060357
2012-09-14,997,21.7,13.1,0.0,0.0,15.8,0,0,0,0,0,984.75,0.5366666666666653,1.0124397055090124
2012-09-21,999,17.7,12.0,4.9,0.0,17.9,0,0,0,0,0,984.75,-3.4633333333333347,1.0144706778370145
2012-09-07,960,23.9,18.9,2.0,0.0,28.9,0,0,0,0,0,984.75,2.7366666666666646,0.9748667174409749
2012-09-28,983,16.3,13.4,0.6,0.0,25.0,0,0,0,0,0,984.75,-4.863333333333333,0.9982228992129982
2012-09-08,985,20.7,15.0,0.9,0.0,27.2,0,0,0,0,0,1004.4,-0.4633333333333347,0.9806849860613301
2012-09-29,970,20.8,11.2,0.0,0.0,16.5,0,0,0,0,0,1004.4,-0.3633333333333333,0.9657506969334927
2012-09-01,1183,25.0,22.6,13.7,0.0,21.4,1,0,0,0,0,1004.4,3.836666666666666,1.1778176025487854
2012-09-15,1013,22.6,14.9,0.0,0.0,15.5,0,0,0,0,0,1004.4,1.4366666666666674,1.008562325766627
2012-09-22,871,13.6,8.7,2.6,0.0,36.7,0,0,0,0,0,1004.4,-7.563333333333334,0.8671843886897651
2012-10-07,770,8.0,5.9,0.0,0.0,16.8,0,0,0,0,0,846.25,-5.454838709677416,0.9098966026587888
2012-10-28,827,7.4,6.2,0.0,0.0,28.9,0,0,0,0,0,846.25,-6.054838709677416,0.9772525849335303
2012-10-21,928,15.9,6.1,0.0,0.0,16.6,0,0,0,0,0,846.25,2.4451612903225843,1.096602658788774
2012-10-14,860,17.7,9.1,26.0,0.0,35.2,1,0,0,0,0,846.25,4.245161290322583,1.016248153618907
2012-10-08,901,13.1,4.2,0.0,0.0,25.2,0,0,0,0,0,913.6,-0.3548387096774164,0.9862084063047285
2012-10-22,839,17.1,12.3,11.0,0.0,16.6,1,0,0,0,0,913.6,3.6451612903225854,0.9183450087565674
2012-10-15,939,11.7,8.3,0.0,0.0,22.2,0,0,0,0,0,913.6,-1.7548387096774167,1.027802101576182
2012-10-29,833,8.0,6.4,0.0,0.0,36.8,0,0,0,0,0,913.6,-5.454838709677416,0.9117775831873906
2012-10-01,1056,16.2,11.1,0.0,0.0,14.1,0,0,0,0,0,913.6,2.7451612903225833,1.1558669001751314
2012-10-02,907,17.4,13.8,0.1,0.0,21.6,0,0,0,0,0,887.8,3.9451612903225826,1.0216264924532552
2012-10-23,893,20.1,14.1,2.4,0.0,16.2,0,0,0,0,0,887.8,6.645161290322585,1.0058571750394234
2012-10-09,892,15.9,7.1,3.4,0.0,29.9,0,0,0,0,0,887.8,2.4451612903225843,1.0047307952241495
2012-10-30,873,6.4,4.8,0.0,0.0,42.6,0,0,0,0,0,887.8,-7.054838709677416,0.9833295787339491
2012-10-16,874,16.5,7.3,0.0,0.0,28.4,0,0,0,0,0,887.8,3.045161290322584,0.9844559585492229
2012-10-17,956,16.8,13.5,12.6,0.0,37.8,1,0,0,0,0,961.6,3.3451612903225847,0.9941763727121464
2012-10-31,951,6.8,3.1,0.0,0.0,33.0,0,0,0,0,0,961.6,-6.654838709677416,0.9889767054908486
2012-10-03,920,16.6,15.0,3.6,0.0,13.9,0,0,0,0,0,961.6,3.1451612903225854,0.9567387687188019
2012-10-10,962,9.7,4.7,1.3,0.0,28.2,0,0,0,0,0,961.6,-3.7548387096774167,1.0004159733777038
2012-10-24,1019,21.4,16.2,0.0,0.0,26.5,0,0,0,0,0,961.6,7.945161290322583,1.0596921797004992
2012-10-18,898,12.8,7.8,3.8,0.0,31.1,0,0,0,0,0,873.75,-0.6548387096774153,1.0277539341917024
2012-10-25,851,20.6,7.5,7.7,0.0,35.4,0,0,0,0,0,873.75,7.145161290322585,0.9739628040057224
2012-10-11,866,15.6,5.5,0.0,0.0,29.8,0,0,0,0,0,873.75,2.1451612903225836,0.9911301859799714
2012-10-04,880,22.7,12.4,2.4,0.0,28.9,0,0,0,0,0,873.75,9.245161290322583,1.0071530758226037
2012-10-12,964,9.1,6.7,0.0,0.0,24.6,0,0,0,0,0,946.25,-4.354838709677416,1.0187582562747688
2012-10-19,943,9.5,6.8,2.5,0.0,25.2,0,0,0,0,0,946.25,-3.954838709677416,0.996565389696169
2012-10-26,963,7.4,5.0,1.2,0.0,26.0,0,0,0,0,0,946.25,-6.054838709677416,1.0177014531043593
2012-10-05,915,12.6,7.7,0.0,0.0,23.3,0,0,0,0,0,946.25,-0.8548387096774164,0.9669749009247027
2012-10-27,861,7.1,5.7,0.0,0.0,19.9,0,0,0,0,0,876.25,-6.354838709677416,0.9825962910128389
2012-10-06,807,8.1,4.7,0.0,0.0,23.3,0,0,0,0,0,876.25,-5.354838709677416,0.9209700427960057
2012-10-13,875,16.2,7.8,15.4,0.0,25.3,1,0,0,0,0,876.25,2.7451612903225833,0.9985734664764622
2012-10-20,962,12.7,5.7,0.0,0.0,16.7,0,0,0,0,0,876.25,-0.7548387096774167,1.0978601997146933
2012-11-25,814,4.4,-1.4,0.0,0.0,21.2,0,0,0,0,0,819.5,-2.963333333333333,0.9932885906040269
2012-11-11,884,16.4,9.0,6.3,0.0,38.5,0,0,0,0,0,819.5,9.036666666666665,1.0787065283709578
2012-11-04,731,6.0,4.6,0.0,0.0,13.0,0,0,0,0,0,819.5,-1.3633333333333333,0.8920073215375229
2012-11-18,849,9.7,3.2,0.0,0.0,15.1,0,0,0,0,0,819.5,2.336666666666666,1.0359975594874924
2012-11-12,795,7.5,-1.3,4.8,0.07,31.8,0,0,0,0,0,838.0,0.13666666666666671,0.9486873508353222
2012-11-19,867,10.9,5.6,3.1,0.0,15.1,0,0,0,0,0,838.0,3.536666666666667,1.0346062052505967
2012-11-05,891,4.8,3.7,0.0,0.0,12.7,0,0,0,0,0,838.0,-2.5633333333333335,1.0632458233890214
2012-11-26,799,1.5,-1.2,0.0,0.0,17.7,0,0,0,0,0,838.0,-5.863333333333333,0.9534606205250596
2012-11-20,925,9.7,7.5,0.3,0.0,13.0,0,0,0,0,0,836.5,2.336666666666666,1.105797967722654
2012-11-13,826,2.3,-2.5,0.0,0.0,23.6,0,0,0,0,0,836.5,-5.0633333333333335,0.9874476987447699
2012-11-06,786,5.0,1.5,2.4,0.0,16.5,0,0,0,0,0,836.5,-2.3633333333333333,0.9396294082486552
2012-11-27,809,-0.1,-3.6,0.0,0.0,19.7,0,0,0,0,0,836.5,-7.463333333333333,0.9671249252839211
2012-11-14,847,5.2,0.3,0.0,0.0,16.6,0,0,0,0,0,868.0,-2.163333333333333,0.9758064516129032
2012-11-28,858,4.6,-1.5,0.0,0.0,21.1,0,0,0,0,0,868.0,-2.7633333333333336,0.988479262672811
2012-11-07,875,6.6,4.4,0.4,0.0,11.7,0,0,0,0,0,868.0,-0.7633333333333336,1.0080645161290323
2012-11-21,892,10.4,4.2,0.0,0.0,21.5,0,0,0,0,0,868.0,3.036666666666667,1.0276497695852536
2012-11-08,853,7.1,4.8,0.0,0.0,16.9,0,0,0,0,0,890.6,-0.26333333333333364,0.9577812710532225
2012-11-22,660,13.6,7.4,1.0,0.0,31.1,0,0,0,0,0,890.6,6.236666666666666,0.7410734336402425
2012-11-01,1075,9.2,2.7,0.0,0.0,19.9,0,0,0,0,0,890.6,1.836666666666666,1.2070514260049405
2012-11-15,948,6.5,0.2,0.0,0.0,13.8,0,0,0,0,0,890.6,-0.8633333333333333,1.0644509319559847
2012-11-29,917,7.7,0.6,0.0,0.0,19.0,0,0,0,0,0,890.6,0.3366666666666669,1.0296429373456097
2012-11-30,991,7.1,4.1,0.0,0.0,11.9,0,0,0,0,0,930.4,-0.26333333333333364,1.0651332760103183
2012-11-02,932,6.1,3.6,0.0,0.0,22.1,0,0,0,0,0,930.4,-1.2633333333333336,1.001719690455718
2012-11-09,1001,10.7,3.7,0.0,0.0,15.5,0,0,0,0,0,930.4,3.336666666666666,1.0758813413585555
2012-11-16,941,8.3,0.9,0.0,0.0,10.5,0,0,0,0,0,930.4,0.9366666666666674,1.0113929492691316
2012-11-23,787,10.8,-0.7,0.0,0.0,36.1,0,0,0,0,0,930.4,3.4366666666666674,0.8458727429062769
2012-11-24,838,-0.8,-2.1,0.0,0.0,21.3,0,0,0,0,0,873.0,-8.163333333333334,0.9599083619702177
2012-11-03,802,5.7,5.0,0.3,0.0,15.3,0,0,0,0,0,873.0,-1.663333333333333,0.9186712485681557
2012-11-10,977,15.6,9.3,0.4,0.0,35.3,0,0,0,0,0,873.0,8.236666666666666,1.1191294387170676
2012-11-17,875,8.4,1.5,0.0,0.0,15.5,0,0,0,0,0,873.0,1.036666666666667,1.002290950744559
2012-12-09,761,4.7,2.3,5.3,0.14,22.5,0,0,0,0,0,772.8,0.10322580645161228,0.9847308488612837
2012-12-16,790,7.4,3.4,0.0,0.0,18.7,0,0,0,0,0,772.8,2.8032258064516125,1.022256728778468
2012-12-23,764,0.9,-3.0,0.0,0.0,19.1,0,0,0,0,0,772.8,-3.696774193548388,0.9886128364389235
2012-12-30,707,0.1,-7.0,0.0,0.0,25.7,0,0,0,0,0,772.8,-4.496774193548388,0.9148550724637682
2012-12-02,842,12.7,7.0,2.4,0.0,29.0,0,0,0,0,0,772.8,8.103225806451611,1.089544513457557
2012-12-24,709,0.8,-1.1,0.0,0.07,19.8,0,0,0,0,0,813.2,-3.796774193548388,0.8718642400393507
2012-12-31,740,0.6,-4.6,0.0,0.21,27.6,0,0,0,0,0,813.2,-3.996774193548388,0.9099852434825381
2012-12-17,829,3.4,2.0,0.0,0.0,13.7,0,0,0,0,0,813.2,-1.196774193548388,1.0194294146581406
2012-12-10,854,2.7,-0.5,0.2,0.07,24.6,0,0,0,0,0,813.2,-1.8967741935483877,1.0501721593703885
2012-12-03,934,16.2,7.6,0.9,0.0,33.3,0,0,0,0,0,813.2,11.603225806451611,1.1485489424495818
2012-12-04,917,13.5,6.1,1.3,0.0,25.5,0,0,0,0,0,779.25,8.903225806451612,1.176772537696503
2012-12-18,852,4.2,0.3,0.8,0.14,19.8,0,0,0,0,0,779.25,-0.3967741935483877,1.093358999037536
2012-12-11,826,1.1,-3.0,0.0,0.0,24.9,0,0,0,0,0,779.25,-3.496774193548388,1.0599935835739493
2012-12-25,522,0.3,-1.5,0.4,0.42,24.0,0,0,0,0,0,779.25,-4.296774193548388,0.6698748796920115
2012-12-12,914,5.4,-1.1,0.0,0.0,24.3,0,0,0,0,0,818.5,0.8032258064516125,1.1166768478924862
2012-12-05,862,5.1,-0.0,0.0,0.0,18.3,0,0,0,0,0,818.5,0.5032258064516117,1.053145998778253
2012-12-19,877,4.1,-0.2,0.8,0.0,24.3,0,0,0,0,0,818.5,-0.49677419354838825,1.0714722052535126
2012-12-26,621,-0.2,-0.9,0.0,0.28,35.4,0,0,0,0,0,818.5,-4.796774193548388,0.7587049480757483
2012-12-06,876,6.1,0.3,0.6,0.0,18.4,0,0,0,0,0,799.5,1.5032258064516117,1.0956848030018762
2012-12-13,810,7.2,0.8,0.0,0.0,27.3,0,0,0,0,0,799.5,2.6032258064516123,1.0131332082551594
2012-12-27,684,0.5,-0.8,0.0,0.0,22.3,0,0,0,0,0,799.5,-4.096774193548388,0.8555347091932458
2012-12-20,828,8.3,1.3,35.5,3.29,47.4,1,1,0,0,1,799.5,3.703225806451613,1.0356472795497185
2012-12-14,955,6.5,-0.4,0.0,0.0,15.5,0,0,0,0,0,872.25,1.903225806451612,1.0948695901404415
2012-12-28,856,0.1,-1.1,1.1,0.84,16.6,0,0,0,0,0,872.25,-4.496774193548388,0.9813700200630553
2012-12-07,899,5.6,4.5,3.1,0.0,15.6,0,0,0,0,0,872.25,1.0032258064516117,1.0306678131269704
2012-12-21,779,1.2,-3.8,3.3,2.03,46.7,0,1,0,0,1,872.25,-3.3967741935483877,0.8930925766695328
2012-12-22,732,0.0,-4.9,0.0,0.0,20.9,0,0,0,0,0,846.8,-4.596774193548388,0.8644307982994804
2012-12-08,778,5.1,3.3,3.1,0.0,20.8,0,0,0,0,0,846.8,0.5032258064516117,0.9187529522909779
2012-12-01,1059,11.8,2.6,0.1,0.0,28.9,0,0,0,0,0,846.8,7.203225806451613,1.2505904581955598
2012-12-29,806,-0.7,-4.2,0.3,0.42,25.8,0,0,0,0,0,846.8,-5.296774193548388,0.9518186112423241
2012-12-15,859,7.8,4.4,7.6,0.0,29.8,0,0,0,0,0,846.8,3.203225806451612,1.014407179971658
2013-01-27,705,0.7,-5.5,8.2,1.26,30.4,0,0,0,0,0,700.5,-0.019354838709677358,1.006423982869379
2013-01-06,699,1.0,-3.0,0.0,0.0,25.1,0,0,0,0,0,700.5,0.2806451612903227,0.9978586723768736
2013-01-13,710,0.4,-7.3,3.7,1.33,23.8,0,0,0,0,0,700.5,-0.3193548387096773,1.0135617416131335
2013-01-20,688,1.5,-8.5,0.0,0.0,43.4,0,0,0,0,0,700.5,0.7806451612903227,0.9821556031406139
2013-01-07,819,2.9,-5.0,0.0,0.0,30.3,0,0,0,0,0,784.0,2.1806451612903226,1.0446428571428572
2013-01-14,745,-4.7,-10.1,0.0,0.0,23.1,0,0,0,0,0,784.0,-5.419354838709678,0.9502551020408163
2013-01-21,665,-8.7,-13.5,0.0,0.0,27.7,0,0,0,1,0,784.0,-9.419354838709676,0.8482142857142857
2013-01-28,907,6.5,1.1,4.6,0.0,27.1,0,0,0,0,0,784.0,5.780645161290323,1.156887755102041
2013-01-01,1440,-4.8,-8.9,0.0,0.0,18.8,0,0,0,0,0,927.0,-5.519354838709678,1.5533980582524272
2013-01-22,693,-11.3,-16.4,0.0,0.0,23.7,0,0,0,1,0,927.0,-12.019354838709678,0.7475728155339806
2013-01-08,755,3.3,-1.6,0.0,0.0,29.5,0,0,0,0,0,927.0,2.5806451612903225,0.81445523193096
2013-01-29,906,10.3,1.7,26.3,0.0,31.3,1,0,0,0,0,927.0,9.580645161290324,0.9773462783171522
2013-01-15,841,-1.9,-6.7,0.0,0.0,10.0,0,0,0,0,0,927.0,-2.6193548387096772,0.9072276159654801
2013-01-16,832,1.7,-5.7,0.0,0.0,30.8,0,0,0,0,0,824.0,0.9806451612903226,1.0097087378640777
2013-01-30,856,9.0,-4.5,16.0,1.26,31.2,1,0,0,0,0,824.0,8.280645161290323,1.0388349514563107
2013-01-02,750,-2.6,-10.9,0.0,0.0,20.7,0,0,0,0,0,824.0,-3.3193548387096774,0.9101941747572816
2013-01-09,884,6.6,-0.4,0.0,0.0,30.3,0,0,0,0,0,824.0,5.880645161290323,1.0728155339805825
2013-01-23,798,-5.2,-12.6,0.0,0.07,30.3,0,0,0,1,0,824.0,-5.919354838709678,0.9684466019417476
2013-01-31,754,-5.4,-12.4,0.0,0.07,33.5,0,0,0,1,0,818.4,-6.119354838709677,0.9213098729227762
2013-01-17,849,0.0,-4.0,0.0,0.0,21.4,0,0,0,0,0,818.4,-0.7193548387096773,1.0373900293255132
2013-01-24,863,-6.3,-10.8,0.0,0.21,33.2,0,0,0,1,0,818.4,-7.019354838709678,1.054496578690127
2013-01-10,850,4.2,-1.8,8.0,0.0,23.1,0,0,0,0,0,818.4,3.480645161290323,1.0386119257086999
2013-01-03,776,-1.3,-6.1,0.0,0.0,21.8,0,0,0,0,0,818.4,-2.0193548387096776,0.9481915933528837
2013-01-18,928,4.4,-5.2,0.0,0.0,37.5,0,0,0,0,0,880.75,3.680645161290323,1.0536474595515186
2013-01-04,866,1.7,-7.7,0.0,0.0,32.0,0,0,0,0,0,880.75,0.9806451612903226,0.9832529094521715
2013-01-11,905,8.9,4.0,10.7,0.0,28.9,1,0,0,0,0,880.75,8.180645161290323,1.0275333522565995
2013-01-25,824,-1.8,-7.6,1.7,1.33,22.3,0,0,0,0,0,880.75,-2.5193548387096776,0.9355662787397104
2013-01-12,763,8.1,0.7,0.6,0.14,31.1,0,0,0,0,0,808.25,7.380645161290323,0.9440148468914321
2013-01-26,797,-4.4,-8.9,0.0,0.0,21.1,0,0,0,0,0,808.25,-5.119354838709677,0.9860810392824002
2013-01-19,885,6.7,2.3,0.0,0.0,41.9,0,0,0,0,0,808.25,5.980645161290322,1.0949582431178473
2013-01-05,788,2.8,-3.5,0.9,0.49,26.5,0,0,0,0,0,808.25,2.0806451612903225,0.9749458707083204
2013-02-17,692,-2.9,-11.4,0.0,0.0,20.5,0,0,0,0,0,681.0,-2.1392857142857142,1.0161527165932451
2013-02-03,593,-5.4,-12.0,0.0,0.07,25.0,0,0,0,1,0,681.0,-4.639285714285714,0.8707782672540382
2013-02-10,762,5.5,-2.6,10.8,0.0,36.3,1,0,0,0,0,681.0,6.260714285714286,1.118942731277533
2013-02-24,677,0.2,-7.4,0.0,0.0,16.4,0,0,0,0,0,681.0,0.9607142857142859,0.9941262848751835
2013-02-04,729,-2.8,-8.1,4.6,3.29,20.1,0,1,0,0,0,751.0,-2.039285714285714,0.9707057256990679
2013-02-18,758,7.7,-4.6,7.8,0.0,34.6,0,0,0,0,0,751.0,8.460714285714285,1.0093209054593875
2013-02-25,757,1.0,-6.9,0.0,0.0,20.7,0,0,0,0,0,751.0,1.7607142857142857,1.007989347536618
2013-02-11,760,4.9,-2.8,0.0,0.0,40.8,0,0,0,0,0,751.0,5.6607142857142865,1.0119840213049267
2013-02-12,785,-0.6,-5.1,0.0,0.0,20.2,0,0,0,0,0,749.75,0.1607142857142858,1.0470156718906303
2013-02-26,675,-0.2,-1.7,23.1,15.89,35.1,1,1,0,0,0,749.75,0.5607142857142857,0.9003001000333445
2013-02-19,750,1.1,-10.5,1.6,0.49,34.0,0,0,0,0,0,749.75,1.8607142857142858,1.0003334444814937
2013-02-05,789,-1.2,-11.0,1.4,1.12,24.4,0,0,0,0,0,749.75,-0.43928571428571417,1.0523507835945316
2013-02-20,769,-5.8,-14.3,0.0,0.0,22.7,0,0,0,1,0,820.5,-5.039285714285714,0.9372333942717855
2013-02-06,826,0.6,-5.6,0.0,0.0,18.6,0,0,0,0,0,820.5,1.3607142857142858,1.0067032297379646
2013-02-27,826,0.1,-0.8,8.7,5.88,22.4,0,1,0,0,0,820.5,0.8607142857142858,1.0067032297379646
2013-02-13,861,3.0,-8.0,0.0,0.0,12.3,0,0,0,0,0,820.5,3.7607142857142857,1.0493601462522852
2013-02-14,750,2.9,-2.7,0.0,0.0,30.6,0,0,0,0,0,770.0,3.6607142857142856,0.974025974025974
2013-02-21,768,-2.5,-10.5,0.9,0.7,26.7,0,0,0,0,0,770.0,-1.7392857142857143,0.9974025974025974
2013-02-28,809,-0.3,-3.3,0.5,0.77,27.0,0,0,0,0,0,770.0,0.4607142857142858,1.0506493506493506
2013-02-07,753,0.5,-1.8,20.4,10.71,20.5,1,1,0,0,0,770.0,1.2607142857142857,0.977922077922078
2013-02-08,816,-0.6,-6.5,2.2,1.61,32.7,0,0,0,0,0,850.5,0.1607142857142858,0.9594356261022927
2013-02-22,763,0.6,-5.4,8.9,6.37,29.9,0,1,0,0,0,850.5,1.3607142857142858,0.897119341563786
2013-02-01,890,-10.5,-16.6,0.1,0.07,29.1,0,0,0,1,0,850.5,-9.739285714285714,1.046443268665491
2013-02-15,933,-1.4,-5.8,0.1,0.21,20.2,0,0,0,0,0,850.5,-0.6392857142857141,1.0970017636684304
2013-02-23,697,-2.9,-4.9,0.0,0.0,21.1,0,0,0,0,0,731.75,-2.1392857142857142,0.9525111035189614
2013-02-02,738,-6.0,-10.5,2.8,2.03,19.5,0,1,0,1,0,731.75,-5.239285714285714,1.0085411684318415
2013-02-16,691,-6.6,-10.3,0.0,0.0,21.9,0,0,0,1,0,731.75,-5.8392857142857135,0.9443115818243936
2013-02-09,801,0.3,-7.8,0.0,0.0,17.9,0,0,0,0,0,731.75,1.0607142857142857,1.0946361462248035
2013-03-17,773,-0.4,-6.5,0.0,0.0,22.3,0,0,0,0,0,748.4,-1.4290322580645158,1.032870122928915
2013-03-31,768,9.5,2.9,0.6,0.0,25.9,0,0,0,0,0,748.4,8.470967741935484,1.0261892036344202
2013-03-24,789,0.2,-4.0,2.5,2.24,33.4,0,1,0,0,0,748.4,-0.829032258064516,1.0542490646712988
2013-03-03,718,-3.1,-12.1,0.0,0.0,13.1,0,0,0,0,0,748.4,-4.129032258064516,0.9593800106894709
2013-03-10,694,6.1,3.3,26.0,0.0,29.2,1,0,0,0,0,748.4,5.070967741935483,0.9273115980758952
2013-03-04,814,-1.3,-10.0,0.0,0.0,15.8,0,0,0,0,0,797.75,-2.329032258064516,1.020369790034472
2013-03-18,795,1.3,-4.4,3.3,2.45,34.6,0,1,0,0,0,797.75,0.2709677419354841,0.996552804763397
2013-03-11,824,5.6,-0.2,1.7,0.0,22.4,0,0,0,0,0,797.75,4.570967741935483,1.0329050454403008
2013-03-25,758,0.0,-2.9,0.1,0.21,30.6,0,0,0,0,0,797.75,-1.029032258064516,0.9501723597618301
2013-03-19,771,0.3,-8.5,0.0,0.0,35.6,0,0,0,0,0,771.25,-0.7290322580645159,0.9996758508914101
2013-03-05,697,-1.3,-3.0,15.8,11.06,26.8,1,1,0,0,0,771.25,-2.329032258064516,0.9037277147487844
2013-03-26,775,1.8,-3.3,0.0,0.0,15.3,0,0,0,0,0,771.25,0.7709677419354841,1.0048622366288493
2013-03-12,842,1.0,-2.7,0.1,0.49,24.8,0,0,0,0,0,771.25,-0.029032258064515926,1.0917341977309563
2013-03-06,724,-0.2,-4.4,0.1,0.07,25.2,0,0,0,0,0,778.25,-1.2290322580645159,0.9302923225184709
2013-03-27,775,2.4,-4.3,0.0,0.0,13.1,0,0,0,0,0,778.25,1.370967741935484,0.9958239640218439
2013-03-20,789,-5.6,-9.4,0.0,0.0,24.1,0,0,0,1,0,778.25,-6.629032258064516,1.0138130420815934
2013-03-13,825,-0.6,-6.5,0.1,0.14,25.8,0,0,0,0,0,778.25,-1.629032258064516,1.0600706713780919
2013-03-14,843,0.5,-7.6,0.0,0.14,15.8,0,0,0,0,0,816.5,-0.5290322580645159,1.0324556031843233
2013-03-28,833,3.4,-3.0,0.0,0.0,11.1,0,0,0,0,0,816.5,2.370967741935484,1.0202082057562767
2013-03-07,831,-0.1,-3.9,0.0,0.0,10.2,0,0,0,0,0,816.5,-1.129032258064516,1.0177587262706675
2013-03-21,759,-1.6,-10.6,0.0,0.0,19.8,0,0,0,0,0,816.5,-2.629032258064516,0.9295774647887324
2013-03-08,880,0.7,-6.9,0.0,0.0,14.3,0,0,0,0,0,900.8,-0.32903225806451597,0.9769094138543517
2013-03-29,874,5.3,-1.7,0.0,0.0,14.1,0,0,0,0,0,900.8,4.270967741935484,0.9702486678507993
2013-03-01,1008,-2.4,-7.6,0.0,0.42,28.4,0,0,0,0,0,900.8,-3.429032258064516,1.119005328596803
2013-03-15,878,2.8,-4.3,3.0,0.0,17.1,0,0,0,0,0,900.8,1.770967741935484,0.974689165186501
2013-03-22,864,-0.4,-7.4,0.0,0.0,10.8,0,0,0,0,0,900.8,-1.4290322580645158,0.9591474245115453
2013-03-30,869,10.0,-1.9,0.0,0.0,20.2,0,0,0,0,0,817.0,8.970967741935484,1.0636474908200735
2013-03-16,827,-1.2,-4.8,0.9,0.0,26.3,0,0,0,0,0,817.0,-2.2290322580645157,1.0122399020807833
2013-03-23,784,-0.1,-6.6,0.0,0.0,16.1,0,0,0,0,0,817.0,-1.129032258064516,0.9596083231334149
2013-03-02,766,-4.0,-9.2,0.0,0.0,24.8,0,0,0,0,0,817.0,-5.029032258064516,0.9375764993880049
2013-03-09,839,3.3,-3.9,1.5,0.0,24.6,0,0,0,0,0,817.0,2.270967741935484,1.0269277845777234
2013-04-14,828,13.9,1.5,0.1,0.0,32.7,0,0,0,0,0,798.0,4.626666666666667,1.037593984962406
2013-04-07,797,9.9,3.4,0.4,0.0,30.4,0,0,0,0,0,798.0,0.6266666666666669,0.9987468671679198
2013-04-21,773,8.5,0.1,0.0,0.0,20.4,0,0,0,0,0,798.0,-0.7733333333333334,0.968671679197995
2013-04-28,794,9.9,7.1,2.1,0.0,11.4,0,0,0,0,0,798.0,0.6266666666666669,0.9949874686716792
2013-04-01,954,2.4,-2.0,0.0,0.0,23.9,0,0,0,0,0,902.6,-6.873333333333333,1.0569465987148239
2013-04-22,915,11.9,3.7,0.0,0.0,20.3,0,0,0,0,0,902.6,2.626666666666667,1.013738089962331
2013-04-15,843,13.2,7.2,14.2,0.0,40.3,1,0,0,0,0,902.6,3.926666666666666,0.9339685353423444
2013-04-29,905,17.0,7.4,0.0,0.0,23.3,0,0,0,0,0,902.6,7.726666666666667,1.0026589851539995
2013-04-08,896,13.9,2.9,14.5,0.0,40.0,1,0,0,0,0,902.6,4.626666666666667,0.9926877908265012
2013-04-30,861,20.8,12.8,0.0,0.0,34.2,0,0,0,0,0,830.2,11.526666666666667,1.0370994940978078
2013-04-16,862,6.8,4.4,3.1,0.0,15.2,0,0,0,0,0,830.2,-2.4733333333333336,1.0383040231269574
2013-04-09,825,11.5,2.5,3.4,0.0,28.0,0,0,0,0,0,830.2,2.2266666666666666,0.9937364490484221
2013-04-23,764,11.6,2.1,12.9,0.0,20.2,1,0,0,0,0,830.2,2.326666666666666,0.9202601782702963
2013-04-02,839,2.1,-2.9,0.0,0.0,16.3,0,0,0,0,0,830.2,-7.173333333333334,1.0105998554565165
2013-04-10,852,3.0,1.8,13.7,0.0,29.0,1,0,0,0,0,826.25,-6.273333333333333,1.0311649016641453
2013-04-17,719,8.6,3.7,20.5,0.0,26.5,1,0,0,0,0,826.25,-0.6733333333333338,0.870196671709531
2013-04-03,827,1.1,-2.8,0.0,0.0,15.5,0,0,0,0,0,826.25,-8.173333333333334,1.0009077155824508
2013-04-24,907,7.3,1.9,1.0,0.0,20.2,0,0,0,0,0,826.25,-1.9733333333333336,1.097730711043873
2013-04-18,798,15.4,4.9,49.7,0.0,34.8,1,0,0,0,0,855.5,6.126666666666667,0.9327878433664524
2013-04-25,876,8.1,4.5,0.3,0.0,25.3,0,0,0,0,0,855.5,-1.1733333333333338,1.0239625949736997
2013-04-04,934,7.9,-2.6,0.0,0.0,14.2,0,0,0,0,0,855.5,-1.373333333333333,1.091759205143191
2013-04-11,814,7.9,2.1,22.0,0.0,29.7,1,0,0,0,0,855.5,-1.373333333333333,0.9514903565166569
2013-04-26,962,14.2,3.6,0.0,0.0,24.9,0,0,0,0,0,907.75,4.926666666666666,1.0597631506472047
2013-04-19,847,5.6,2.0,0.9,0.0,40.8,0,0,0,0,0,907.75,-3.673333333333334,0.933076287524098
2013-04-05,900,4.3,-0.1,0.0,0.0,25.9,0,0,0,0,0,907.75,-4.973333333333334,0.9914624070503993
2013-04-12,922,5.9,2.0,0.0,0.0,27.4,0,0,0,0,0,907.75,-3.373333333333333,1.015698154778298
2013-04-13,842,5.5,0.8,0.0,0.07,27.0,0,0,0,0,0,830.5,-3.7733333333333334,1.0138470800722457
2013-04-27,869,12.5,5.3,0.0,0.0,14.8,0,0,0,0,0,830.5,3.2266666666666666,1.0463576158940397
2013-04-06,807,14.1,0.0,1.8,0.14,33.7,0,0,0,0,0,830.5,4.826666666666666,0.9717037928958459
2013-04-20,804,3.4,-0.3,0.0,0.0,21.6,0,0,0,0,0,830.5,-5.873333333333333,0.9680915111378687
2013-05-05,827,12.6,8.2,0.0,0.0,19.0,0,0,0,0,0,822.25,-4.916129032258068,1.0057768318637883
2013-05-12,834,8.1,4.7,0.0,0.0,21.0,0,0,0,0,0,822.25,-9.416129032258068,1.0142900577683187
2013-05-26,778,16.5,9.3,6.1,0.0,15.4,0,0,0,0,0,822.25,-1.0161290322580676,0.9461842505320767
2013-05-19,850,24.1,16.2,0.0,0.0,20.4,0,0,0,0,0,822.25,6.583870967741934,1.0337488598358164
2013-05-13,895,12.2,3.7,0.0,0.0,17.2,0,0,0,0,0,876.25,-5.316129032258068,1.0213980028530671
2013-05-20,961,25.8,20.4,0.0,0.0,27.6,0,0,0,0,0,876.25,8.283870967741933,1.096718972895863
2013-05-06,878,12.5,8.3,0.0,0.0,15.1,0,0,0,0,0,876.25,-5.016129032258068,1.001997146932953
2013-05-27,771,15.3,13.4,20.4,0.0,25.3,1,0,0,0,0,876.25,-2.216129032258067,0.879885877318117
2013-05-21,931,24.5,19.0,2.6,0.0,36.8,0,0,0,0,0,898.5,6.983870967741932,1.0361713967723984
2013-05-07,909,14.6,7.3,0.0,0.0,10.7,0,0,0,0,0,898.5,-2.916129032258068,1.011686143572621
2013-05-28,848,22.0,15.3,20.2,0.0,25.9,1,0,0,0,0,898.5,4.483870967741932,0.9437952142459655
2013-05-14,906,23.7,12.0,0.0,0.0,24.7,0,0,0,0,0,898.5,6.183870967741932,1.008347245409015
2013-05-22,910,20.5,14.4,3.6,0.0,18.9,0,0,0,0,0,997.2,2.9838709677419324,0.9125551544324108
2013-05-08,965,15.9,9.7,0.0,0.0,13.7,0,0,0,0,0,997.2,-1.6161290322580673,0.9677095868431608
2013-05-01,1170,19.7,13.9,0.0,0.0,21.5,0,0,0,0,0,997.2,2.1838709677419317,1.1732851985559567
2013-05-15,1037,21.8,13.4,0.0,0.0,31.7,0,0,0,0,0,997.2,4.283870967741933,1.0399117529081428
2013-05-29,904,24.0,18.3,3.9,0.0,23.8,0,0,0,0,0,997.2,6.483870967741932,0.9065383072603289
2013-05-30,947,24.6,20.6,3.0,0.0,31.3,0,0,0,0,0,884.8,7.083870967741934,1.0702983725135624
2013-05-16,973,21.8,12.0,0.0,0.0,16.8,0,0,0,0,0,884.8,4.283870967741933,1.0996835443037976
2013-05-02,827,16.0,4.5,2.8,0.0,27.5,0,0,0,0,0,884.8,-1.5161290322580676,0.9346745027124774
2013-05-09,837,19.5,12.1,27.3,0.0,17.3,1,0,0,0,0,884.8,1.9838709677419324,0.9459764918625678
2013-05-23,840,13.6,7.2,1.6,0.0,39.3,0,0,0,0,0,884.8,-3.916129032258068,0.949367088607595
2013-05-03,903,10.1,4.0,5.3,0.0,26.8,0,0,0,0,0,936.0,-7.416129032258068,0.9647435897435898
2013-05-10,917,13.6,5.6,4.5,0.0,28.0,0,0,0,0,0,936.0,-3.916129032258068,0.9797008547008547
2013-05-24,936,9.3,6.2,0.0,0.0,28.2,0,0,0,0,0,936.0,-8.216129032258067,1.0
2013-05-31,934,22.8,18.4,13.2,0.0,29.1,1,0,0,0,0,936.0,5.283870967741933,0.9978632478632479
2013-05-17,990,18.5,12.3,0.1,0.0,17.6,0,0,0,0,0,936.0,0.9838709677419324,1.0576923076923077
2013-05-18,946,19.7,14.7,0.0,0.0,14.7,0,0,0,0,0,882.5,2.1838709677419317,1.0719546742209631
2013-05-11,833,13.3,5.0,1.3,0.0,31.2,0,0,0,0,0,882.5,-4.216129032258067,0.9439093484419263
2013-05-04,913,14.7,11.2,0.2,0.0,18.1,0,0,0,0,0,882.5,-2.8161290322580683,1.0345609065155807
2013-05-25,838,11.7,6.9,0.3,0.0,14.2,0,0,0,0,0,882.5,-5.816129032258068,0.9495750708215297
2013-06-09,831,23.6,17.4,1.3,0.0,20.2,0,0,0,0,0,888.8,0.8900000000000112,0.934968496849685
2013-06-16,957,26.5,20.2,4.5,0.0,28.8,0,0,0,0,0,888.8,3.79000000000001,1.0767326732673268
2013-06-02,832,17.4,10.4,0.7,0.0,22.1,0,0,0,0,0,888.8,-5.309999999999992,0.9360936093609361
2013-06-30,935,20.0,17.8,0.6,0.0,28.0,0,0,0,0,0,888.8,-2.70999999999999,1.051980198019802
2013-06-23,889,27.9,21.3,0.0,0.0,20.0,0,0,0,0,0,888.8,5.190000000000008,1.0002250225022502
2013-06-10,888,20.2,17.4,5.3,0.0,13.7,0,0,0,0,0,912.75,-2.509999999999991,0.9728841413311422
2013-06-03,914,16.2,9.1,0.0,0.0,15.1,0,0,0,0,0,912.75,-6.509999999999991,1.0013694878115584
2013-06-17,1023,28.3,18.8,0.0,0.0,23.5,0,0,0,0,0,912.75,5.5900000000000105,1.1207888249794578
2013-06-24,826,27.0,21.3,2.8,0.0,22.2,0,0,0,0,0,912.75,4.29000000000001,0.9049575458778417
2013-06-04,858,18.2,12.4,0.0,0.0,18.2,0,0,0,0,0,889.5,-4.509999999999991,0.9645868465430016
2013-06-25,913,28.4,20.6,8.8,0.0,16.1,0,0,0,0,0,889.5,5.690000000000008,1.0264193367060146
2013-06-11,857,25.8,16.9,0.1,0.0,9.9,0,0,0,0,0,889.5,3.0900000000000105,0.9634626194491287
2013-06-18,930,18.9,16.0,0.0,0.0,23.9,0,0,0,0,0,889.5,-3.8099999999999916,1.045531197301855
2013-06-26,953,25.3,22.0,7.5,0.0,24.3,0,0,0,0,0,896.75,2.5900000000000105,1.0627265124059102
2013-06-12,830,25.5,19.5,6.7,0.0,25.1,0,0,0,0,0,896.75,2.79000000000001,0.9255645386116532
2013-06-19,900,19.9,15.1,0.0,0.0,14.6,0,0,0,0,0,896.75,-2.8099999999999916,1.0036241984945637
2013-06-05,904,19.7,15.4,1.3,0.0,21.0,0,0,0,0,0,896.75,-3.009999999999991,1.008084750487873
2013-06-27,875,29.9,20.9,1.3,0.0,17.5,0,0,0,0,0,930.5,7.190000000000008,0.9403546480386888
2013-06-06,961,16.2,13.2,2.3,0.0,22.9,0,0,0,0,0,930.5,-6.509999999999991,1.032778076303063
2013-06-20,969,25.3,17.0,0.0,0.0,17.8,0,0,0,0,0,930.5,2.5900000000000105,1.0413756045137024
2013-06-13,917,18.4,14.1,0.0,0.0,29.5,0,0,0,0,0,930.5,-4.309999999999992,0.9854916711445459
2013-06-21,904,26.8,21.2,0.1,0.0,37.7,0,0,0,0,0,925.25,4.0900000000000105,0.9770332342610105
2013-06-14,1009,19.4,13.2,0.0,0.0,23.3,0,0,0,0,0,925.25,-3.3099999999999916,1.0905160767360174
2013-06-28,910,25.8,20.3,0.5,0.0,24.2,0,0,0,0,0,925.25,3.0900000000000105,0.9835179681167252
2013-06-07,878,15.5,12.7,0.0,0.0,19.1,0,0,0,0,0,925.25,-7.20999999999999,0.9489327208862469
2013-06-08,923,19.5,11.9,0.0,0.0,13.2,0,0,0,0,0,946.2,-3.20999999999999,0.9754808708518283
2013-06-22,922,28.5,22.5,0.0,0.0,21.0,0,0,0,0,0,946.2,5.79000000000001,0.9744240118368209
2013-06-15,898,23.5,16.6,13.1,0.0,19.5,1,0,0,0,0,946.2,0.7900000000000098,0.9490593954766434
2013-06-29,903,19.9,17.5,6.3,0.0,26.3,0,0,0,0,0,946.2,-2.8099999999999916,0.9543436905516803
2013-06-01,1085,23.8,17.7,2.0,0.0,32.1,0,0,0,0,0,946.2,1.0900000000000105,1.1466920312830269
2013-07-28,859,18.3,13.5,0.2,0.0,22.3,0,0,0,0,0,909.5,-7.058064516129033,0.9444749862561848
2013-07-21,929,28.4,22.1,2.5,0.0,16.1,0,0,0,0,0,909.5,3.041935483870965,1.0214403518416713
2013-07-07,904,28.5,21.2,0.8,0.0,16.9,0,0,0,0,0,909.5,3.1419354838709666,0.9939527212754261
2013-07-14,946,27.3,21.8,0.0,0.0,16.1,0,0,0,0,0,909.5,1.9419354838709673,1.040131940626718
2013-07-01,1078,20.7,17.6,0.0,0.0,27.9,0,0,0,0,0,974.6,-4.658064516129034,1.1060948081264108
2013-07-08,884,26.2,23.4,6.6,0.0,27.7,0,0,0,0,0,974.6,0.8419354838709658,0.9070387851426226
2013-07-15,1018,29.0,23.7,0.8,0.0,12.0,0,0,0,0,0,974.6,3.6419354838709666,1.0445310896778166
2013-07-29,891,20.3,15.2,0.0,0.0,16.8,0,0,0,0,0,974.6,-5.058064516129033,0.9142212189616252
2013-07-22,1002,28.7,22.3,2.1,0.0,18.9,0,0,0,0,0,974.6,3.341935483870966,1.0281140980915247
2013-07-16,907,30.8,24.5,0.5,0.0,12.5,0,0,1,0,0,897.6,5.441935483870967,1.0104723707664884
2013-07-02,880,18.9,16.4,3.2,0.0,21.7,0,0,0,0,0,897.6,-6.458064516129035,0.9803921568627451
2013-07-30,891,21.8,17.5,1.3,0.0,14.7,0,0,0,0,0,897.6,-3.5580645161290327,0.9926470588235294
2013-07-23,925,25.8,18.5,2.7,0.0,26.6,0,0,0,0,0,897.6,0.44193548387096726,1.0305258467023173
2013-07-09,885,29.0,22.3,2.2,0.0,19.2,0,0,0,0,0,897.6,3.6419354838709666,0.9859625668449198
2013-07-31,843,22.8,19.2,0.0,0.0,15.0,0,0,0,0,0,898.0,-2.5580645161290327,0.9387527839643652
2013-07-17,932,31.9,24.7,0.0,0.0,12.2,0,0,1,0,0,898.0,6.541935483870965,1.0378619153674833
2013-07-24,964,19.1,16.2,0.0,0.0,24.5,0,0,0,0,0,898.0,-6.258064516129032,1.0734966592427617
2013-07-03,879,21.2,17.6,2.7,0.0,11.0,0,0,0,0,0,898.0,-4.158064516129034,0.9788418708240535
2013-07-10,872,25.8,21.8,1.3,0.0,19.2,0,0,0,0,0,898.0,0.44193548387096726,0.9710467706013363
2013-07-04,946,26.1,17.8,0.0,0.0,16.6,0,0,0,0,0,917.25,0.741935483870968,1.0313436903788498
2013-07-11,885,23.6,19.5,0.0,0.0,13.9,0,0,0,0,0,917.25,-1.758064516129032,0.9648405560098119
2013-07-18,920,31.8,25.9,0.0,0.0,18.9,0,0,1,0,0,917.25,6.441935483870967,1.0029980921231942
2013-07-25,918,24.9,17.2,0.0,0.0,13.7,0,0,0,0,0,917.25,-0.45806451612903487,1.0008176614881439
2013-07-19,904,32.2,26.3,0.2,0.0,29.8,0,0,1,0,0,958.0,6.841935483870969,0.9436325678496869
2013-07-12,947,24.5,18.3,0.0,0.0,13.3,0,0,0,0,0,958.0,-0.8580645161290334,0.988517745302714
2013-07-05,989,26.6,19.1,0.0,0.0,14.4,0,0,0,0,0,958.0,1.241935483870968,1.0323590814196242
2013-07-26,992,22.7,19.5,5.6,0.0,27.5,0,0,0,0,0,958.0,-2.658064516129034,1.0354906054279749
2013-07-27,895,19.6,15.6,0.8,0.0,24.0,0,0,0,0,0,912.0,-5.758064516129032,0.981359649122807
2013-07-13,947,25.4,20.1,0.0,0.0,15.1,0,0,0,0,0,912.0,0.04193548387096513,1.0383771929824561
2013-07-20,918,27.8,23.6,0.0,0.0,18.4,0,0,0,0,0,912.0,2.4419354838709673,1.006578947368421
2013-07-06,888,26.4,20.6,0.0,0.0,12.2,0,0,0,0,0,912.0,1.0419354838709651,0.9736842105263158
2013-08-25,949,28.7,20.3,0.0,0.0,18.5,0,0,0,0,0,912.25,3.2032258064516164,1.040285009591669
2013-08-04,922,20.6,17.9,0.0,0.0,14.9,0,0,0,0,0,912.25,-4.8967741935483815,1.0106878596875857
2013-08-11,896,25.5,18.9,0.1,0.0,12.7,0,0,0,0,0,912.25,0.003225806451617075,0.9821869005206906
2013-08-18,882,24.5,19.6,0.0,0.0,12.8,0,0,0,0,0,912.25,-0.9967741935483829,0.9668402302000548
2013-08-19,939,26.9,18.2,0.0,0.0,10.5,0,0,0,0,0,929.5,1.4032258064516157,1.0102205486820872
2013-08-05,854,22.4,17.8,1.8,0.0,22.1,0,0,0,0,0,929.5,-3.0967741935483843,0.9187735341581496
2013-08-26,942,30.1,21.9,0.0,0.0,21.4,0,0,1,0,0,929.5,4.6032258064516185,1.0134480903711673
2013-08-12,983,26.4,21.4,1.8,0.0,16.6,0,0,0,0,0,929.5,0.9032258064516157,1.0575578267885961
2013-08-27,885,31.2,24.2,0.0,0.0,26.3,0,0,1,0,0,913.0,5.703225806451616,0.9693318729463308
2013-08-13,900,22.0,17.8,0.0,0.0,26.2,0,0,0,0,0,913.0,-3.496774193548383,0.9857612267250822
2013-08-20,962,27.8,20.6,0.0,0.0,14.8,0,0,0,0,0,913.0,2.303225806451618,1.0536692223439212
2013-08-06,905,27.0,18.7,0.9,0.0,20.2,0,0,0,0,0,913.0,1.503225806451617,0.9912376779846659
2013-08-21,864,29.2,21.0,0.0,0.0,19.8,0,0,0,0,0,897.25,3.7032258064516164,0.962942323767066
2013-08-07,941,27.3,20.3,11.1,0.0,23.4,1,0,0,0,0,897.25,1.8032258064516178,1.0487601003064921
2013-08-14,882,18.7,15.8,0.0,0.0,14.8,0,0,0,0,0,897.25,-6.796774193548384,0.9830036221788799
2013-08-28,902,27.5,22.5,0.0,0.0,24.7,0,0,0,0,0,897.25,2.003225806451617,1.005293953747562
2013-08-29,873,27.2,20.6,0.0,0.0,10.8,0,0,0,0,0,929.2,1.7032258064516164,0.9395178648299612
2013-08-08,911,22.9,20.7,0.0,0.0,20.7,0,0,0,0,0,929.2,-2.5967741935483843,0.980413258717176
2013-08-15,924,22.3,15.3,0.0,0.0,13.6,0,0,0,0,0,929.2,-3.196774193548382,0.9944037882049074
2013-08-01,1032,23.8,19.4,0.0,0.0,15.2,0,0,0,0,0,929.2,-1.6967741935483822,1.1106328024106757
2013-08-22,906,25.4,21.6,13.7,0.0,21.9,1,0,0,0,0,929.2,-0.09677419354838435,0.9750322858372793
2013-08-09,987,25.9,18.0,0.0,0.0,9.8,0,0,0,0,0,944.2,0.40322580645161565,1.0453293793687777
2013-08-23,907,24.0,20.9,0.0,0.0,15.5,0,0,0,0,0,944.2,-1.496774193548383,0.9606015674645202
2013-08-02,969,26.3,18.0,11.4,0.0,18.2,1,0,0,0,0,944.2,0.8032258064516178,1.0262656216903199
2013-08-16,925,23.8,17.1,0.0,0.0,12.1,0,0,0,0,0,944.2,-1.6967741935483822,0.9796653251429781
2013-08-30,933,31.9,22.4,0.0,0.0,23.3,0,0,1,0,0,944.2,6.403225806451616,0.9881381063334039
2013-08-24,942,26.4,18.8,0.0,0.0,16.3,0,0,0,0,0,939.0,0.9032258064516157,1.0031948881789137
2013-08-10,1019,23.6,21.2,0.0,0.0,13.8,0,0,0,0,0,939.0,-1.8967741935483815,1.0851970181043664
2013-08-03,973,23.0,19.9,0.0,0.0,15.5,0,0,0,0,0,939.0,-2.496774193548383,1.0362087326943556
2013-08-31,817,24.0,21.9,6.0,0.0,19.8,0,0,0,0,0,939.0,-1.496774193548383,0.8700745473908413
2013-08-17,944,24.1,18.9,0.0,0.0,13.9,0,0,0,0,0,939.0,-1.3967741935483815,1.005324813631523
2013-09-15,835,17.1,15.1,12.7,0.0,18.0,1,0,0,0,0,866.4,-5.479999999999997,0.963758079409049
2013-09-01,1116,27.7,21.5,0.1,0.0,15.3,0,0,0,0,0,866.4,5.120000000000001,1.28808864265928
2013-09-29,758,20.0,14.3,9.3,0.0,24.1,0,0,0,0,0,866.4,-2.5799999999999983,0.8748845798707294
2013-09-08,866,23.8,21.9,0.1,0.0,21.7,0,0,0,0,0,866.4,1.2200000000000024,0.9995383194829178
2013-09-22,757,15.8,13.3,0.0,0.0,13.6,0,0,0,0,0,866.4,-6.779999999999998,0.873730378578024
2013-09-02,928,23.9,20.1,0.2,0.0,21.3,0,0,0,0,0,851.2,1.3200000000000003,1.0902255639097744
2013-09-30,834,21.3,12.3,0.0,0.0,19.1,0,0,0,0,0,851.2,-1.2799999999999976,0.9797932330827067
2013-09-16,776,16.1,14.0,0.0,0.0,26.1,0,0,0,0,0,851.2,-6.479999999999997,0.9116541353383458
2013-09-09,869,30.8,21.0,0.0,0.0,23.2,0,0,1,0,0,851.2,8.220000000000002,1.0209116541353382
2013-09-23,849,17.5,11.9,0.0,0.0,19.1,0,0,0,0,0,851.2,-5.079999999999998,0.9974154135338346
2013-09-03,873,22.4,18.0,0.0,0.0,16.6,0,0,0,0,0,887.0,-0.17999999999999972,0.9842164599774521
2013-09-10,916,32.1,24.8,0.0,0.0,24.9,0,0,1,0,0,887.0,9.520000000000003,1.0326944757609922
2013-09-17,838,19.0,12.7,0.0,0.0,16.4,0,0,0,0,0,887.0,-3.5799999999999983,0.9447576099210823
2013-09-24,921,18.5,12.3,0.0,0.0,19.6,0,0,0,0,0,887.0,-4.079999999999998,1.0383314543404736
2013-09-18,854,24.5,15.6,0.0,0.0,22.4,0,0,0,0,0,862.75,1.9200000000000017,0.9898580121703854
2013-09-04,839,26.8,17.3,0.0,0.0,13.7,0,0,0,0,0,862.75,4.220000000000002,0.9724717473196175
2013-09-11,872,29.7,24.3,1.8,0.0,23.6,0,0,0,0,0,862.75,7.120000000000001,1.0107215299913068
2013-09-25,886,18.1,13.6,0.0,0.0,15.0,0,0,0,0,0,862.75,-4.479999999999997,1.0269487105186903
2013-09-12,858,25.8,17.0,1.1,0.0,31.1,0,0,0,0,0,873.75,3.2200000000000024,0.9819742489270387
2013-09-26,856,20.8,14.1,0.0,0.0,13.0,0,0,0,0,0,873.75,-1.7799999999999976,0.9796852646638055
2013-09-19,853,24.8,20.0,1.4,0.0,28.4,0,0,0,0,0,873.75,2.2200000000000024,0.9762517882689556
2013-09-05,928,22.2,19.1,0.0,0.0,22.4,0,0,0,0,0,873.75,-0.379999999999999,1.0620886981402002
2013-09-06,897,26.4,17.7,0.0,0.0,15.2,0,0,0,0,0,924.0,3.8200000000000003,0.9707792207792207
2013-09-20,946,22.8,17.5,0.9,0.0,27.3,0,0,0,0,0,924.0,0.22000000000000242,1.0238095238095237
2013-09-27,965,22.6,15.0,0.0,0.0,18.1,0,0,0,0,0,924.0,0.020000000000003126,1.0443722943722944
2013-09-13,888,17.3,14.9,0.3,0.0,28.5,0,0,0,0,0,924.0,-5.279999999999998,0.961038961038961
2013-09-14,829,20.1,13.0,0.0,0.0,17.8,0,0,0,0,0,894.25,-2.479999999999997,0.927033827229522
2013-09-21,904,17.4,14.6,0.0,0.0,22.5,0,0,0,0,0,894.25,-5.18,1.0109029913335197
2013-09-28,923,24.7,15.5,0.5,0.0,27.5,0,0,0,0,0,894.25,2.120000000000001,1.0321498462398657
2013-09-07,921,27.4,20.4,1.1,0.0,17.8,0,0,0,0,0,894.25,4.82,1.0299133351970926
2013-10-13,779,15.3,11.4,0.0,0.0,14.9,0,0,0,0,0,770.0,0.029032258064518146,1.0116883116883117
2013-10-27,750,10.7,2.9,0.0,0.0,20.1,0,0,0,0,0,770.0,-4.570967741935483,0.974025974025974
2013-10-06,743,19.2,9.5,6.9,0.0,23.2,0,0,0,0,0,770.0,3.9290322580645167,0.964935064935065
2013-10-20,808,15.2,5.4,0.0,0.0,22.2,0,0,0,0,0,770.0,-0.07096774193548328,1.0493506493506493
2013-10-28,840,9.1,4.5,0.0,0.0,20.5,0,0,0,0,0,795.0,-6.170967741935483,1.0566037735849056
2013-10-14,784,14.7,11.8,0.0,0.0,20.2,0,0,0,0,0,795.0,-0.5709677419354833,0.9861635220125786
2013-10-07,777,17.7,8.4,0.0,0.0,25.2,0,0,0,0,0,795.0,2.4290322580645167,0.9773584905660377
2013-10-21,779,13.2,4.5,0.0,0.0,25.2,0,0,0,0,0,795.0,-2.0709677419354833,0.979874213836478
2013-10-01,1101,23.1,16.1,0.0,0.0,27.3,0,0,0,0,0,857.2,7.829032258064519,1.2844143723751749
2013-10-15,783,16.7,12.3,3.8,0.0,28.1,0,0,0,0,0,857.2,1.4290322580645167,0.9134391040597293
2013-10-29,851,11.1,5.7,0.0,0.0,16.7,0,0,0,0,0,857.2,-4.170967741935483,0.9927671488567428
2013-10-22,750,5.8,2.0,1.1,0.0,19.8,0,0,0,0,0,857.2,-9.470967741935482,0.8749416705552963
2013-10-08,801,20.6,10.5,0.0,0.0,20.3,0,0,0,0,0,857.2,5.329032258064519,0.9344377041530564
2013-10-23,751,6.2,3.2,0.1,0.0,21.7,0,0,0,0,0,827.2,-9.070967741935483,0.9078820116054158
2013-10-16,803,12.5,9.2,0.0,0.0,24.7,0,0,0,0,0,827.2,-2.7709677419354826,0.9707446808510638
2013-10-09,881,18.8,12.5,0.0,0.0,18.4,0,0,0,0,0,827.2,3.529032258064518,1.0650386847195357
2013-10-30,831,15.2,7.5,11.8,0.0,23.1,1,0,0,0,0,827.2,-0.07096774193548328,1.0045938104448742
2013-10-02,870,21.2,18.0,0.0,0.0,17.2,0,0,0,0,0,827.2,5.929032258064517,1.05174081237911
2013-10-10,857,20.5,12.3,0.0,0.0,13.7,0,0,0,0,0,836.0,5.229032258064517,1.0251196172248804
2013-10-17,777,10.9,9.0,5.8,0.0,23.5,0,0,0,0,0,836.0,-4.370967741935482,0.9294258373205742
2013-10-24,766,5.4,1.3,0.0,0.0,21.3,0,0,0,0,0,836.0,-9.870967741935482,0.916267942583732
2013-10-03,859,23.8,18.4,3.2,0.0,21.6,0,0,0,0,0,836.0,8.529032258064518,1.027511961722488
2013-10-31,921,15.8,8.6,21.5,0.0,30.4,1,0,0,0,0,836.0,0.5290322580645181,1.1016746411483254
2013-10-25,843,9.1,1.2,0.0,0.0,33.5,0,0,0,0,0,856.5,-6.170967741935483,0.9842381786339754
2013-10-18,838,10.7,7.6,0.0,0.0,24.4,0,0,0,0,0,856.5,-4.570967741935483,0.9784004670169294
2013-10-04,874,24.2,19.5,0.8,0.0,22.4,0,0,0,0,0,856.5,8.929032258064517,1.0204319906596615
2013-10-11,871,20.9,14.1,0.0,0.0,18.4,0,0,0,0,0,856.5,5.629032258064516,1.0169293636894337
2013-10-05,852,24.0,19.4,3.0,0.0,24.3,0,0,0,0,0,799.0,8.729032258064517,1.0663329161451816
2013-10-26,745,10.6,5.9,0.4,0.0,35.7,0,0,0,0,0,799.0,-4.670967741935483,0.932415519399249
2013-10-12,821,20.4,14.3,3.1,0.0,20.5,0,0,0,0,0,799.0,5.129032258064516,1.027534418022528
2013-10-19,778,10.8,6.8,0.1,0.0,27.0,0,0,0,0,0,799.0,-4.470967741935482,0.9737171464330413
2013-11-24,640,-4.1,-8.1,0.0,0.0,28.1,0,0,0,0,0,733.25,-10.153333333333332,0.8728264575519945
2013-11-17,740,15.3,6.7,21.1,0.0,46.9,1,0,0,0,1,733.25,9.24666666666667,1.0092055915444937
2013-11-10,755,7.6,3.3,0.0,0.0,32.6,0,0,0,0,0,733.25,1.5466666666666677,1.0296624616433685
2013-11-03,798,9.3,3.5,0.0,0.0,24.5,0,0,0,0,0,733.25,3.246666666666669,1.0883054892601431
2013-11-11,685,8.0,0.4,5.0,1.33,27.8,0,0,0,0,0,763.5,1.946666666666668,0.8971840209561232
2013-11-04,831,11.9,6.8,0.0,0.0,28.6,0,0,0,0,0,763.5,5.8466666666666685,1.0884086444007859
2013-11-18,857,6.4,1.2,0.0,0.0,34.3,0,0,0,0,0,763.5,0.34666666666666845,1.1224623444662738
2013-11-25,681,-0.9,-4.8,1.1,0.98,29.2,0,0,0,0,0,763.5,-6.953333333333332,0.8919449901768173
2013-11-19,850,3.4,-0.4,0.0,0.0,19.2,0,0,0,0,0,799.25,-2.653333333333332,1.0634970284641851
2013-11-12,688,0.1,-3.0,0.0,0.0,27.4,0,0,0,0,0,799.25,-5.953333333333332,0.8608070065686582
2013-11-05,828,11.5,9.2,2.8,0.0,31.5,0,0,0,0,0,799.25,5.446666666666668,1.0359712230215827
2013-11-26,831,1.4,-3.4,0.0,0.07,28.9,0,0,0,0,0,799.25,-4.653333333333332,1.039724741945574
2013-11-27,733,-2.6,-6.5,0.0,0.0,29.5,0,0,0,0,0,803.5,-8.653333333333332,0.9122588674548848
2013-11-13,826,3.7,-4.6,0.0,0.0,32.9,0,0,0,0,0,803.5,-2.3533333333333317,1.0280024891101431
2013-11-06,785,12.6,5.3,13.6,0.0,32.1,1,0,0,0,0,803.5,6.546666666666668,0.9769757311761046
2013-11-20,870,5.6,0.8,2.5,0.0,25.1,0,0,0,0,0,803.5,-0.45333333333333226,1.0827629122588676
2013-11-07,772,6.6,1.4,0.0,0.0,23.8,0,0,0,0,0,742.25,0.5466666666666677,1.0400808352980802
2013-11-21,864,8.2,4.8,3.3,0.0,13.0,0,0,0,0,0,742.25,2.1466666666666674,1.1640282923543281
2013-11-28,567,-0.2,-4.7,0.0,0.0,20.9,0,0,0,0,0,742.25,-6.253333333333332,0.7638935668575277
2013-11-14,766,8.2,0.8,0.0,0.0,32.4,0,0,0,0,0,742.25,2.1466666666666674,1.031997305490064
2013-11-22,852,6.1,-0.5,2.5,0.07,26.6,0,0,0,0,0,894.4,0.046666666666667744,0.9525939177101969
2013-11-08,864,7.6,0.5,0.0,0.0,26.7,0,0,0,0,0,894.4,1.5466666666666677,0.9660107334525939
2013-11-15,934,8.8,4.0,0.6,0.0,22.3,0,0,0,0,0,894.4,2.746666666666669,1.0442754919499107
2013-11-29,807,0.7,-3.9,0.0,0.0,20.4,0,0,0,0,0,894.4,-5.353333333333332,0.9022808586762076
2013-11-01,1015,9.1,6.4,1.6,0.0,32.5,0,0,0,0,0,894.4,3.0466666666666677,1.1348389982110914
2013-11-16,763,12.1,5.3,5.6,0.0,36.1,0,0,0,0,0,746.2,6.046666666666668,1.022514071294559
2013-11-09,774,12.2,6.7,0.2,0.0,34.2,0,0,0,0,0,746.2,6.146666666666667,1.03725542749933
2013-11-23,672,-0.8,-6.1,0.0,0.0,31.6,0,0,0,0,0,746.2,-6.853333333333332,0.900562851782364
2013-11-02,776,7.6,4.9,1.6,0.0,19.1,0,0,0,0,0,746.2,1.5466666666666677,1.0399356740820154
2013-11-30,746,6.2,-0.8,0.0,0.0,21.7,0,0,0,0,0,746.2,0.14666666666666828,0.9997319753417314
2013-12-15,630,-5.6,-12.2,0.0,0.0,25.1,0,0,0,1,0,718.2,-4.338709677419354,0.8771929824561403
2013-12-08,610,-3.1,-7.0,5.5,4.06,22.2,0,1,0,0,0,718.2,-1.838709677419355,0.8493455861876914
2013-12-29,718,2.8,-9.3,0.0,0.42,30.3,0,0,0,0,0,718.2,4.0612903225806445,0.9997215260373155
2013-12-22,754,0.3,-4.8,12.6,6.23,29.3,1,1,0,0,0,718.2,1.5612903225806452,1.0498468393205234
2013-12-01,879,4.2,0.1,0.0,0.0,15.3,0,0,0,0,0,718.2,5.461290322580645,1.2238930659983291
2013-12-02,790,3.9,1.3,0.9,0.0,18.4,0,0,0,0,0,689.4,5.161290322580645,1.1459239918769946
2013-12-23,680,-5.2,-18.6,0.0,0.0,25.7,0,0,0,1,0,689.4,-3.938709677419355,0.9863649550333624
2013-12-09,630,-3.5,-13.1,0.0,0.07,32.7,0,0,0,0,0,689.4,-2.238709677419355,0.9138381201044387
2013-12-30,640,-10.1,-14.7,0.6,0.49,23.2,0,0,0,1,0,689.4,-8.838709677419354,0.9283434870902234
2013-12-16,707,-6.9,-12.1,2.4,1.75,15.9,0,0,0,1,0,689.4,-5.638709677419355,1.025529445894981
2013-12-24,542,-9.2,-19.2,0.0,0.0,22.8,0,0,0,1,0,670.4,-7.938709677419354,0.8084725536992841
2013-12-31,562,-9.8,-15.2,4.1,3.01,19.0,0,1,0,1,0,670.4,-8.538709677419355,0.8383054892601433
2013-12-03,856,7.0,2.2,5.1,0.0,19.8,0,0,0,0,0,670.4,8.261290322580646,1.2768496420047732
2013-12-10,636,-5.2,-15.5,0.0,0.07,35.3,0,0,0,1,0,670.4,-3.938709677419355,0.9486873508353222
2013-12-17,756,-0.6,-9.5,0.1,0.21,25.0,0,0,0,0,0,670.4,0.6612903225806451,1.1276849642004774
2013-12-04,867,10.6,5.4,3.0,0.0,29.1,0,0,0,0,0,676.5,11.861290322580645,1.2815964523281596
2013-12-18,763,1.4,-10.1,0.0,0.0,31.4,0,0,0,0,0,676.5,2.661290322580645,1.1278640059127865
2013-12-25,426,-3.1,-8.8,1.5,1.4,24.1,0,0,0,0,0,676.5,-1.838709677419355,0.6297117516629712
2013-12-11,650,-7.2,-13.8,0.6,0.7,22.5,0,0,0,1,0,676.5,-5.9387096774193555,0.9608277900960828
2013-12-26,604,-0.2,-7.9,0.2,0.35,25.5,0,0,0,0,0,706.75,1.0612903225806452,0.8546162009197029
2013-12-19,798,2.9,0.4,0.8,0.0,25.2,0,0,0,0,0,706.75,4.161290322580645,1.1291121330031837
2013-12-05,764,5.6,-3.6,0.0,0.0,30.9,0,0,0,0,0,706.75,6.861290322580645,1.0810045985143262
2013-12-12,661,-6.5,-16.8,0.0,0.0,26.7,0,0,0,1,0,706.75,-5.2387096774193544,0.9352670675627874
2013-12-20,859,2.5,0.3,7.7,0.0,18.8,0,0,0,0,0,779.5,3.761290322580645,1.1019884541372675
2013-12-13,799,-1.2,-7.6,0.0,0.07,15.4,0,0,0,0,0,779.5,0.06129032258064515,1.0250160359204619
2013-12-06,725,-3.7,-7.3,0.0,0.0,18.3,0,0,0,0,0,779.5,-2.438709677419355,0.9300833867864016
2013-12-27,735,2.7,-5.5,0.0,0.0,30.3,0,0,0,0,0,779.5,3.9612903225806453,0.9429121231558691
2013-12-28,741,5.9,-0.1,0.0,0.0,29.4,0,0,0,0,0,706.75,7.161290322580646,1.048461266360099
2013-12-07,649,-6.9,-9.8,0.0,0.0,19.6,0,0,0,1,0,706.75,-5.638709677419355,0.9182879377431906
2013-12-14,653,-1.8,-4.5,8.5,6.09,21.0,0,1,0,0,0,706.75,-0.5387096774193549,0.9239476476830563
2013-12-21,784,0.9,-0.8,6.6,1.68,28.3,0,0,0,0,0,706.75,2.161290322580645,1.109303148213654
2014-01-19,648,0.5,-11.9,0.4,0.0,31.7,0,0,0,0,0,583.75,5.577419354838709,1.1100642398286937
2014-01-05,405,-1.7,-15.5,12.3,8.68,38.0,1,1,0,0,0,583.75,3.3774193548387093,0.6937901498929336
2014-01-12,687,3.9,-3.6,0.2,0.0,34.2,0,0,0,0,0,583.75,8.977419354838709,1.1768736616702355
2014-01-26,595,-2.3,-16.1,5.4,3.78,41.2,0,1,0,0,0,583.75,2.7774193548387096,1.019271948608137
2014-01-20,695,0.5,-6.3,1.2,1.26,29.3,0,0,0,0,0,592.25,5.577419354838709,1.1734909244406924
2014-01-06,367,-16.7,-26.0,0.0,0.0,34.3,0,0,0,1,0,592.25,-11.622580645161289,0.6196707471506965
2014-01-13,761,3.9,-1.3,0.0,0.0,29.5,0,0,0,0,0,592.25,8.977419354838709,1.2849303503588012
2014-01-27,546,-11.5,-22.5,0.0,0.0,40.1,0,0,0,1,0,592.25,-6.422580645161291,0.9219079780498101
2014-01-28,595,-17.5,-25.5,0.0,0.0,24.5,0,0,0,1,0,585.0,-12.42258064516129,1.017094017094017
2014-01-07,467,-17.6,-25.0,0.0,0.0,27.4,0,0,0,1,0,585.0,-12.522580645161291,0.7982905982905983
2014-01-14,688,0.8,-5.0,1.3,0.84,37.7,0,0,0,0,0,585.0,5.877419354838709,1.176068376068376
2014-01-21,590,-6.5,-15.7,1.6,1.12,33.5,0,0,0,1,0,585.0,-1.4225806451612906,1.0085470085470085
2014-01-15,745,-5.5,-10.0,0.0,0.28,29.5,0,0,0,1,0,783.6,-0.42258064516129057,0.9507401735579377
2014-01-29,728,-9.3,-20.1,0.0,0.0,29.8,0,0,0,1,0,783.6,-4.222580645161291,0.9290454313425217
2014-01-01,1221,-6.3,-9.3,7.3,5.11,25.2,0,1,0,1,0,783.6,-1.2225806451612904,1.5581929555895864
2014-01-22,625,-9.9,-17.2,0.6,0.77,29.1,0,0,0,1,0,783.6,-4.822580645161291,0.7976008167432364
2014-01-08,599,-12.7,-18.5,0.0,0.0,11.2,0,0,0,1,0,783.6,-7.62258064516129,0.7644206227667177
2014-01-30,752,-1.7,-9.2,0.9,0.63,36.6,0,0,0,0,0,633.2,3.3774193548387093,1.1876184459886292
2014-01-02,485,-6.7,-11.3,2.8,2.17,29.3,0,1,0,1,0,633.2,-1.6225806451612907,0.7659507264687302
2014-01-23,626,-12.2,-19.3,0.0,0.0,31.4,0,0,0,1,0,633.2,-7.12258064516129,0.9886291850915981
2014-01-09,614,-4.5,-16.0,0.5,0.56,15.9,0,0,0,0,0,633.2,0.5774193548387094,0.9696778269109285
2014-01-16,689,0.5,-9.0,0.6,0.77,30.2,0,0,0,0,0,633.2,5.577419354838709,1.0881238155401136
2014-01-03,562,-8.1,-16.9,0.0,0.0,38.0,0,0,0,1,0,675.0,-3.02258064516129,0.8325925925925926
2014-01-10,635,3.4,-4.0,14.9,0.0,31.6,1,0,0,0,0,675.0,8.477419354838709,0.9407407407407408
2014-01-17,746,-6.1,-12.2,0.0,0.0,22.2,0,0,0,1,0,675.0,-1.0225806451612902,1.1051851851851853
2014-01-24,688,-4.6,-22.1,1.6,1.19,38.4,0,0,0,0,0,675.0,0.4774193548387098,1.0192592592592593
2014-01-31,744,-3.3,-8.6,0.0,0.07,18.7,0,0,0,0,0,675.0,1.7774193548387096,1.1022222222222222
2014-01-25,678,-1.4,-15.1,1.2,0.91,34.7,0,0,0,0,0,643.0,3.6774193548387095,1.0544323483670295
2014-01-11,654,2.9,-1.4,3.4,0.0,26.2,0,0,0,0,0,643.0,7.977419354838709,1.0171073094867806
2014-01-04,577,-1.3,-7.8,6.6,4.62,36.3,0,1,0,0,0,643.0,3.7774193548387096,0.8973561430793157
2014-01-18,663,-6.4,-11.1,2.9,2.1,20.2,0,1,0,1,0,643.0,-1.322580645161291,1.0311041990668741
2014-02-23,632,-4.4,-10.9,0.0,0.0,22.7,0,0,0,0,0,611.5,1.3607142857142858,1.0335241210139003
2014-02-09,648,-8.7,-13.1,0.0,0.21,18.3,0,0,0,1,0,611.5,-2.939285714285713,1.0596892886345053
2014-02-16,585,-5.0,-10.3,0.1,0.07,19.9,0,0,0,1,0,611.5,0.7607142857142861,0.9566639411283728
2014-02-02,581,-5.5,-11.0,0.0,0.0,17.5,0,0,0,1,0,611.5,0.2607142857142861,0.9501226492232215
2014-02-24,636,-5.9,-13.3,0.0,0.0,22.3,0,0,0,1,0,632.75,-0.13928571428571423,1.0051363097589885
2014-02-10,620,-12.8,-18.6,0.0,0.0,17.8,0,0,0,1,0,632.75,-7.039285714285715,0.9798498617147372
2014-02-03,677,-9.6,-16.5,0.0,0.0,11.8,0,0,0,1,0,632.75,-3.8392857142857135,1.0699328328723825
2014-02-17,598,-4.1,-8.1,7.7,5.46,30.1,0,1,0,0,0,632.75,1.6607142857142865,0.9450809956538917
2014-02-25,650,-6.8,-13.2,0.0,0.21,24.2,0,0,0,1,0,631.0,-1.0392857142857137,1.0301109350237718
2014-02-04,645,-5.7,-14.6,2.0,1.54,19.5,0,0,0,1,0,631.0,0.06071428571428594,1.0221870047543582
2014-02-18,633,4.0,-7.6,0.0,0.0,34.0,0,0,0,0,0,631.0,9.760714285714286,1.0031695721077654
2014-02-11,596,-12.9,-20.0,0.0,0.0,14.0,0,0,0,1,0,631.0,-7.139285714285714,0.9445324881141046
2014-02-12,606,-10.1,-20.3,0.0,0.0,15.5,0,0,0,1,0,634.5,-4.3392857142857135,0.9550827423167849
2014-02-05,560,-5.2,-10.5,7.0,5.11,31.6,0,1,0,1,0,634.5,0.5607142857142859,0.8825847123719465
2014-02-19,710,2.3,-3.2,0.2,0.07,18.4,0,0,0,0,0,634.5,8.060714285714287,1.1189913317572893
2014-02-26,662,-10.4,-18.8,0.0,0.0,30.7,0,0,0,1,0,634.5,-4.639285714285714,1.0433412135539795
2014-02-27,613,-10.0,-17.1,0.0,0.0,31.4,0,0,0,1,0,629.0,-4.239285714285714,0.9745627980922098
2014-02-06,611,-11.2,-19.5,0.0,0.0,23.0,0,0,0,1,0,629.0,-5.439285714285713,0.9713831478537361
2014-02-13,643,-2.7,-15.9,0.0,0.07,30.5,0,0,0,0,0,629.0,3.060714285714286,1.0222575516693164
2014-02-20,649,7.6,-1.9,20.4,0.0,42.8,1,0,0,0,0,629.0,13.360714285714286,1.0317965023847377
2014-02-07,693,-14.1,-21.3,0.0,0.0,23.4,0,0,0,1,0,702.0,-8.339285714285714,0.9871794871794872
2014-02-28,701,-5.0,-18.6,0.0,0.0,21.6,0,0,0,1,0,702.0,0.7607142857142861,0.9985754985754985
2014-02-21,718,1.2,-4.9,0.6,0.42,45.6,0,0,0,0,1,702.0,6.960714285714286,1.0227920227920229
2014-02-14,696,-5.3,-9.8,0.0,0.0,28.0,0,0,0,1,0,702.0,0.4607142857142863,0.9914529914529915
2014-02-22,648,-0.9,-8.2,0.0,0.0,23.4,0,0,0,0,0,670.25,4.860714285714286,0.9668034315553897
2014-02-15,639,-7.2,-13.5,0.8,0.56,19.1,0,0,0,1,0,670.25,-1.439285714285714,0.9533756061171205
2014-02-01,790,-2.0,-6.4,8.9,6.44,19.1,0,1,0,0,0,670.25,3.760714285714286,1.1786646773591942
2014-02-08,604,-10.9,-19.8,1.2,0.91,14.6,0,0,0,1,0,670.25,-5.139285714285714,0.9011562849682954
2014-03-30,737,5.6,-3.8,0.0,0.0,20.2,0,0,0,0,0,639.0,4.712903225806452,1.1533646322378717
2014-03-16,638,-3.6,-10.6,0.4,0.49,36.9,0,0,0,0,0,639.0,-4.487096774193549,0.9984350547730829
2014-03-09,621,2.9,-8.2,0.0,0.0,29.6,0,0,0,0,0,639.0,2.0129032258064514,0.971830985915493
2014-03-23,648,-2.3,-7.3,0.0,0.0,23.8,0,0,0,0,0,639.0,-3.187096774193548,1.0140845070422535
2014-03-02,551,-10.3,-15.1,1.2,0.84,20.9,0,0,0,1,0,639.0,-11.187096774193549,0.8622848200312989
2014-03-24,698,-1.6,-8.3,0.0,0.0,18.6,0,0,0,0,0,709.2,-2.4870967741935486,0.9842075578116186
2014-03-17,704,-0.8,-11.5,0.0,0.0,16.3,0,0,0,0,0,709.2,-1.6870967741935483,0.9926677946982515
2014-03-10,815,7.7,2.2,0.0,0.0,29.7,0,0,0,0,0,709.2,6.812903225806452,1.1491821771009587
2014-03-03,593,-10.6,-16.6,0.0,0.0,19.1,0,0,0,1,0,709.2,-11.487096774193548,0.8361534122955442
2014-03-31,736,11.6,1.9,0.7,0.0,34.1,0,0,0,0,0,709.2,10.712903225806452,1.0377890580936266
2014-03-25,701,-3.4,-6.3,0.4,0.42,26.3,0,0,0,0,0,711.0,-4.287096774193548,0.9859353023909986
2014-03-11,698,2.6,0.1,2.5,0.35,23.1,0,0,0,0,0,711.0,1.7129032258064518,0.9817158931082982
2014-03-04,627,-5.7,-14.6,1.0,0.77,11.2,0,0,0,1,0,711.0,-6.587096774193548,0.8818565400843882
2014-03-18,818,4.3,-4.5,0.4,0.0,21.2,0,0,0,0,0,711.0,3.412903225806452,1.1504922644163151
2014-03-19,762,4.6,1.1,4.3,0.0,27.3,0,0,0,0,0,695.75,3.7129032258064516,1.0952209845490477
2014-03-26,724,0.8,-9.6,0.0,0.0,29.0,0,0,0,0,0,695.75,-0.08709677419354822,1.040603665109594
2014-03-12,660,0.1,-10.3,8.5,5.6,39.5,0,1,0,0,0,695.75,-0.7870967741935483,0.9486166007905138
2014-03-05,637,-5.9,-9.5,5.5,4.06,20.5,0,1,0,1,0,695.75,-6.787096774193548,0.9155587495508444
2014-03-13,717,0.2,-13.5,0.0,0.0,26.3,0,0,0,0,0,720.0,-0.6870967741935483,0.9958333333333333
2014-03-27,719,7.4,-0.7,8.4,1.68,37.9,0,0,0,0,0,720.0,6.512903225806452,0.9986111111111111
2014-03-06,661,-4.3,-10.3,0.0,0.0,16.6,0,0,0,0,0,720.0,-5.187096774193548,0.9180555555555555
2014-03-20,783,3.2,-2.7,0.0,0.0,22.2,0,0,0,0,0,720.0,2.312903225806452,1.0875
2014-03-14,827,7.1,0.4,0.0,0.0,32.7,0,0,0,0,0,793.0,6.212903225806452,1.042875157629256
2014-03-07,757,3.4,-8.9,0.1,0.0,18.1,0,0,0,0,0,793.0,2.5129032258064514,0.9546027742749055
2014-03-28,786,7.5,-0.6,4.0,0.07,37.1,0,0,0,0,0,793.0,6.612903225806452,0.9911727616645649
2014-03-21,802,6.8,-3.0,1.0,0.14,25.8,0,0,0,0,0,793.0,5.912903225806452,1.0113493064312737
2014-03-29,771,0.4,-1.8,0.0,0.07,24.4,0,0,0,0,0,754.6,-0.48709677419354824,1.0217333686721441
2014-03-01,737,-5.2,-9.8,5.2,3.92,22.0,0,1,0,1,0,754.6,-6.087096774193548,0.9766763848396501
2014-03-22,737,3.3,-2.0,0.0,0.0,27.8,0,0,0,0,0,754.6,2.412903225806452,0.9766763848396501
2014-03-08,684,0.2,-4.6,1.3,0.91,27.1,0,0,0,0,0,754.6,-0.6870967741935483,0.9064404982772329
2014-03-15,844,1.5,-3.1,0.2,0.35,27.7,0,0,0,0,0,754.6,0.6129032258064517,1.1184733633713224
2014-04-27,672,10.6,4.1,2.6,0.0,29.9,0,0,0,0,0,687.75,1.0033333333333356,0.9770992366412213
2014-04-06,709,6.5,-0.5,0.0,0.0,14.4,0,0,0,0,0,687.75,-3.096666666666664,1.0308978553253363
2014-04-13,680,14.4,4.1,19.8,0.0,38.9,1,0,0,0,0,687.75,4.803333333333336,0.9887313704107598
2014-04-20,690,15.4,5.3,0.0,0.0,20.4,0,0,0,0,0,687.75,5.803333333333336,1.0032715376226826
2014-04-28,725,9.7,6.2,11.2,0.0,33.9,1,0,0,0,0,726.5,0.10333333333333528,0.9979353062629044
2014-04-21,730,17.1,10.7,2.6,0.0,19.3,0,0,0,0,0,726.5,7.503333333333337,1.0048176187198898
2014-04-14,689,13.9,-0.4,10.7,1.89,42.5,1,0,0,0,0,726.5,4.303333333333336,0.9483826565726085
2014-04-07,762,4.7,-0.2,0.0,0.0,18.7,0,0,0,0,0,726.5,-4.896666666666664,1.0488644184445974
2014-04-15,749,-0.3,-3.0,0.4,0.42,22.7,0,0,0,0,0,789.2,-9.896666666666665,0.9490623416117587
2014-04-22,736,11.2,3.0,0.0,0.0,31.3,0,0,0,0,0,789.2,1.6033333333333353,0.9325899645210339
2014-04-29,788,13.5,7.3,8.4,0.0,27.1,0,0,0,0,0,789.2,3.903333333333336,0.998479472883933
2014-04-01,924,9.6,0.0,0.0,0.0,35.0,0,0,0,0,0,789.2,0.0033333333333356308,1.1708058793715155
2014-04-08,749,5.5,1.8,1.9,0.0,13.2,0,0,0,0,0,789.2,-4.096666666666664,0.9490623416117587
2014-04-16,772,7.2,-1.4,0.0,0.0,27.5,0,0,0,0,0,762.0,-2.396666666666664,1.0131233595800524
2014-04-02,725,3.3,0.4,0.9,0.0,20.9,0,0,0,0,0,762.0,-6.296666666666664,0.9514435695538058
2014-04-23,739,4.6,1.2,0.0,0.0,15.4,0,0,0,0,0,762.0,-4.996666666666664,0.9698162729658792
2014-04-09,776,11.1,0.2,0.0,0.0,26.2,0,0,0,0,0,762.0,1.5033333333333356,1.0183727034120735
2014-04-30,798,10.2,6.1,0.4,0.0,20.9,0,0,0,0,0,762.0,0.6033333333333353,1.047244094488189
2014-04-03,716,3.3,1.8,2.8,0.0,32.2,0,0,0,0,0,783.0,-6.296666666666664,0.9144316730523627
2014-04-24,769,12.2,2.8,6.7,0.0,28.0,0,0,0,0,0,783.0,2.6033333333333353,0.9821200510855683
2014-04-10,811,13.0,6.1,0.3,0.0,34.0,0,0,0,0,0,783.0,3.403333333333336,1.0357598978288634
2014-04-17,836,11.2,3.5,0.0,0.0,25.2,0,0,0,0,0,783.0,1.6033333333333353,1.0676883780332056
2014-04-25,848,14.2,5.9,12.0,0.0,20.7,1,0,0,0,0,808.0,4.603333333333335,1.0495049504950495
2014-04-11,786,13.2,2.6,0.0,0.0,15.4,0,0,0,0,0,808.0,3.6033333333333353,0.9727722772277227
2014-04-04,811,5.9,1.5,1.3,0.0,34.7,0,0,0,0,0,808.0,-3.6966666666666637,1.0037128712871286
2014-04-18,787,7.1,2.1,0.0,0.0,18.6,0,0,0,0,0,808.0,-2.4966666666666644,0.974009900990099
2014-04-19,756,9.6,2.0,0.0,0.0,22.0,0,0,0,0,0,789.5,0.0033333333333356308,0.9575680810639645
2014-04-12,872,17.4,6.8,4.1,0.0,32.7,0,0,0,0,0,789.5,7.803333333333335,1.1044965167827738
2014-04-26,778,8.8,3.0,0.0,0.0,24.7,0,0,0,0,0,789.5,-0.7966666666666633,0.9854338188727042
2014-04-05,752,3.8,-1.5,0.0,0.0,24.5,0,0,0,0,0,789.5,-5.796666666666664,0.9525015832805573
2014-05-04,721,9.5,5.7,0.0,0.0,19.9,0,0,0,0,0,787.25,-6.235483870967737,0.9158463004128294
2014-05-11,744,21.3,12.6,5.5,0.0,17.8,0,0,0,0,0,787.25,5.564516129032263,0.9450619244204509
2014-05-18,859,15.7,7.0,0.0,0.0,17.4,0,0,0,0,0,787.25,-0.035483870967738085,1.0911400444585582
2014-05-25,825,19.5,10.3,0.0,0.0,13.8,0,0,0,0,0,787.25,3.7645161290322626,1.0479517307081614
2014-05-12,813,22.6,16.5,0.5,0.0,27.4,0,0,0,0,0,805.75,6.864516129032264,1.0089978281104561
2014-05-19,787,16.0,8.7,0.9,0.0,25.9,0,0,0,0,0,805.75,0.2645161290322626,0.9767297548867515
2014-05-26,778,23.0,15.2,2.1,0.0,16.4,0,0,0,0,0,805.75,7.264516129032263,0.9655600372323921
2014-05-05,845,7.9,4.1,0.0,0.0,24.0,0,0,0,0,0,805.75,-7.835483870967737,1.0487123797704003
2014-05-27,764,24.3,9.6,6.6,0.0,17.5,0,0,0,0,0,791.5,8.564516129032263,0.965255843335439
2014-05-06,825,11.3,3.9,1.6,0.0,27.2,0,0,0,0,0,791.5,-4.435483870967737,1.0423246999368287
2014-05-13,813,19.2,11.9,14.1,0.0,26.6,1,0,0,0,0,791.5,3.464516129032262,1.027163613392293
2014-05-20,764,23.2,13.1,4.5,0.0,28.3,0,0,0,0,0,791.5,7.464516129032262,0.965255843335439
2014-05-28,801,12.3,8.9,1.7,0.0,19.2,0,0,0,0,0,798.0,-3.4354838709677367,1.0037593984962405
2014-05-07,769,18.4,8.7,0.0,0.0,26.9,0,0,0,0,0,798.0,2.664516129032261,0.9636591478696742
2014-05-21,834,22.9,13.7,3.5,0.0,17.6,0,0,0,0,0,798.0,7.164516129032261,1.0451127819548873
2014-05-14,788,11.7,6.3,2.8,0.0,20.9,0,0,0,0,0,798.0,-4.035483870967738,0.9874686716791979
2014-05-08,767,23.2,15.9,0.0,0.0,29.2,0,0,0,0,0,793.4,7.464516129032262,0.9667254852533401
2014-05-01,882,8.2,5.2,1.5,0.0,27.3,0,0,0,0,0,793.4,-7.535483870967738,1.111671288127048
2014-05-29,776,14.5,9.3,0.0,0.0,17.3,0,0,0,0,0,793.4,-1.2354838709677374,0.9780690698260651
2014-05-15,753,8.4,3.4,8.9,0.0,31.7,0,0,0,0,0,793.4,-7.335483870967737,0.9490799092513235
2014-05-22,789,13.8,8.7,0.0,0.0,18.4,0,0,0,0,0,793.4,-1.9354838709677367,0.9944542475422233
2014-05-30,828,16.4,9.6,0.0,0.0,15.4,0,0,0,0,0,840.8,0.6645161290322612,0.9847764034253093
2014-05-23,807,11.2,6.9,0.0,0.0,14.2,0,0,0,0,0,840.8,-4.535483870967738,0.9598001902949572
2014-05-02,865,9.8,6.7,1.6,0.0,22.3,0,0,0,0,0,840.8,-5.935483870967737,1.0287821122740248
2014-05-09,863,19.1,13.2,19.0,0.0,30.8,1,0,0,0,0,840.8,3.364516129032264,1.0264034253092293
2014-05-16,841,4.4,3.3,3.0,0.0,16.4,0,0,0,0,0,840.8,-11.335483870967737,1.0002378686964797
2014-05-10,817,17.2,8.6,0.0,0.0,13.4,0,0,0,0,0,794.4,1.464516129032262,1.0284491440080563
2014-05-03,745,14.3,7.0,0.3,0.0,26.8,0,0,0,0,0,794.4,-1.4354838709677367,0.9378147029204431
2014-05-17,803,12.1,3.7,0.1,0.0,16.2,0,0,0,0,0,794.4,-3.6354838709677377,1.0108257804632428
2014-05-31,848,22.4,10.5,0.0,0.0,17.1,0,0,0,0,0,794.4,6.664516129032261,1.0674723061430011
2014-05-24,759,14.0,6.9,0.0,0.0,10.9,0,0,0,0,0,794.4,-1.7354838709677374,0.9554380664652569
2014-06-01,1038,26.4,17.2,0.0,0.0,26.7,0,0,0,0,0,893.4,5.006666666666671,1.1618535930154466
2014-06-08,773,15.1,10.2,10.6,0.0,27.8,1,0,0,0,0,893.4,-6.293333333333328,0.8652339377658383
2014-06-29,906,26.7,20.2,1.3,0.0,24.3,0,0,0,0,0,893.4,5.306666666666672,1.0141034251175285
2014-06-15,883,23.6,14.8,2.2,0.0,32.2,0,0,0,0,0,893.4,2.206666666666674,0.9883590776807701
2014-06-22,867,18.6,13.3,0.0,0.0,13.5,0,0,0,0,0,893.4,-2.793333333333326,0.9704499664204164
2014-06-30,801,27.2,20.7,7.5,0.0,27.8,0,0,0,0,0,840.6,5.806666666666672,0.9528907922912205
2014-06-02,876,23.6,19.8,10.7,0.0,33.9,1,0,0,0,0,840.6,2.206666666666674,1.0421127765881513
2014-06-16,872,24.3,17.5,0.0,0.0,20.5,0,0,0,0,0,840.6,2.9066666666666734,1.0373542707589816
2014-06-09,824,17.1,9.7,0.0,0.0,18.4,0,0,0,0,0,840.6,-4.293333333333326,0.9802522008089459
2014-06-23,830,22.1,13.7,11.6,0.0,10.9,1,0,0,0,0,840.6,0.7066666666666741,0.9873899595527005
2014-06-10,673,17.9,12.2,15.0,0.0,23.7,1,0,0,0,0,830.75,-3.4933333333333287,0.810111345170027
2014-06-03,899,20.6,17.2,0.0,0.0,21.9,0,0,0,0,0,830.75,-0.7933333333333259,1.08215467950647
2014-06-24,862,22.1,16.2,9.2,0.0,14.4,0,0,0,0,0,830.75,0.7066666666666741,1.0376166114956364
2014-06-17,889,25.8,21.0,7.6,0.0,32.1,0,0,0,0,0,830.75,4.406666666666673,1.0701173638278665
2014-06-18,771,26.5,14.8,11.9,0.0,23.4,1,0,0,0,0,794.5,5.106666666666673,0.9704216488357458
2014-06-11,775,16.9,12.7,15.2,0.0,23.5,1,0,0,0,0,794.5,-4.493333333333329,0.9754562617998741
2014-06-25,856,16.8,12.3,0.0,0.0,14.7,0,0,0,0,0,794.5,-4.593333333333327,1.0774071743234739
2014-06-04,776,17.3,10.5,28.6,0.0,18.7,1,0,0,0,0,794.5,-4.093333333333327,0.9767149150409062
2014-06-26,826,17.9,12.2,0.0,0.0,12.2,0,0,0,0,0,818.75,-3.4933333333333287,1.008854961832061
2014-06-05,803,16.6,8.3,0.0,0.0,13.9,0,0,0,0,0,818.75,-4.793333333333326,0.980763358778626
2014-06-19,824,19.8,13.6,9.6,0.0,15.1,0,0,0,0,0,818.75,-1.5933333333333266,1.006412213740458
2014-06-12,822,22.9,12.8,0.0,0.0,18.2,0,0,0,0,0,818.75,1.5066666666666713,1.003969465648855
2014-06-20,887,24.1,14.7,13.2,0.0,16.6,1,0,0,0,0,895.5,2.706666666666674,0.9905080960357342
2014-06-13,936,16.9,12.9,0.0,0.0,19.8,0,0,0,0,0,895.5,-4.493333333333329,1.0452261306532664
2014-06-27,900,25.4,13.9,0.0,0.0,15.3,0,0,0,0,0,895.5,4.006666666666671,1.0050251256281406
2014-06-06,859,19.2,12.0,0.0,0.0,13.2,0,0,0,0,0,895.5,-2.193333333333328,0.9592406476828588
2014-06-21,865,22.6,13.0,18.9,0.0,12.5,1,0,0,0,0,857.5,1.206666666666674,1.0087463556851313
2014-06-28,853,25.5,20.3,0.2,0.0,22.3,0,0,0,0,0,857.5,4.106666666666673,0.9947521865889213
2014-06-14,843,19.8,11.7,0.0,0.0,16.8,0,0,0,0,0,857.5,-1.5933333333333266,0.9830903790087464
2014-06-07,869,22.5,13.8,0.4,0.0,16.2,0,0,0,0,0,857.5,1.1066666666666727,1.0134110787172013
2014-07-13,849,25.9,19.1,25.1,0.0,18.9,1,0,0,0,0,864.0,3.0193548387096705,0.9826388888888888
2014-07-20,844,23.3,17.3,0.0,0.0,8.9,0,0,0,0,0,864.0,0.4193548387096726,0.9768518518518519
2014-07-27,890,26.7,17.0,0.0,0.0,32.2,0,0,0,0,0,864.0,3.819354838709671,1.0300925925925926
2014-07-06,873,27.2,18.3,6.4,0.0,25.3,0,0,0,0,0,864.0,4.319354838709671,1.0104166666666667
2014-07-14,814,22.8,18.8,0.1,0.0,20.5,0,0,0,0,0,849.25,-0.0806451612903274,0.9584927877539005
2014-07-28,874,17.0,14.7,0.0,0.0,29.4,0,0,0,0,0,849.25,-5.880645161290328,1.0291433617898145
2014-07-07,899,25.6,20.4,6.2,0.0,24.2,0,0,0,0,0,849.25,2.7193548387096733,1.0585811009714454
2014-07-21,810,25.2,17.2,0.0,0.0,13.4,0,0,0,0,0,849.25,2.319354838709671,0.9537827494848395
2014-07-08,818,24.9,20.2,5.4,0.0,21.5,0,0,0,0,0,857.8,2.0193548387096705,0.9536022382839824
2014-07-01,1015,25.4,19.9,0.8,0.0,27.5,0,0,0,0,0,857.8,2.5193548387096705,1.1832595010491957
2014-07-29,805,22.9,14.0,0.2,0.0,13.5,0,0,0,0,0,857.8,0.019354838709670474,0.9384471904872931
2014-07-22,834,28.5,20.1,9.2,0.0,20.8,0,0,0,0,0,857.8,5.619354838709672,0.9722546048029844
2014-07-15,817,18.7,14.1,1.3,0.0,21.2,0,0,0,0,0,857.8,-4.180645161290329,0.9524364653765447
2014-07-16,845,17.9,13.6,0.0,0.0,10.9,0,0,0,0,0,834.6,-4.9806451612903295,1.0124610591900312
2014-07-02,819,20.6,14.1,1.6,0.0,19.9,0,0,0,0,0,834.6,-2.2806451612903267,0.9813084112149533
2014-07-30,794,21.0,17.4,0.6,0.0,13.6,0,0,0,0,0,834.6,-1.880645161290328,0.9513539420081476
2014-07-09,854,22.0,16.4,0.0,0.0,12.2,0,0,0,0,0,834.6,-0.8806451612903281,1.0232446681044811
2014-07-23,861,21.5,15.8,0.7,0.0,35.1,0,0,0,0,0,834.6,-1.380645161290328,1.0316319194823866
2014-07-10,821,20.9,17.0,0.0,0.0,16.6,0,0,0,0,0,845.8,-1.9806451612903295,0.9706786474343817
2014-07-31,861,26.4,16.4,0.0,0.0,13.2,0,0,0,0,0,845.8,3.5193548387096705,1.0179711515724759
2014-07-03,886,19.6,13.9,2.8,0.0,12.2,0,0,0,0,0,845.8,-3.2806451612903267,1.0475289666587846
2014-07-17,808,21.3,15.5,0.0,0.0,12.6,0,0,0,0,0,845.8,-1.5806451612903274,0.9553085835895011
2014-07-24,853,19.3,14.8,0.0,0.0,18.0,0,0,0,0,0,845.8,-3.5806451612903274,1.008512650744857
2014-07-18,875,22.5,15.6,0.0,0.0,15.1,0,0,0,0,0,895.25,-0.3806451612903281,0.9773806199385646
2014-07-11,943,23.5,15.3,0.0,0.0,13.3,0,0,0,0,0,895.25,0.6193548387096719,1.053337056688076
2014-07-04,838,20.9,15.2,0.0,0.0,13.0,0,0,0,0,0,895.25,-1.9806451612903295,0.9360513822954482
2014-07-25,925,21.6,15.0,0.6,0.0,22.2,0,0,0,0,0,895.25,-1.2806451612903267,1.0332309410779112
2014-07-12,810,26.2,20.6,10.6,0.0,23.6,1,0,0,0,0,862.75,3.319354838709671,0.9388583019414662
2014-07-05,898,23.2,15.2,0.0,0.0,16.2,0,0,0,0,0,862.75,0.3193548387096712,1.0408577223993045
2014-07-26,875,24.6,18.4,0.0,0.0,16.6,0,0,0,0,0,862.75,1.7193548387096733,1.0141987829614605
2014-07-19,868,22.2,16.1,0.0,0.0,10.6,0,0,0,0,0,862.75,-0.6806451612903288,1.0060851926977687
2014-08-17,862,21.5,17.3,0.0,0.0,18.1,0,0,0,0,0,850.2,-2.50645161290322,1.0138790872735826
2014-08-24,856,25.8,20.6,11.1,0.0,15.3,1,0,0,0,0,850.2,1.7935483870967808,1.006821924253117
2014-08-03,847,25.8,17.0,0.3,0.0,9.7,0,0,0,0,0,850.2,1.7935483870967808,0.9962361797224182
2014-08-31,831,27.1,20.3,0.0,0.0,16.3,0,0,0,0,0,850.2,3.0935483870967815,0.9774170783345095
2014-08-10,855,23.3,19.4,0.4,0.0,15.3,0,0,0,0,0,850.2,-0.7064516129032192,1.0056457304163726
2014-08-04,782,24.1,18.9,0.0,0.0,14.7,0,0,0,0,0,812.25,0.09354838709678148,0.9627577716220376
2014-08-11,874,23.7,19.7,24.9,0.0,16.3,1,0,0,0,0,812.25,-0.30645161290322065,1.0760233918128654
2014-08-18,816,24.7,17.1,0.4,0.0,11.9,0,0,0,0,0,812.25,0.6935483870967794,1.0046168051708217
2014-08-25,777,28.1,22.4,0.4,0.0,15.8,0,0,0,0,0,812.25,4.0935483870967815,0.9566020313942751
2014-08-19,776,26.1,21.1,2.2,0.0,30.0,0,0,0,0,0,791.25,2.0935483870967815,0.9807266982622432
2014-08-12,760,20.7,16.8,5.4,0.0,25.5,0,0,0,0,0,791.25,-3.3064516129032206,0.9605055292259084
2014-08-26,804,26.6,21.0,0.2,0.0,14.3,0,0,0,0,0,791.25,2.5935483870967815,1.0161137440758294
2014-08-05,825,22.4,18.1,1.1,0.0,13.8,0,0,0,0,0,791.25,-1.6064516129032214,1.042654028436019
2014-08-27,782,22.1,19.0,0.0,0.0,15.1,0,0,0,0,0,820.5,-1.9064516129032185,0.9530773918342474
2014-08-06,809,21.9,17.3,0.0,0.0,13.2,0,0,0,0,0,820.5,-2.1064516129032214,0.9859841560024375
2014-08-20,834,25.7,19.5,1.2,0.0,11.7,0,0,0,0,0,820.5,1.6935483870967794,1.016453382084095
2014-08-13,857,23.6,16.1,0.2,0.0,16.3,0,0,0,0,0,820.5,-0.4064516129032185,1.04448507007922
2014-08-21,778,25.9,21.3,4.9,0.0,12.7,0,0,0,0,0,789.0,1.8935483870967786,0.9860583016476553
2014-08-07,843,23.4,17.9,0.0,0.0,20.3,0,0,0,0,0,789.0,-0.6064516129032214,1.0684410646387832
2014-08-28,738,21.5,18.0,0.0,0.0,15.4,0,0,0,0,0,789.0,-2.50645161290322,0.935361216730038
2014-08-14,797,19.4,15.5,0.0,0.0,19.3,0,0,0,0,0,789.0,-4.606451612903221,1.0101394169835234
2014-08-08,820,23.2,18.3,0.0,0.0,19.4,0,0,0,0,0,893.4,-0.8064516129032206,0.9178419520931274
2014-08-01,1083,24.0,18.1,2.8,0.0,15.5,0,0,0,0,0,893.4,-0.006451612903219939,1.2122229684351915
2014-08-15,863,22.9,12.8,0.0,0.0,12.5,0,0,0,0,0,893.4,-1.1064516129032214,0.965972688605328
2014-08-22,816,25.7,20.9,33.9,0.0,12.1,1,0,0,0,0,893.4,1.6935483870967794,0.913364674278039
2014-08-29,885,25.7,20.1,12.4,0.0,23.9,1,0,0,0,0,893.4,1.6935483870967794,0.9905977165883143
2014-08-02,898,22.6,16.9,0.0,0.0,9.7,0,0,0,0,0,865.8,-1.4064516129032185,1.0371910371910373
2014-08-16,855,25.0,17.3,0.2,0.0,15.0,0,0,0,0,0,865.8,0.9935483870967801,0.9875259875259875
2014-08-23,822,24.3,21.2,9.5,0.0,17.3,0,0,0,0,0,865.8,0.29354838709678077,0.9494109494109495
2014-08-30,867,25.4,21.7,1.0,0.0,24.5,0,0,0,0,0,865.8,1.3935483870967786,1.0013860013860014
2014-08-09,887,22.0,18.8,0.0,0.0,17.1,0,0,0,0,0,865.8,-2.00645161290322,1.0244860244860245
2014-09-07,824,22.5,15.6,0.0,0.0,11.6,0,0,0,0,0,803.0,2.5366666666666653,1.0261519302615194
2014-09-14,760,16.8,10.3,0.0,0.0,12.0,0,0,0,0,0,803.0,-3.163333333333334,0.9464508094645081
2014-09-21,791,18.3,11.2,0.0,0.0,32.0,0,0,0,0,0,803.0,-1.663333333333334,0.9850560398505604
2014-09-28,837,20.1,14.7,0.0,0.0,9.8,0,0,0,0,0,803.0,0.13666666666666671,1.0423412204234122
2014-09-15,739,15.3,12.0,1.6,0.0,14.5,0,0,0,0,0,801.8,-4.663333333333334,0.9216762284859068
2014-09-29,800,23.6,12.9,0.6,0.0,28.4,0,0,0,0,0,801.8,3.6366666666666667,0.9977550511349464
2014-09-08,687,22.7,15.5,0.0,0.0,13.7,0,0,0,0,0,801.8,2.7366666666666646,0.8568221501621353
2014-09-01,1014,25.8,21.8,1.4,0.0,23.2,0,0,0,0,0,801.8,5.836666666666666,1.2646545273135446
2014-09-22,769,16.2,10.1,0.0,0.0,17.5,0,0,0,0,0,801.8,-3.7633333333333354,0.9590920429034673
2014-09-16,749,17.1,11.6,0.0,0.0,16.8,0,0,0,0,0,790.8,-2.8633333333333333,0.9471421345472939
2014-09-09,788,23.4,17.6,0.0,0.0,17.7,0,0,0,0,0,790.8,3.436666666666664,0.9964592817400102
2014-09-23,836,19.6,11.2,0.0,0.0,11.7,0,0,0,0,0,790.8,-0.3633333333333333,1.0571573090541224
2014-09-30,782,13.1,11.3,0.7,0.0,27.7,0,0,0,0,0,790.8,-6.863333333333335,0.9888720283257462
2014-09-02,799,24.9,19.2,0.0,0.0,14.4,0,0,0,0,0,790.8,4.936666666666664,1.0103692463328275
2014-09-17,796,18.2,11.1,0.0,0.0,10.8,0,0,0,0,0,765.25,-1.7633333333333354,1.0401829467494283
2014-09-10,706,23.6,14.9,36.2,0.0,41.2,1,0,0,0,0,765.25,3.6366666666666667,0.9225743221169552
2014-09-03,723,24.9,18.1,0.0,0.0,23.4,0,0,0,0,0,765.25,4.936666666666664,0.9447892845475335
2014-09-24,836,20.0,13.8,0.0,0.0,13.4,0,0,0,0,0,765.25,0.03666666666666529,1.092453446586083
2014-09-11,748,14.2,11.0,0.0,0.0,27.9,0,0,0,0,0,779.0,-5.763333333333335,0.9602053915275995
2014-09-04,749,25.8,21.8,0.0,0.0,26.3,0,0,0,0,0,779.0,5.836666666666666,0.9614890885750963
2014-09-18,868,17.6,12.9,0.0,0.0,16.0,0,0,0,0,0,779.0,-2.3633333333333333,1.1142490372272145
2014-09-25,751,20.5,13.7,0.0,0.0,9.8,0,0,0,0,0,779.0,0.5366666666666653,0.9640564826700898
2014-09-12,719,13.0,8.8,5.1,0.0,24.0,0,0,0,0,0,830.0,-6.963333333333335,0.8662650602409638
2014-09-26,879,20.1,14.5,0.0,0.0,13.1,0,0,0,0,0,830.0,0.13666666666666671,1.0590361445783132
2014-09-05,844,27.7,19.4,20.5,0.0,25.3,1,0,0,0,0,830.0,7.736666666666665,1.0168674698795181
2014-09-19,878,20.0,12.9,0.0,0.0,27.2,0,0,0,0,0,830.0,0.03666666666666529,1.0578313253012048
2014-09-06,814,20.2,17.4,1.7,0.0,19.1,0,0,0,0,0,809.0,0.23666666666666458,1.0061804697156984
2014-09-13,685,12.4,7.4,1.1,0.0,26.3,0,0,0,0,0,809.0,-7.563333333333334,0.8467243510506799
2014-09-20,846,21.3,16.2,3.6,0.0,25.9,0,0,0,0,0,809.0,1.336666666666666,1.045735475896168
2014-09-27,891,20.0,14.8,0.0,0.0,12.1,0,0,0,0,0,809.0,0.03666666666666529,1.1013597033374536
2014-10-26,751,13.5,8.7,0.0,0.0,18.7,0,0,0,0,0,725.75,-0.3774193548387075,1.0347915949018256
2014-10-05,716,11.6,6.6,0.2,0.0,25.0,0,0,0,0,0,725.75,-2.277419354838708,0.9865656217705822
2014-10-19,744,11.8,4.7,0.4,0.0,24.3,0,0,0,0,0,725.75,-2.0774193548387068,1.025146400275577
2014-10-12,692,14.3,7.5,1.4,0.0,18.0,0,0,0,0,0,725.75,0.42258064516129323,0.9534963830520151
2014-10-06,722,13.8,9.3,0.2,0.0,24.5,0,0,0,0,0,749.25,-0.07741935483870677,0.9636302969636303
2014-10-20,758,13.7,9.7,0.1,0.0,24.3,0,0,0,0,0,749.25,-0.1774193548387082,1.0116783450116784
2014-10-13,705,18.0,13.0,21.5,0.0,27.3,1,0,0,0,0,749.25,4.1225806451612925,0.9409409409409409
2014-10-27,812,20.2,11.9,0.0,0.0,29.3,0,0,0,0,0,749.25,6.322580645161292,1.0837504170837504
2014-10-21,777,10.0,7.8,0.0,0.0,25.2,0,0,0,0,0,759.25,-3.8774193548387075,1.0233783338821205
2014-10-07,759,16.7,9.9,0.2,0.0,22.7,0,0,0,0,0,759.25,2.822580645161292,0.9996707276918011
2014-10-14,730,17.1,13.6,44.1,0.0,33.5,1,0,0,0,0,759.25,3.222580645161294,0.961475139940731
2014-10-28,771,18.1,9.1,2.7,0.0,30.0,0,0,0,0,0,759.25,4.222580645161294,1.0154757984853473
2014-10-08,747,16.1,9.5,0.0,0.0,24.1,0,0,0,0,0,804.2,2.222580645161294,0.9288734145734892
2014-10-22,727,9.6,5.7,0.0,0.0,11.9,0,0,0,0,0,804.2,-4.277419354838708,0.9040039791096741
2014-10-29,797,8.6,6.3,0.0,0.0,20.8,0,0,0,0,0,804.2,-5.277419354838708,0.9910470032330265
2014-10-15,773,13.2,10.6,3.4,0.0,25.7,0,0,0,0,0,804.2,-0.6774193548387082,0.9612036806764486
2014-10-01,977,18.0,11.0,0.3,0.0,19.6,0,0,0,0,0,804.2,4.1225806451612925,1.2148719224073612
2014-10-16,746,14.0,10.8,0.0,0.0,19.0,0,0,0,0,0,758.6,0.12258064516129252,0.9833904561033483
2014-10-02,805,19.8,15.6,21.2,0.0,21.2,1,0,0,0,0,758.6,5.922580645161293,1.0611653045083047
2014-10-09,686,12.8,9.9,0.0,0.0,15.3,0,0,0,0,0,758.6,-1.0774193548387068,0.9042973899288163
2014-10-23,777,13.4,5.7,0.4,0.0,16.2,0,0,0,0,0,758.6,-0.4774193548387071,1.0242552069601898
2014-10-30,779,9.5,4.8,0.4,0.0,14.2,0,0,0,0,0,758.6,-4.3774193548387075,1.0268916424993408
2014-10-10,741,11.9,9.2,0.0,0.0,15.3,0,0,0,0,0,818.2,-1.9774193548387071,0.9056465411879735
2014-10-31,824,7.3,1.9,5.6,1.12,53.9,0,0,0,0,1,818.2,-6.577419354838708,1.0070887313615253
2014-10-24,879,15.6,10.1,0.0,0.0,15.8,0,0,0,0,0,818.2,1.7225806451612922,1.0743094597897824
2014-10-03,779,18.0,8.3,30.6,0.0,33.4,1,0,0,0,0,818.2,4.1225806451612925,0.9520899535565875
2014-10-17,868,14.1,10.7,0.2,0.0,25.0,0,0,0,0,0,818.2,0.22258064516129217,1.0608653141041309
2014-10-18,838,10.0,6.9,3.0,0.0,25.6,0,0,0,0,0,791.25,-3.8774193548387075,1.059083728278041
2014-10-04,723,8.7,4.1,0.9,0.0,32.8,0,0,0,0,0,791.25,-5.177419354838708,0.9137440758293839
2014-10-25,803,18.4,12.7,0.0,0.0,20.0,0,0,0,0,0,791.25,4.522580645161291,1.0148499210110584
2014-10-11,801,12.4,7.8,0.0,0.0,10.4,0,0,0,0,0,791.25,-1.4774193548387071,1.0123222748815166
2014-11-09,685,9.1,1.7,0.0,0.0,29.3,0,0,0,0,0,699.4,4.769999999999999,0.9794109236488419
2014-11-02,727,9.2,0.3,0.0,0.0,24.9,0,0,0,0,0,699.4,4.869999999999998,1.0394623963397198
2014-11-16,675,0.1,-2.9,0.0,0.0,21.3,0,0,0,0,0,699.4,-4.230000000000001,0.9651129539605376
2014-11-30,722,7.2,-1.2,0.7,0.07,25.9,0,0,0,0,0,699.4,2.869999999999999,1.0323134114955677
2014-11-23,688,8.6,6.5,16.4,0.0,25.1,1,0,0,0,0,699.4,4.269999999999999,0.9837003145553331
2014-11-10,776,13.3,5.2,0.0,0.0,29.5,0,0,0,0,0,691.5,8.969999999999999,1.1221981200289226
2014-11-03,774,13.9,6.4,0.0,0.0,29.6,0,0,0,0,0,691.5,9.57,1.119305856832972
2014-11-17,624,-2.9,-8.6,0.0,0.0,33.9,0,0,0,0,0,691.5,-7.23,0.9023861171366594
2014-11-24,592,6.9,-2.6,13.7,2.87,40.1,1,1,0,0,0,691.5,2.5699999999999994,0.8561099060014461
2014-11-11,675,12.9,1.3,5.4,0.0,28.5,0,0,0,0,0,684.25,8.57,0.9864815491413957
2014-11-04,776,13.5,7.7,1.5,0.0,30.5,0,0,0,0,0,684.25,9.169999999999998,1.134088417975886
2014-11-25,662,-2.6,-4.7,0.0,0.0,29.3,0,0,0,0,0,684.25,-6.9300000000000015,0.9674826452320059
2014-11-18,624,-6.5,-10.3,0.0,0.0,31.5,0,0,0,1,0,684.25,-10.830000000000002,0.9119473876507125
2014-11-12,595,0.9,-2.2,0.0,0.0,27.7,0,0,0,0,0,662.25,-3.430000000000001,0.8984522461306154
2014-11-19,633,0.2,-6.6,0.0,0.0,33.4,0,0,0,0,0,662.25,-4.130000000000001,0.9558323895809739
2014-11-26,677,-1.2,-5.6,0.0,0.0,13.5,0,0,0,0,0,662.25,-5.530000000000001,1.0222725556813892
2014-11-05,744,12.4,5.0,0.0,0.0,24.2,0,0,0,0,0,662.25,8.07,1.1234428086070216
2014-11-13,662,-0.9,-3.7,0.0,0.14,22.6,0,0,0,0,0,604.25,-5.230000000000001,1.0955730244104263
2014-11-20,633,-2.8,-5.7,0.0,0.0,30.2,0,0,0,0,0,604.25,-7.130000000000001,1.0475796441870087
2014-11-06,669,9.2,4.6,2.6,0.0,42.2,0,0,0,0,0,604.25,4.869999999999998,1.1071576334298718
2014-11-27,453,-1.3,-6.1,0.1,0.07,24.2,0,0,0,0,0,604.25,-5.630000000000001,0.7496896979726935
2014-11-28,606,0.8,-6.7,0.6,0.49,25.6,0,0,0,0,0,718.5,-3.530000000000001,0.8434237995824635
2014-11-21,733,0.0,-8.2,0.0,0.0,25.7,0,0,0,0,0,718.5,-4.330000000000001,1.0201809324982603
2014-11-07,781,5.4,1.8,0.0,0.0,23.5,0,0,0,0,0,718.5,1.0699999999999994,1.0869867780097424
2014-11-14,754,-2.0,-4.1,0.0,0.0,18.0,0,0,0,0,0,718.5,-6.330000000000001,1.0494084899095337
2014-11-22,728,8.2,0.6,4.3,0.0,26.3,0,0,0,0,0,767.8,3.8699999999999983,0.9481635842667362
2014-11-15,749,-1.4,-4.4,0.0,0.21,11.5,0,0,0,0,0,767.8,-5.73,0.9755144568898151
2014-11-01,910,4.4,2.3,0.0,0.0,34.3,0,0,0,0,0,767.8,0.0699999999999994,1.1852044803334203
2014-11-29,706,8.6,0.2,0.0,0.0,27.2,0,0,0,0,0,767.8,4.269999999999999,0.9195102891377963
2014-11-08,746,6.7,4.0,0.6,0.0,28.5,0,0,0,0,0,767.8,2.369999999999999,0.9716071893722324
2014-12-28,632,0.3,-2.6,0.0,0.0,18.5,0,0,0,0,0,647.75,-1.6677419354838707,0.975685063681976
2014-12-21,650,2.1,-0.6,0.0,0.0,21.7,0,0,0,0,0,647.75,0.13225806451612931,1.0034735623311464
2014-12-07,595,1.9,-1.2,0.0,0.0,20.5,0,0,0,0,0,647.75,-0.06774193548387086,0.9185642609031262
2014-12-14,714,7.4,4.5,0.3,0.0,17.7,0,0,0,0,0,647.75,5.432258064516129,1.1022771130837514
2014-12-08,709,2.6,0.4,5.6,0.63,20.2,0,0,0,0,0,715.4,0.6322580645161293,0.991053955828907
2014-12-29,678,-1.4,-3.6,0.0,0.0,21.2,0,0,0,0,0,715.4,-3.3677419354838705,0.9477215543751748
2014-12-15,729,6.4,4.5,7.2,0.0,19.3,0,0,0,0,0,715.4,4.432258064516129,1.019010343863573
2014-12-22,647,4.0,-0.5,8.3,0.0,24.3,0,0,0,0,0,715.4,2.032258064516129,0.9043891529214426
2014-12-01,814,-1.7,-6.8,0.0,0.0,26.3,0,0,0,0,0,715.4,-3.6677419354838707,1.137824993010903
2014-12-23,674,6.9,2.6,2.4,0.0,25.1,0,0,0,0,0,641.6,4.932258064516129,1.050498753117207
2014-12-16,661,4.9,-0.7,4.5,0.0,27.4,0,0,0,0,0,641.6,2.9322580645161294,1.0302369077306732
2014-12-02,650,0.7,-4.3,0.0,0.0,21.4,0,0,0,0,0,641.6,-1.2677419354838708,1.0130922693266833
2014-12-30,571,-3.7,-9.3,0.0,0.0,21.3,0,0,0,0,0,641.6,-5.667741935483871,0.8899625935162094
2014-12-09,652,2.5,0.3,0.6,0.07,25.6,0,0,0,0,0,641.6,0.5322580645161292,1.0162094763092269
2014-12-10,726,0.4,-0.6,0.0,0.07,19.8,0,0,0,0,0,673.0,-1.5677419354838706,1.0787518573551262
2014-12-31,585,-6.6,-13.1,0.0,0.0,31.8,0,0,0,1,0,673.0,-8.56774193548387,0.8692421991084696
2014-12-17,736,-1.3,-3.6,0.0,0.0,24.8,0,0,0,0,0,673.0,-3.267741935483871,1.0936106983655274
2014-12-03,750,1.7,-2.5,0.0,0.0,21.6,0,0,0,0,0,673.0,-0.2677419354838708,1.1144130757800892
2014-12-24,568,3.4,1.3,4.9,0.0,20.9,0,0,0,0,0,673.0,1.4322580645161291,0.8439821693907875
2014-12-04,691,0.8,-2.8,0.0,0.0,13.7,0,0,0,0,0,608.75,-1.1677419354838707,1.1351129363449692
2014-12-25,439,4.0,0.2,0.0,0.0,25.0,0,0,0,0,0,608.75,2.032258064516129,0.7211498973305955
2014-12-11,638,0.4,-2.8,0.0,0.0,16.3,0,0,0,0,0,608.75,-1.5677419354838706,1.0480492813141684
2014-12-18,667,-2.1,-4.3,0.0,0.0,11.0,0,0,0,0,0,608.75,-4.067741935483871,1.095687885010267
2014-12-26,626,6.9,2.2,0.0,0.0,24.6,0,0,0,0,0,730.75,4.932258064516129,0.8566541224769073
2014-12-05,802,2.5,0.6,0.0,0.0,14.0,0,0,0,0,0,730.75,0.5322580645161292,1.0975025658569961
2014-12-12,727,1.3,-3.2,0.0,0.0,16.6,0,0,0,0,0,730.75,-0.6677419354838707,0.9948682860075265
2014-12-19,768,-0.4,-2.0,0.0,0.0,12.8,0,0,0,0,0,730.75,-2.367741935483871,1.05097502565857
2014-12-06,661,2.7,0.7,0.0,0.0,26.9,0,0,0,0,0,721.25,0.7322580645161294,0.9164644714038128
2014-12-20,739,0.4,-1.7,0.0,0.0,10.3,0,0,0,0,0,721.25,-1.5677419354838706,1.0246100519930676
2014-12-27,717,7.3,0.6,1.7,0.0,30.3,0,0,0,0,0,721.25,5.332258064516129,0.994107452339688
2014-12-13,768,6.7,-0.3,0.0,0.0,17.6,0,0,0,0,0,721.25,4.732258064516129,1.0648180242634315
2015-01-18,698,2.1,-0.5,1.9,0.28,23.1,0,0,0,0,0,627.25,4.583870967741936,1.1127939418094859
2015-01-25,646,-0.3,-4.2,2.3,1.75,33.2,0,0,0,0,0,627.25,2.183870967741936,1.0298923874053407
2015-01-04,514,0.4,-13.3,7.0,4.69,28.8,0,1,0,0,0,627.25,2.883870967741936,0.8194499800717417
2015-01-11,651,-0.6,-6.9,1.8,1.4,22.6,0,0,0,0,0,627.25,1.8838709677419359,1.0378636907134315
2015-01-05,524,-12.7,-17.8,2.0,1.4,27.3,0,0,0,1,0,624.0,-10.216129032258063,0.8397435897435898
2015-01-12,607,-2.5,-7.5,0.2,0.21,28.1,0,0,0,0,0,624.0,-0.016129032258064058,0.9727564102564102
2015-01-19,709,0.9,-3.9,0.0,0.0,13.4,0,0,0,0,0,624.0,3.383870967741936,1.1362179487179487
2015-01-26,656,-3.5,-7.2,0.9,0.91,19.1,0,0,0,0,0,624.0,-1.016129032258064,1.0512820512820513
2015-01-27,675,-2.8,-5.1,0.3,0.21,13.7,0,0,0,0,0,645.75,-0.3161290322580639,1.0452961672473868
2015-01-13,612,-6.5,-11.3,0.0,0.0,23.6,0,0,0,1,0,645.75,-4.016129032258064,0.9477351916376306
2015-01-06,503,-11.7,-13.9,2.0,1.47,27.9,0,0,0,1,0,645.75,-9.216129032258063,0.7789392179636082
2015-01-20,793,0.7,-2.6,2.2,0.98,15.8,0,0,0,0,0,645.75,3.183870967741936,1.2280294231513744
2015-01-28,647,-0.2,-7.8,0.3,0.0,27.2,0,0,0,0,0,635.5,2.2838709677419358,1.018095987411487
2015-01-14,675,-8.3,-14.2,0.0,0.0,15.9,0,0,0,1,0,635.5,-5.816129032258065,1.0621557828481512
2015-01-07,474,-13.1,-19.6,0.0,0.0,36.1,0,0,0,1,0,635.5,-10.616129032258064,0.7458693941778127
2015-01-21,746,-0.4,-2.0,0.2,0.49,16.3,0,0,0,0,0,635.5,2.083870967741936,1.1738788355625491
2015-01-29,705,1.4,-1.2,3.2,0.21,30.4,0,0,0,0,0,784.8,3.883870967741936,0.8983180428134557
2015-01-15,763,-1.2,-9.8,0.0,0.0,23.4,0,0,0,0,0,784.8,1.283870967741936,0.9722222222222223
2015-01-01,1256,-1.2,-7.4,0.0,0.0,30.8,0,0,0,0,0,784.8,1.283870967741936,1.6004077471967382
2015-01-08,448,-7.2,-21.5,3.3,2.45,35.5,0,1,0,1,0,784.8,-4.716129032258064,0.5708460754332314
2015-01-22,752,-0.2,-4.2,0.0,0.0,9.7,0,0,0,0,0,784.8,2.2838709677419358,0.9582059123343527
2015-01-09,590,-9.3,-17.0,0.0,0.0,34.0,0,0,0,1,0,697.6,-6.816129032258065,0.845756880733945
2015-01-16,710,-1.2,-4.7,0.0,0.0,18.2,0,0,0,0,0,697.6,1.283870967741936,1.0177752293577982
2015-01-23,800,-0.4,-4.6,0.0,0.0,20.6,0,0,0,0,0,697.6,2.083870967741936,1.146788990825688
2015-01-30,714,-1.7,-6.5,0.0,0.07,26.8,0,0,0,0,0,697.6,0.783870967741936,1.0235091743119267
2015-01-02,674,-0.3,-4.8,0.0,0.0,15.9,0,0,0,0,0,697.6,2.183870967741936,0.9661697247706422
2015-01-24,756,3.2,-2.3,0.0,0.0,19.6,0,0,0,0,0,685.8,5.683870967741936,1.1023622047244095
2015-01-17,741,3.7,-3.6,0.0,0.0,31.4,0,0,0,0,0,685.8,6.183870967741936,1.0804899387576554
2015-01-10,647,-5.8,-17.7,0.0,0.0,25.0,0,0,0,1,0,685.8,-3.316129032258064,0.9434237386993293
2015-01-03,649,0.6,-1.1,19.6,4.41,16.3,1,1,0,0,0,685.8,3.083870967741936,0.9463400408282299
2015-01-31,636,1.1,-7.0,1.1,0.84,17.6,0,0,0,0,0,685.8,3.583870967741936,0.9273840769903763
2015-02-01,563,-1.0,-6.4,27.2,19.04,41.5,1,1,0,0,0,581.25,5.025,0.9686021505376344
2015-02-08,616,1.8,-1.9,0.0,0.07,26.3,0,0,0,0,0,581.25,7.825,1.0597849462365592
2015-02-15,553,-11.7,-18.6,0.1,0.35,25.7,0,0,0,1,0,581.25,-5.674999999999999,0.9513978494623656
2015-02-22,593,-3.3,-15.8,0.0,0.14,21.5,0,0,0,0,0,581.25,2.7250000000000005,1.020215053763441
2015-02-09,607,-2.4,-5.2,0.0,0.0,24.4,0,0,0,0,0,547.75,3.6250000000000004,1.1081697854860795
2015-02-16,539,-10.2,-16.5,0.0,0.0,12.2,0,0,0,1,0,547.75,-4.174999999999999,0.9840255591054313
2015-02-02,473,-6.7,-12.9,1.0,1.12,37.9,0,0,0,1,0,547.75,-0.6749999999999998,0.8635326335006847
2015-02-23,572,-12.5,-21.4,0.0,0.0,20.7,0,0,0,1,0,547.75,-6.475,1.0442720219078045
2015-02-10,629,-2.4,-5.9,0.0,0.0,24.1,0,0,0,0,0,591.75,3.6250000000000004,1.0629488804393747
2015-02-17,597,-7.8,-15.0,0.0,0.0,18.6,0,0,0,1,0,591.75,-1.7749999999999995,1.008871989860583
2015-02-24,628,-3.2,-16.6,0.0,0.0,30.1,0,0,0,0,0,591.75,2.825,1.0612589776087875
2015-02-03,513,-4.6,-13.1,1.7,1.33,20.5,0,0,0,0,0,591.75,1.4250000000000007,0.8669201520912547
2015-02-11,606,0.6,-6.0,0.0,0.0,24.1,0,0,0,0,0,566.5,6.625,1.0697263901147396
2015-02-18,511,-13.1,-19.0,0.0,0.0,30.6,0,0,0,1,0,566.5,-7.074999999999999,0.9020300088261254
2015-02-04,577,-4.6,-10.8,1.0,0.84,21.5,0,0,0,0,0,566.5,1.4250000000000007,1.0185348631950573
2015-02-25,572,-5.7,-12.0,2.7,1.89,21.3,0,0,0,1,0,566.5,0.3250000000000002,1.0097087378640777
2015-02-05,572,-11.1,-16.6,0.0,0.0,25.2,0,0,0,1,0,541.0,-5.074999999999999,1.057301293900185
2015-02-12,611,-7.0,-12.1,0.6,0.84,33.0,0,0,0,1,0,541.0,-0.9749999999999996,1.1293900184842884
2015-02-19,463,-16.1,-22.9,0.0,0.0,24.8,0,0,0,1,0,541.0,-10.075000000000001,0.8558225508317929
2015-02-26,518,-7.5,-13.3,1.5,1.26,23.3,0,0,0,1,0,541.0,-1.4749999999999996,0.9574861367837338
2015-02-06,698,-3.2,-14.2,0.0,0.0,25.9,0,0,0,0,0,655.0,2.825,1.0656488549618321
2015-02-20,652,-8.0,-22.8,0.2,0.28,26.9,0,0,0,1,0,655.0,-1.9749999999999996,0.9954198473282443
2015-02-13,632,-4.9,-16.3,0.2,0.21,26.3,0,0,0,0,0,655.0,1.125,0.9648854961832061
2015-02-27,638,-10.3,-18.7,0.0,0.0,16.1,0,0,0,1,0,655.0,-4.275,0.9740458015267176
2015-02-14,597,-5.0,-16.7,0.0,0.07,41.3,0,0,0,1,0,618.25,1.0250000000000004,0.9656287909421755
2015-02-21,652,-2.5,-8.6,0.0,0.14,18.9,0,0,0,0,0,618.25,3.5250000000000004,1.054589567327133
2015-02-07,679,2.1,-6.2,0.0,0.0,19.0,0,0,0,0,0,618.25,8.125,1.0982612211888394
2015-02-28,545,-8.4,-19.8,0.4,0.42,11.5,0,0,0,1,0,618.25,-2.375,0.881520420541852
2015-03-22,656,-0.2,-2.1,0.0,0.0,20.4,0,0,0,0,0,687.2,-3.4354838709677415,0.9545983701979045
2015-03-08,625,2.2,-4.5,0.0,0.0,18.4,0,0,0,0,0,687.2,-1.0354838709677412,0.909487776484284
2015-03-29,619,5.7,-4.0,3.4,0.0,36.7,0,0,0,0,0,687.2,2.464516129032259,0.9007566938300349
2015-03-01,757,-3.7,-10.1,0.1,0.35,21.3,0,0,0,0,0,687.2,-6.935483870967742,1.1015715948777647
2015-03-15,779,10.1,-1.4,0.0,0.0,31.6,0,0,0,0,0,687.2,6.864516129032259,1.1335855646100115
2015-03-09,726,4.5,-4.0,0.0,0.0,15.8,0,0,0,0,0,695.0,1.2645161290322586,1.0446043165467627
2015-03-23,592,-1.0,-2.3,7.6,5.46,22.3,0,1,0,0,0,695.0,-4.235483870967741,0.8517985611510791
2015-03-16,779,14.5,4.7,0.0,0.0,31.1,0,0,0,0,0,695.0,11.264516129032259,1.120863309352518
2015-03-30,719,11.5,0.6,2.1,0.0,22.4,0,0,0,0,0,695.0,8.264516129032259,1.0345323741007195
2015-03-02,659,-3.9,-11.9,0.0,0.0,19.1,0,0,0,0,0,695.0,-7.135483870967741,0.9482014388489208
2015-03-17,692,3.1,-2.6,0.0,0.0,35.9,0,0,0,0,0,683.0,-0.13548387096774128,1.0131771595900438
2015-03-31,694,8.9,1.5,0.0,0.0,31.5,0,0,0,0,0,683.0,5.664516129032259,1.0161054172767203
2015-03-24,639,0.8,-5.4,0.7,0.0,25.8,0,0,0,0,0,683.0,-2.435483870967741,0.9355783308931186
2015-03-10,754,6.8,0.9,0.0,0.0,17.3,0,0,0,0,0,683.0,3.5645161290322585,1.1039531478770133
2015-03-03,636,1.0,-5.7,8.8,4.48,29.5,0,1,0,0,0,683.0,-2.2354838709677414,0.931185944363104
2015-03-04,562,-0.8,-11.1,0.0,0.0,20.6,0,0,0,0,0,680.5,-4.035483870967742,0.8258633357825128
2015-03-25,724,6.1,0.3,7.0,0.0,26.3,0,0,0,0,0,680.5,2.8645161290322583,1.0639235855988245
2015-03-11,746,3.3,-0.9,0.0,0.0,17.7,0,0,0,0,0,680.5,0.06451612903225845,1.0962527553269654
2015-03-18,690,4.8,-3.6,0.0,0.0,11.8,0,0,0,0,0,680.5,1.5645161290322585,1.0139603232916974
2015-03-26,684,3.0,-0.3,0.0,0.0,16.7,0,0,0,0,0,691.75,-0.23548387096774137,0.9887965305384894
2015-03-19,718,3.6,-0.2,0.0,0.0,18.7,0,0,0,0,0,691.75,0.3645161290322587,1.0379472352728587
2015-03-05,613,-9.7,-15.6,0.0,0.0,16.7,0,0,0,1,0,691.75,-12.93548387096774,0.8861582941814239
2015-03-12,752,5.3,-3.5,0.0,0.0,18.3,0,0,0,0,0,691.75,2.0645161290322585,1.087097940007228
2015-03-13,814,7.1,0.1,0.0,0.0,15.8,0,0,0,0,0,757.25,3.8645161290322583,1.0749422251568175
2015-03-06,712,-3.2,-19.0,0.0,0.0,26.7,0,0,0,0,0,757.25,-6.435483870967742,0.940244305051172
2015-03-27,726,-1.1,-5.1,0.4,0.49,25.8,0,0,0,0,0,757.25,-4.3354838709677415,0.9587322548695939
2015-03-20,777,6.5,-0.1,0.0,0.0,21.1,0,0,0,0,0,757.25,3.2645161290322586,1.0260812149224166
2015-03-21,689,4.4,-1.1,0.0,0.0,21.8,0,0,0,0,0,710.25,1.164516129032259,0.970080957409363
2015-03-14,798,8.8,1.3,0.0,0.0,19.8,0,0,0,0,0,710.25,5.56451612903226,1.1235480464625132
2015-03-28,657,-1.8,-5.6,0.0,0.0,14.3,0,0,0,0,0,710.25,-5.035483870967742,0.925026399155227
2015-03-07,697,3.7,-5.1,1.9,0.49,18.9,0,0,0,0,0,710.25,0.4645161290322588,0.9813445969728969
2015-04-19,703,13.2,7.9,20.6,0.0,23.9,1,0,0,0,0,717.0,3.3900000000000006,0.9804741980474198
2015-04-26,718,6.4,2.8,0.0,0.0,21.6,0,0,0,0,0,717.0,-3.4099999999999984,1.00139470013947
2015-04-12,773,13.8,5.0,0.0,0.0,20.4,0,0,0,0,0,717.0,3.990000000000002,1.0781032078103208
2015-04-05,674,12.8,4.9,0.0,0.0,25.4,0,0,0,0,0,717.0,2.990000000000002,0.9400278940027894
2015-04-20,744,9.3,6.0,7.5,0.0,33.1,0,0,0,0,0,719.0,-0.509999999999998,1.0347705146036161
2015-04-27,721,6.8,2.7,0.0,0.0,22.7,0,0,0,0,0,719.0,-3.009999999999999,1.0027816411682893
2015-04-13,735,14.6,9.2,6.0,0.0,25.5,0,0,0,0,0,719.0,4.790000000000001,1.0222531293463144
2015-04-06,676,8.7,2.6,0.5,0.0,19.3,0,0,0,0,0,719.0,-1.1099999999999994,0.9401947148817803
2015-04-21,664,9.8,4.5,0.5,0.0,38.7,0,0,0,0,0,688.5,-0.00999999999999801,0.9644153957879448
2015-04-28,719,7.3,2.1,0.0,0.0,13.9,0,0,0,0,0,688.5,-2.509999999999999,1.0442992011619463
2015-04-14,767,9.1,5.1,0.0,0.0,12.7,0,0,0,0,0,688.5,-0.7099999999999991,1.1140159767610749
2015-04-07,604,5.7,2.8,5.2,0.0,23.2,0,0,0,0,0,688.5,-4.1099999999999985,0.8772694262890341
2015-04-15,802,9.8,4.5,0.0,0.0,21.0,0,0,0,0,0,772.0,-0.00999999999999801,1.038860103626943
2015-04-08,679,5.8,3.2,7.4,0.0,21.7,0,0,0,0,0,772.0,-4.009999999999999,0.8795336787564767
2015-04-01,930,14.8,1.6,0.0,0.0,30.6,0,0,0,0,0,772.0,4.990000000000002,1.2046632124352332
2015-04-22,683,6.6,2.0,0.1,0.0,25.8,0,0,0,0,0,772.0,-3.209999999999999,0.8847150259067358
2015-04-29,766,8.6,2.7,0.0,0.0,17.8,0,0,0,0,0,772.0,-1.209999999999999,0.9922279792746114
2015-04-16,688,8.2,4.7,1.2,0.0,22.0,0,0,0,0,0,705.6,-1.6099999999999994,0.9750566893424036
2015-04-23,732,6.2,1.5,0.0,0.0,17.7,0,0,0,0,0,705.6,-3.6099999999999985,1.0374149659863945
2015-04-09,648,15.4,6.0,26.4,0.0,33.4,1,0,0,0,0,705.6,5.590000000000002,0.9183673469387755
2015-04-30,666,5.3,2.9,0.0,0.0,23.7,0,0,0,0,0,705.6,-4.509999999999999,0.9438775510204082
2015-04-02,794,13.5,6.5,5.6,0.0,30.3,0,0,0,0,0,705.6,3.6900000000000013,1.125283446712018
2015-04-10,714,12.6,4.1,0.6,0.0,41.1,0,0,0,0,0,742.5,2.790000000000001,0.9616161616161616
2015-04-03,710,6.2,-0.1,1.4,0.14,24.0,0,0,0,0,0,742.5,-3.6099999999999985,0.9562289562289562
2015-04-24,761,9.1,1.1,0.6,0.0,21.4,0,0,0,0,0,742.5,-0.7099999999999991,1.024915824915825
2015-04-17,785,16.4,5.6,0.0,0.0,11.3,0,0,0,0,0,742.5,6.59,1.0572390572390573
2015-04-25,695,6.3,3.4,4.2,0.0,24.8,0,0,0,0,0,719.5,-3.509999999999999,0.965948575399583
2015-04-04,694,9.5,-1.4,0.3,0.0,25.6,0,0,0,0,0,719.5,-0.3099999999999987,0.9645587213342599
2015-04-18,769,12.0,5.8,0.0,0.0,23.3,0,0,0,0,0,719.5,2.1900000000000013,1.0687977762334955
2015-04-11,720,10.5,3.1,0.0,0.0,15.7,0,0,0,0,0,719.5,0.6900000000000013,1.0006949270326615
2015-05-24,687,20.7,14.0,0.4,0.0,24.5,0,0,0,0,0,735.0,3.919354838709676,0.9346938775510204
2015-05-10,741,9.3,6.2,3.8,0.0,18.2,0,0,0,0,0,735.0,-7.480645161290322,1.0081632653061225
2015-05-03,745,20.6,12.5,0.7,0.0,21.0,0,0,0,0,0,735.0,3.8193548387096783,1.0136054421768708
2015-05-31,666,9.3,7.3,0.5,0.0,35.0,0,0,0,0,0,735.0,-7.480645161290322,0.9061224489795918
2015-05-17,836,21.7,15.7,2.9,0.0,31.8,0,0,0,0,0,735.0,4.919354838709676,1.1374149659863946
2015-05-04,779,16.9,8.5,3.7,0.0,24.8,0,0,0,0,0,748.5,0.11935483870967545,1.040748162992652
2015-05-25,708,21.9,17.6,1.7,0.0,27.4,0,0,0,0,0,748.5,5.1193548387096754,0.9458917835671342
2015-05-11,749,17.2,7.4,22.5,0.0,29.0,1,0,0,0,0,748.5,0.41935483870967616,1.0006680026720107
2015-05-18,758,21.8,11.7,0.0,0.0,28.0,0,0,0,0,0,748.5,5.019354838709678,1.0126920507682031
2015-05-26,770,20.4,15.8,7.5,0.0,26.5,0,0,0,0,0,733.0,3.6193548387096754,1.0504774897680764
2015-05-05,697,12.1,7.7,22.5,0.0,17.4,1,0,0,0,0,733.0,-4.6806451612903235,0.9508867667121419
2015-05-12,757,11.8,8.3,0.0,0.0,28.1,0,0,0,0,0,733.0,-4.980645161290322,1.0327421555252387
2015-05-19,708,11.0,5.7,0.0,0.0,18.4,0,0,0,0,0,733.0,-5.780645161290323,0.965893587994543
2015-05-20,730,6.6,4.4,1.6,0.0,18.8,0,0,0,0,0,744.0,-10.180645161290323,0.9811827956989247
2015-05-06,739,16.2,7.9,0.0,0.0,14.6,0,0,0,0,0,744.0,-0.5806451612903238,0.9932795698924731
2015-05-27,739,20.2,14.5,0.3,0.0,26.7,0,0,0,0,0,744.0,3.419354838709676,0.9932795698924731
2015-05-13,768,7.9,4.5,0.0,0.0,17.5,0,0,0,0,0,744.0,-8.880645161290323,1.032258064516129
2015-05-14,755,14.5,5.1,4.8,0.0,20.6,0,0,0,0,0,781.75,-2.280645161290323,0.9657818995842661
2015-05-21,745,16.9,6.1,0.0,0.0,17.8,0,0,0,0,0,781.75,0.11935483870967545,0.9529900863447394
2015-05-28,801,20.6,13.2,0.0,0.0,16.5,0,0,0,0,0,781.75,3.8193548387096783,1.0246242404860888
2015-05-07,826,22.8,12.9,0.0,0.0,22.0,0,0,0,0,0,781.75,6.019354838709678,1.0566037735849056
2015-05-08,808,20.8,13.9,15.9,0.0,23.4,1,0,0,0,0,847.4,4.019354838709678,0.9535048383290063
2015-05-15,824,19.7,12.0,8.1,0.0,22.5,0,0,0,0,0,847.4,2.919354838709676,0.9723861222563135
2015-05-29,828,23.9,17.7,0.9,0.0,23.2,0,0,0,0,0,847.4,7.1193548387096754,0.9771064432381402
2015-05-01,953,10.0,3.5,0.0,0.0,12.3,0,0,0,0,0,847.4,-6.780645161290323,1.1246164739202267
2015-05-22,824,13.0,8.1,0.0,0.0,20.0,0,0,0,0,0,847.4,-3.780645161290323,0.9723861222563135
2015-05-02,688,17.7,7.2,0.1,0.0,14.0,0,0,0,0,0,754.6,0.9193548387096762,0.9117413199045852
2015-05-30,719,20.0,7.7,31.7,0.0,37.3,1,0,0,0,0,754.6,3.219354838709677,0.9528226875165651
2015-05-23,799,18.8,9.8,0.0,0.0,14.2,0,0,0,0,0,754.6,2.0193548387096776,1.0588391200636098
2015-05-16,882,20.5,15.2,1.1,0.0,17.3,0,0,0,0,0,754.6,3.719354838709677,1.1688311688311688
2015-05-09,685,15.4,6.2,11.7,0.0,18.3,1,0,0,0,0,754.6,-1.3806451612903228,0.9077657036840711
2015-06-07,741,20.7,12.9,18.1,0.0,29.3,1,0,0,0,0,779.5,0.2766666666666673,0.9506093649775497
2015-06-14,797,24.8,19.8,10.9,0.0,14.0,1,0,0,0,0,779.5,4.376666666666669,1.0224502886465683
2015-06-21,783,24.9,19.0,3.6,0.0,14.0,0,0,0,0,0,779.5,4.476666666666667,1.0044900577293137
2015-06-28,797,22.1,12.7,0.0,0.0,11.0,0,0,0,0,0,779.5,1.6766666666666694,1.0224502886465683
2015-06-08,682,24.3,17.2,5.4,0.0,23.1,0,0,0,0,0,782.2,3.8766666666666687,0.8718997698798261
2015-06-01,957,10.2,7.9,0.0,0.0,18.0,0,0,0,0,0,782.2,-10.223333333333333,1.2234722577345947
2015-06-29,752,19.8,17.0,0.7,0.0,10.3,0,0,0,0,0,782.2,-0.6233333333333313,0.9613909486064944
2015-06-22,780,26.2,18.7,1.5,0.0,38.1,0,0,0,0,0,782.2,5.776666666666667,0.9971874200971618
2015-06-15,740,23.9,17.1,18.6,0.0,12.3,1,0,0,0,0,782.2,3.4766666666666666,0.9460496036819227
2015-06-02,772,14.0,7.4,0.0,0.0,11.7,0,0,0,0,0,766.4,-6.423333333333332,1.0073068893528183
2015-06-16,847,15.5,12.0,0.8,0.0,17.2,0,0,0,0,0,766.4,-4.923333333333332,1.1051670146137786
2015-06-09,732,24.4,14.8,0.0,0.0,20.1,0,0,0,0,0,766.4,3.9766666666666666,0.9551148225469729
2015-06-30,749,20.8,13.7,3.9,0.0,15.1,0,0,0,0,0,766.4,0.3766666666666687,0.9772964509394573
2015-06-23,732,20.8,16.6,0.0,0.0,22.1,0,0,0,0,0,766.4,0.3766666666666687,0.9551148225469729
2015-06-10,793,25.6,19.4,5.5,0.0,27.3,0,0,0,0,0,756.0,5.176666666666669,1.0489417989417988
2015-06-24,729,22.5,16.9,0.0,0.0,11.0,0,0,0,0,0,756.0,2.076666666666668,0.9642857142857143
2015-06-17,723,18.1,11.5,5.1,0.0,10.8,0,0,0,0,0,756.0,-2.3233333333333306,0.9563492063492064
2015-06-03,779,17.5,11.1,0.0,0.0,16.5,0,0,0,0,0,756.0,-2.923333333333332,1.0304232804232805
2015-06-25,784,19.9,14.3,8.6,0.0,14.8,0,0,0,0,0,769.25,-0.5233333333333334,1.019174520636984
2015-06-11,804,19.8,15.3,1.0,0.0,16.3,0,0,0,0,0,769.25,-0.6233333333333313,1.0451738706532336
2015-06-04,721,21.3,14.5,1.1,0.0,17.4,0,0,0,0,0,769.25,0.8766666666666687,0.9372765680857978
2015-06-18,768,24.0,12.7,0.5,0.0,19.8,0,0,0,0,0,769.25,3.576666666666668,0.9983750406239844
2015-06-12,828,19.9,10.8,15.1,0.0,18.4,1,0,0,0,0,793.0,-0.5233333333333334,1.0441361916771752
2015-06-19,774,14.4,11.8,0.0,0.0,22.0,0,0,0,0,0,793.0,-6.023333333333332,0.9760403530895334
2015-06-26,784,17.8,13.8,7.2,0.0,18.4,0,0,0,0,0,793.0,-2.6233333333333313,0.9886506935687264
2015-06-05,786,18.3,9.0,0.0,0.0,26.2,0,0,0,0,0,793.0,-2.1233333333333313,0.9911727616645649
2015-06-27,723,18.2,13.7,1.1,0.0,19.2,0,0,0,0,0,765.25,-2.2233333333333327,0.9447892845475335
2015-06-06,758,13.8,9.0,0.0,0.0,22.2,0,0,0,0,0,765.25,-6.623333333333331,0.9905259719046063
2015-06-20,766,24.8,12.1,0.0,0.0,22.0,0,0,0,0,0,765.25,4.376666666666669,1.0009800718719373
2015-06-13,814,24.4,10.8,11.9,0.0,15.1,1,0,0,0,0,765.25,3.9766666666666666,1.0637046716759229
2015-07-12,801,22.7,18.6,22.5,0.0,16.4,1,0,0,0,0,816.25,-0.9677419354838719,0.9813169984686064
2015-07-05,898,24.0,16.9,0.0,0.0,14.8,0,0,0,0,0,816.25,0.3322580645161288,1.1001531393568147
2015-07-26,802,23.8,19.1,0.0,0.0,12.7,0,0,0,0,0,816.25,0.13225806451612954,0.982542113323124
2015-07-19,764,26.1,20.7,0.0,0.0,17.1,0,0,0,0,0,816.25,2.4322580645161302,0.9359877488514549
2015-07-06,757,25.9,18.9,3.3,0.0,23.2,0,0,0,0,0,788.0,2.2322580645161274,0.9606598984771574
2015-07-27,835,25.9,20.5,0.0,0.0,14.1,0,0,0,0,0,788.0,2.2322580645161274,1.0596446700507614
2015-07-20,778,26.5,18.4,0.9,0.0,12.5,0,0,0,0,0,788.0,2.832258064516129,0.9873096446700508
2015-07-13,782,26.3,18.9,25.0,0.0,20.1,1,0,0,0,0,788.0,2.6322580645161295,0.9923857868020305
2015-07-28,767,27.0,20.7,0.0,0.0,14.4,0,0,0,0,0,739.0,3.332258064516129,1.0378890392422193
2015-07-07,701,21.7,13.7,20.9,0.0,30.7,1,0,0,0,0,739.0,-1.9677419354838719,0.9485791610284168
2015-07-14,711,23.0,15.2,0.6,0.0,25.1,0,0,0,0,0,739.0,-0.6677419354838712,0.9621109607577808
2015-07-21,777,22.2,18.8,0.0,0.0,20.3,0,0,0,0,0,739.0,-1.4677419354838719,1.0514208389715831
2015-07-15,795,18.9,14.9,0.0,0.0,22.6,0,0,0,0,0,788.8,-4.767741935483873,1.0078600405679514
2015-07-22,774,23.3,16.9,0.0,0.0,11.8,0,0,0,0,0,788.8,-0.36774193548387046,0.981237322515213
2015-07-29,764,27.7,22.4,3.4,0.0,18.3,0,0,0,0,0,788.8,4.032258064516128,0.9685598377281948
2015-07-08,718,17.6,13.1,0.1,0.0,16.1,0,0,0,0,0,788.8,-6.06774193548387,0.9102434077079108
2015-07-01,893,15.4,12.5,0.0,0.0,17.9,0,0,0,0,0,788.8,-8.26774193548387,1.1320993914807302
2015-07-09,672,19.2,16.5,5.6,0.0,15.9,0,0,0,0,0,737.6,-4.467741935483872,0.911062906724512
2015-07-23,811,24.0,17.4,0.0,0.0,11.6,0,0,0,0,0,737.6,0.3322580645161288,1.0995119305856833
2015-07-02,757,16.1,12.4,0.0,0.0,19.3,0,0,0,0,0,737.6,-7.56774193548387,1.0263015184381779
2015-07-30,775,28.3,19.8,0.0,0.0,18.9,0,0,0,0,0,737.6,4.6322580645161295,1.050704989154013
2015-07-16,673,22.8,16.2,3.8,0.0,22.9,0,0,0,0,0,737.6,-0.8677419354838705,0.9124186550976139
2015-07-10,740,21.9,15.8,0.0,0.0,13.0,0,0,0,0,0,796.4,-1.7677419354838726,0.9291813159216474
2015-07-24,867,26.5,18.4,0.0,0.0,20.6,0,0,0,0,0,796.4,2.832258064516129,1.0886489201406329
2015-07-31,782,27.3,20.4,0.0,0.0,23.0,0,0,0,0,0,796.4,3.6322580645161295,0.9819186338523356
2015-07-17,825,28.3,20.7,4.7,0.0,25.2,0,0,0,0,0,796.4,4.6322580645161295,1.0359116022099448
2015-07-03,768,20.0,13.8,0.0,0.0,14.2,0,0,0,0,0,796.4,-3.667741935483871,0.9643395278754395
2015-07-25,832,26.7,20.9,1.3,0.0,16.2,0,0,0,0,0,813.0,3.032258064516128,1.023370233702337
2015-07-04,845,23.1,14.3,0.0,0.0,10.0,0,0,0,0,0,813.0,-0.5677419354838698,1.039360393603936
2015-07-11,799,23.0,16.3,27.5,0.0,11.4,1,0,0,0,0,813.0,-0.6677419354838712,0.982779827798278
2015-07-18,776,28.5,22.9,13.2,0.0,22.0,1,0,0,0,0,813.0,4.832258064516129,0.9544895448954489
2015-08-23,806,22.6,18.8,8.7,0.0,24.1,0,0,0,0,0,807.6,-1.5354838709677416,0.9980188211986132
2015-08-02,822,27.6,20.3,6.6,0.0,31.8,0,0,0,0,0,807.6,3.4645161290322584,1.0178306092124814
2015-08-16,865,28.9,21.1,0.0,0.0,14.0,0,0,0,0,0,807.6,4.7645161290322555,1.0710747894997523
2015-08-30,800,21.6,18.2,0.0,0.0,10.5,0,0,0,0,0,807.6,-2.5354838709677416,0.9905894006934125
2015-08-09,745,23.5,19.0,1.3,0.0,13.3,0,0,0,0,0,807.6,-0.6354838709677431,0.9224863793957404
2015-08-03,729,25.5,18.7,0.0,0.0,16.2,0,0,0,0,0,749.8,1.364516129032257,0.972259269138437
2015-08-31,745,24.3,17.3,0.0,0.0,11.0,0,0,0,0,0,749.8,0.16451612903225765,0.9935982928781009
2015-08-24,724,21.1,15.0,0.0,0.0,28.5,0,0,0,0,0,749.8,-3.0354838709677416,0.965590824219792
2015-08-17,741,27.6,21.5,11.4,0.0,14.4,1,0,0,0,0,749.8,3.4645161290322584,0.9882635369431849
2015-08-10,810,25.1,20.3,3.3,0.0,12.3,0,0,0,0,0,749.8,0.9645161290322584,1.0802880768204854
2015-08-18,762,24.9,19.9,5.7,0.0,24.9,0,0,0,0,0,770.25,0.7645161290322555,0.9892891918208374
2015-08-25,767,19.5,14.9,0.0,0.0,17.4,0,0,0,0,0,770.25,-4.635483870967743,0.9957805907172996
2015-08-04,761,25.7,18.5,0.0,0.0,15.9,0,0,0,0,0,770.25,1.5645161290322562,0.987990912041545
2015-08-11,791,22.5,19.5,0.5,0.0,16.1,0,0,0,0,0,770.25,-1.635483870967743,1.026939305420318
2015-08-19,793,23.1,18.7,3.0,0.0,26.3,0,0,0,0,0,779.25,-1.0354838709677416,1.0176451716393968
2015-08-26,792,18.2,16.2,0.1,0.0,13.5,0,0,0,0,0,779.25,-5.935483870967744,1.016361886429259
2015-08-12,760,21.1,17.7,0.0,0.0,12.2,0,0,0,0,0,779.25,-3.0354838709677416,0.9752967597048444
2015-08-05,772,24.4,18.6,0.0,0.0,13.2,0,0,0,0,0,779.25,0.2645161290322555,0.9906961822264998
2015-08-06,810,23.7,19.0,0.0,0.0,14.3,0,0,0,0,0,799.5,-0.43548387096774377,1.0131332082551594
2015-08-20,840,21.2,16.0,0.0,0.0,27.2,0,0,0,0,0,799.5,-2.9354838709677438,1.050656660412758
2015-08-13,784,27.3,18.3,0.0,0.0,19.4,0,0,0,0,0,799.5,3.1645161290322577,0.9806128830519074
2015-08-27,764,20.3,15.1,0.0,0.0,14.2,0,0,0,0,0,799.5,-3.8354838709677423,0.9555972482801751
2015-08-21,858,25.5,14.8,0.0,0.0,15.9,0,0,0,0,0,827.75,1.364516129032257,1.0365448504983388
2015-08-07,839,25.6,17.9,0.0,0.0,15.2,0,0,0,0,0,827.75,1.4645161290322584,1.013591060102688
2015-08-14,808,28.3,21.0,2.7,0.0,17.2,0,0,0,0,0,827.75,4.164516129032258,0.9761401389308366
2015-08-28,806,22.9,17.0,0.0,0.0,15.0,0,0,0,0,0,827.75,-1.2354838709677445,0.9737239504681365
2015-08-08,849,25.1,20.0,0.0,0.0,16.3,0,0,0,0,0,865.8,0.9645161290322584,0.9805959805959806
2015-08-29,761,21.9,18.4,16.5,0.0,16.5,1,0,0,0,0,865.8,-2.2354838709677445,0.878955878955879
2015-08-15,826,27.0,22.1,0.9,0.0,12.6,0,0,0,0,0,865.8,2.864516129032257,0.9540309540309541
2015-08-01,1048,27.1,18.5,0.0,0.0,17.9,0,0,0,0,0,865.8,2.9645161290322584,1.2104412104412106
2015-08-22,845,25.1,18.5,0.0,0.0,19.6,0,0,0,0,0,865.8,0.9645161290322584,0.9759759759759761
2015-09-06,818,28.9,21.3,0.0,0.0,19.5,0,0,0,0,0,791.5,6.646666666666668,1.0334807327858497
2015-09-13,734,19.0,10.8,0.0,0.0,15.0,0,0,0,0,0,791.5,-3.2533333333333303,0.9273531269740998
2015-09-20,811,18.9,12.7,0.0,0.0,11.9,0,0,0,0,0,791.5,-3.3533333333333317,1.0246367656348705
2015-09-27,803,21.0,16.7,0.3,0.0,12.8,0,0,0,0,0,791.5,-1.2533333333333303,1.01452937460518
2015-09-14,791,23.2,14.2,0.0,0.0,26.8,0,0,0,0,0,771.75,0.946666666666669,1.0249433106575965
2015-09-21,735,19.5,13.3,0.0,0.0,13.4,0,0,0,0,0,771.75,-2.7533333333333303,0.9523809523809523
2015-09-28,753,22.8,17.8,0.3,0.0,12.7,0,0,0,0,0,771.75,0.5466666666666704,0.9757045675413022
2015-09-07,808,27.5,22.9,0.0,0.0,21.6,0,0,0,0,0,771.75,5.24666666666667,1.0469711694201491
2015-09-15,813,24.1,17.3,0.0,0.0,24.8,0,0,0,0,0,787.4,1.8466666666666711,1.0325120650241302
2015-09-22,777,22.0,13.8,0.0,0.0,11.9,0,0,0,0,0,787.4,-0.2533333333333303,0.9867919735839472
2015-09-01,960,27.9,20.8,0.0,0.0,16.5,0,0,0,0,0,787.4,5.646666666666668,1.2192024384048767
2015-09-08,717,24.9,18.8,12.2,0.0,19.5,1,0,0,0,0,787.4,2.6466666666666683,0.9105918211836423
2015-09-29,670,20.1,13.9,1.2,0.0,33.4,0,0,0,0,0,787.4,-2.153333333333329,0.8509017018034036
2015-09-02,801,28.0,21.5,0.2,0.0,17.2,0,0,0,0,0,758.0,5.74666666666667,1.0567282321899736
2015-09-09,711,20.2,17.6,0.0,0.0,15.2,0,0,0,0,0,758.0,-2.053333333333331,0.9379947229551451
2015-09-23,834,21.2,15.0,0.0,0.0,14.0,0,0,0,0,0,758.0,-1.053333333333331,1.1002638522427441
2015-09-30,678,13.6,11.7,0.0,0.0,29.8,0,0,0,0,0,758.0,-8.65333333333333,0.8944591029023746
2015-09-16,766,24.5,17.0,0.0,0.0,21.3,0,0,0,0,0,758.0,2.2466666666666697,1.0105540897097625
2015-09-17,717,25.2,18.2,2.5,0.0,25.3,0,0,0,0,0,742.5,2.946666666666669,0.9656565656565657
2015-09-03,875,29.3,21.6,0.3,0.0,16.8,0,0,0,0,0,742.5,7.04666666666667,1.1784511784511784
2015-09-24,719,19.9,15.1,0.0,0.0,14.0,0,0,0,0,0,742.5,-2.3533333333333317,0.9683501683501684
2015-09-10,659,22.2,15.0,0.2,0.0,10.7,0,0,0,0,0,742.5,-0.05333333333333101,0.8875420875420875
2015-09-11,692,17.7,14.1,11.0,0.0,25.3,1,0,0,0,0,777.5,-4.553333333333331,0.890032154340836
2015-09-25,812,19.0,15.9,0.0,0.0,20.6,0,0,0,0,0,777.5,-3.2533333333333303,1.0443729903536978
2015-09-04,815,23.0,19.4,0.0,0.0,18.2,0,0,0,0,0,777.5,0.7466666666666697,1.0482315112540193
2015-09-18,791,23.8,19.8,32.6,0.0,24.6,1,0,0,0,0,777.5,1.5466666666666704,1.017363344051447
2015-09-19,792,21.4,16.0,1.2,0.0,35.0,0,0,0,0,0,768.75,-0.8533333333333317,1.0302439024390244
2015-09-05,767,23.8,19.5,15.4,0.0,15.6,1,0,0,0,0,768.75,1.5466666666666704,0.9977235772357723
2015-09-12,724,14.9,12.4,0.8,0.0,21.5,0,0,0,0,0,768.75,-7.35333333333333,0.9417886178861788
2015-09-26,792,20.1,15.4,0.0,0.0,15.9,0,0,0,0,0,768.75,-2.153333333333329,1.0302439024390244
2015-10-25,729,13.1,8.2,0.0,0.0,18.6,0,0,0,0,0,698.5,-1.9548387096774231,1.043664996420902
2015-10-04,654,12.5,9.7,1.4,0.0,25.3,0,0,0,0,0,698.5,-2.5548387096774228,0.9362920544022906
2015-10-18,675,12.0,5.1,0.0,0.0,17.5,0,0,0,0,0,698.5,-3.0548387096774228,0.9663564781675018
2015-10-11,736,21.3,12.4,0.0,0.0,28.1,0,0,0,0,0,698.5,6.245161290322578,1.0536864710093057
2015-10-12,733,20.5,14.0,0.2,0.0,29.5,0,0,0,0,0,764.75,5.445161290322577,0.9584831644328212
2015-10-05,756,15.3,12.5,0.0,0.0,13.3,0,0,0,0,0,764.75,0.24516129032257794,0.988558352402746
2015-10-19,788,18.4,9.2,0.0,0.0,32.5,0,0,0,0,0,764.75,3.345161290322576,1.0304020921869892
2015-10-26,782,13.5,8.9,0.0,0.0,16.5,0,0,0,0,0,764.75,-1.5548387096774228,1.0225563909774436
2015-10-27,651,12.8,10.3,9.5,0.0,28.1,0,0,0,0,0,732.25,-2.254838709677422,0.8890406282007511
2015-10-06,752,16.9,14.1,0.0,0.0,10.5,0,0,0,0,0,732.25,1.8451612903225758,1.0269716626835097
2015-10-20,785,19.4,13.0,0.7,0.0,29.2,0,0,0,0,0,732.25,4.345161290322576,1.0720382383065892
2015-10-13,741,14.7,11.1,0.0,0.0,27.5,0,0,0,0,0,732.25,-0.3548387096774235,1.0119494708091499
2015-10-21,794,20.3,13.2,6.8,0.0,24.0,0,0,0,0,0,739.5,5.245161290322578,1.0736984448951994
2015-10-07,718,18.3,14.0,0.0,0.0,18.4,0,0,0,0,0,739.5,3.245161290322578,0.9709263015551048
2015-10-14,764,15.3,9.4,0.0,0.0,17.7,0,0,0,0,0,739.5,0.24516129032257794,1.0331304935767411
2015-10-28,682,12.3,5.5,14.8,0.0,35.0,1,0,0,0,0,739.5,-2.754838709677422,0.9222447599729547
2015-10-29,669,8.2,3.7,0.0,0.0,35.2,0,0,0,0,0,771.0,-6.8548387096774235,0.867704280155642
2015-10-15,817,17.9,10.8,1.5,0.0,30.5,0,0,0,0,0,771.0,2.845161290322576,1.059662775616083
2015-10-01,893,12.7,9.7,0.0,0.0,31.3,0,0,0,0,0,771.0,-2.3548387096774235,1.158236057068742
2015-10-22,775,15.8,11.6,0.0,0.0,16.7,0,0,0,0,0,771.0,0.7451612903225779,1.0051880674448768
2015-10-08,701,22.5,12.7,0.2,0.0,20.7,0,0,0,0,0,771.0,7.445161290322577,0.9092088197146563
2015-10-09,795,17.6,11.8,0.0,0.0,25.0,0,0,0,0,0,776.4,2.5451612903225787,1.0239567233384854
2015-10-02,800,13.2,9.3,0.0,0.0,33.7,0,0,0,0,0,776.4,-1.8548387096774235,1.0303967027305514
2015-10-16,734,10.6,7.4,0.0,0.0,21.6,0,0,0,0,0,776.4,-4.454838709677423,0.9453889747552808
2015-10-30,776,11.4,6.3,0.0,0.0,19.5,0,0,0,0,0,776.4,-3.6548387096774224,0.9994848016486347
2015-10-23,777,15.2,10.7,6.7,0.0,24.0,0,0,0,0,0,776.4,0.14516129032257652,1.000772797527048
2015-10-17,706,10.2,4.4,0.0,0.0,22.8,0,0,0,0,0,726.0,-4.8548387096774235,0.9724517906336089
2015-10-03,709,10.4,9.1,1.5,0.0,31.6,0,0,0,0,0,726.0,-4.654838709677422,0.9765840220385675
2015-10-31,721,11.1,7.9,10.0,0.0,27.4,1,0,0,0,0,726.0,-3.954838709677423,0.9931129476584022
2015-10-24,765,16.5,11.2,1.7,0.0,28.0,0,0,0,0,0,726.0,1.4451612903225772,1.0537190082644627
2015-10-10,729,16.8,9.0,0.0,0.0,21.8,0,0,0,0,0,726.0,1.745161290322578,1.0041322314049588
2015-11-08,705,9.7,3.6,0.0,0.0,11.8,0,0,0,0,0,711.2,-0.7533333333333356,0.9912823397075365
2015-11-22,520,-3.1,-8.7,0.0,0.0,23.8,0,0,0,0,0,711.2,-13.553333333333335,0.7311586051743532
2015-11-15,723,14.1,7.7,0.0,0.0,23.8,0,0,0,0,0,711.2,3.6466666666666647,1.016591676040495
2015-11-29,612,3.8,1.2,0.0,0.0,14.6,0,0,0,0,0,711.2,-6.653333333333335,0.8605174353205849
2015-11-01,996,15.0,8.3,0.0,0.0,24.0,0,0,0,0,0,711.2,4.546666666666665,1.4004499437570304
2015-11-09,685,10.5,3.7,0.0,0.0,10.6,0,0,0,0,0,706.4,0.04666666666666508,0.9697055492638732
2015-11-02,785,17.9,10.5,0.0,0.0,20.8,0,0,0,0,0,706.4,7.446666666666664,1.111268403171008
2015-11-30,668,6.5,2.3,5.1,0.0,23.1,0,0,0,0,0,706.4,-3.953333333333335,0.9456398640996603
2015-11-16,744,12.3,8.6,0.8,0.0,22.4,0,0,0,0,0,706.4,1.8466666666666658,1.0532276330690826
2015-11-23,650,2.3,-2.9,0.4,0.0,23.5,0,0,0,0,0,706.4,-8.153333333333336,0.9201585503963761
2015-11-17,668,13.5,8.8,19.8,0.0,35.8,1,0,0,0,0,666.25,3.046666666666665,1.0026266416510319
2015-11-03,749,17.7,9.4,0.0,0.0,16.8,0,0,0,0,0,666.25,7.246666666666664,1.124202626641651
2015-11-10,641,11.3,4.2,0.0,0.0,10.1,0,0,0,0,0,666.25,0.8466666666666658,0.9621013133208255
2015-11-24,607,3.5,-1.7,0.0,0.0,19.8,0,0,0,0,0,666.25,-6.953333333333335,0.9110694183864916
2015-11-18,684,14.5,10.2,10.5,0.0,43.5,1,0,0,0,0,695.75,4.046666666666665,0.9831117499101689
2015-11-25,620,9.0,3.5,0.0,0.0,28.5,0,0,0,0,0,695.75,-1.453333333333335,0.8911246855910887
2015-11-11,688,15.1,6.6,4.4,0.0,39.7,0,0,0,0,0,695.75,4.646666666666665,0.9888609414301114
2015-11-04,791,18.8,12.3,0.0,0.0,18.8,0,0,0,0,0,695.75,8.346666666666666,1.136902623068631
2015-11-26,591,13.7,8.8,5.2,0.0,29.5,0,0,0,0,0,683.5,3.2466666666666644,0.8646671543525969
2015-11-19,696,10.1,3.9,0.0,0.0,42.8,0,0,0,0,0,683.5,-0.3533333333333353,1.0182882223847842
2015-11-05,754,18.1,14.6,0.0,0.0,32.0,0,0,0,0,0,683.5,7.6466666666666665,1.1031455742501828
2015-11-12,693,12.2,6.8,3.5,0.0,48.9,0,0,0,0,1,683.5,1.7466666666666644,1.013899049012436
2015-11-27,613,12.2,2.7,25.2,0.0,32.6,1,0,0,0,0,688.25,1.7466666666666644,0.8906647293861242
2015-11-13,679,7.3,3.9,0.0,0.0,39.1,0,0,0,0,0,688.25,-3.153333333333335,0.9865601162368326
2015-11-06,747,16.2,8.1,5.5,0.0,38.0,0,0,0,0,0,688.25,5.746666666666664,1.0853614239011986
2015-11-20,714,4.7,1.5,1.3,0.84,29.6,0,0,0,0,0,688.25,-5.753333333333335,1.0374137304758446
2015-11-28,659,3.1,1.3,0.0,0.0,24.8,0,0,0,0,0,643.5,-7.353333333333335,1.0240870240870241
2015-11-14,696,11.6,0.5,0.0,0.0,24.7,0,0,0,0,0,643.5,1.1466666666666647,1.0815850815850816
2015-11-07,691,10.1,5.2,0.1,0.0,23.9,0,0,0,0,0,643.5,-0.3533333333333353,1.0738150738150738
2015-11-21,528,1.9,-3.2,20.8,13.65,32.0,1,1,0,0,0,643.5,-8.553333333333335,0.8205128205128205
2015-12-27,627,4.2,1.7,6.2,0.0,33.2,0,0,0,0,0,664.5,-2.006451612903226,0.9435665914221218
2015-12-20,693,7.8,-1.8,0.0,0.0,31.8,0,0,0,0,0,664.5,1.5935483870967735,1.0428893905191874
2015-12-13,651,13.5,10.9,22.9,0.0,31.3,1,0,0,0,0,664.5,7.293548387096774,0.9796839729119639
2015-12-06,687,6.8,0.8,0.2,0.0,18.0,0,0,0,0,0,664.5,0.5935483870967735,1.0338600451467268
2015-12-21,650,8.7,5.8,20.4,0.0,32.2,1,0,0,0,0,648.5,2.493548387096773,1.002313030069391
2015-12-14,739,13.4,6.2,12.9,0.0,32.5,1,0,0,0,0,648.5,7.193548387096774,1.1395528141865845
2015-12-07,689,3.6,1.3,0.0,0.0,19.2,0,0,0,0,0,648.5,-2.6064516129032262,1.0624518118735544
2015-12-28,516,5.5,-0.6,45.9,3.85,48.6,1,1,0,0,1,648.5,-0.7064516129032263,0.7956823438704703
2015-12-01,798,6.0,3.2,5.9,0.0,24.2,0,0,0,0,0,728.6,-0.20645161290322633,1.0952511666209168
2015-12-15,794,6.0,3.9,0.0,0.0,18.1,0,0,0,0,0,728.6,-0.20645161290322633,1.0897611858358496
2015-12-22,694,5.4,3.1,0.2,0.0,22.6,0,0,0,0,0,728.6,-0.806451612903226,0.9525116662091683
2015-12-08,733,7.4,2.8,0.1,0.0,22.9,0,0,0,0,0,728.6,1.193548387096774,1.006038978863574
2015-12-29,624,6.3,-0.8,1.0,0.0,26.5,0,0,0,0,0,728.6,0.09354838709677349,0.8564370024704914
2015-12-30,603,-1.0,-1.9,0.5,0.49,16.6,0,0,0,0,0,696.0,-7.206451612903226,0.8663793103448276
2015-12-23,754,12.9,4.9,8.1,0.0,45.1,0,0,0,0,1,696.0,6.693548387096774,1.0833333333333333
2015-12-02,716,3.3,0.8,4.4,1.75,22.7,0,0,0,0,0,696.0,-2.9064516129032265,1.028735632183908
2015-12-09,685,9.1,5.5,0.0,0.0,23.3,0,0,0,0,0,696.0,2.8935483870967733,0.9841954022988506
2015-12-16,722,10.6,3.5,4.4,0.0,31.4,0,0,0,0,0,696.0,4.393548387096773,1.0373563218390804
2015-12-17,728,3.1,-1.8,0.0,0.0,29.2,0,0,0,0,0,683.2,-3.1064516129032262,1.0655737704918031
2015-12-03,710,3.1,-0.5,0.0,0.0,22.7,0,0,0,0,0,683.2,-3.1064516129032262,1.0392271662763466
2015-12-31,611,-2.0,-4.9,0.0,0.0,22.8,0,0,0,0,0,683.2,-8.206451612903226,0.8943208430913349
2015-12-24,676,7.5,2.0,0.0,0.0,40.8,0,0,0,0,0,683.2,1.2935483870967737,0.9894613583138173
2015-12-10,691,12.1,5.4,0.0,0.0,36.7,0,0,0,0,0,683.2,5.893548387096773,1.0114168618266979
2015-12-18,653,-0.9,-3.4,0.1,0.14,31.6,0,0,0,0,0,648.25,-7.106451612903227,1.0073274199768607
2015-12-25,498,4.7,1.8,0.0,0.0,20.5,0,0,0,0,0,648.25,-1.5064516129032262,0.7682221365214038
2015-12-11,742,8.5,5.6,0.1,0.0,29.7,0,0,0,0,0,648.25,2.2935483870967737,1.1446201311222521
2015-12-04,700,6.6,0.0,0.0,0.0,19.8,0,0,0,0,0,648.25,0.3935483870967733,1.0798303123794832
2015-12-19,666,-1.5,-6.0,0.0,0.0,24.7,0,0,0,0,0,691.25,-7.706451612903226,0.9634719710669077
2015-12-05,707,4.2,-0.8,0.0,0.0,18.1,0,0,0,0,0,691.25,-2.006451612903226,1.0227848101265822
2015-12-26,640,5.2,2.9,8.5,0.0,25.0,0,0,0,0,0,691.25,-1.0064516129032262,0.9258589511754068
2015-12-12,752,12.3,8.6,2.7,0.0,12.4,0,0,0,0,0,691.25,6.093548387096774,1.0878842676311031
2016-01-17,537,-7.9,-16.3,0.0,0.0,28.8,0,0,0,1,0,619.0,-7.658064516129032,0.8675282714054927
2016-01-24,677,1.1,-4.8,0.0,0.0,23.2,0,0,0,0,0,619.0,1.3419354838709678,1.0936995153473343
2016-01-03,618,-1.0,-3.7,0.0,0.0,23.9,0,0,0,0,0,619.0,-0.7580645161290323,0.9983844911147012
2016-01-31,666,6.5,1.1,4.5,0.0,18.4,0,0,0,0,0,619.0,6.741935483870968,1.0759289176090467
2016-01-10,597,-1.3,-14.7,0.5,0.56,33.5,0,0,0,0,0,619.0,-1.0580645161290323,0.9644588045234249
2016-01-18,515,-12.8,-18.4,0.0,0.0,26.1,0,0,0,1,0,599.5,-12.558064516129033,0.8590492076730609
2016-01-25,744,4.4,-2.3,3.2,0.0,23.6,0,0,0,0,0,599.5,4.641935483870968,1.2410341951626356
2016-01-11,513,-3.7,-16.6,2.0,1.54,25.5,0,0,0,0,0,599.5,-3.4580645161290327,0.8557130942452044
2016-01-04,626,-1.2,-3.6,0.0,0.14,24.7,0,0,0,0,0,599.5,-0.9580645161290322,1.0442035029190992
2016-01-12,548,-3.3,-14.6,0.5,0.35,32.8,0,0,0,0,0,606.25,-3.0580645161290323,0.9039175257731958
2016-01-19,610,-8.1,-15.3,0.0,0.0,19.4,0,0,0,1,0,606.25,-7.858064516129032,1.0061855670103093
2016-01-05,627,0.7,-5.1,0.0,0.0,21.3,0,0,0,0,0,606.25,0.9419354838709677,1.0342268041237113
2016-01-26,640,4.4,-3.6,0.6,0.14,29.5,0,0,0,0,0,606.25,4.641935483870968,1.0556701030927835
2016-01-13,654,-3.6,-16.9,0.8,0.7,22.2,0,0,0,0,0,642.75,-3.3580645161290326,1.017502917152859
2016-01-20,620,-5.9,-9.2,1.4,0.98,11.0,0,0,0,1,0,642.75,-5.658064516129032,0.9646052119797744
2016-01-06,628,2.4,-2.9,0.0,0.0,20.5,0,0,0,0,0,642.75,2.6419354838709674,0.9770517308440295
2016-01-27,669,0.2,-4.3,0.0,0.0,30.6,0,0,0,0,0,642.75,0.4419354838709677,1.0408401400233371
2016-01-07,709,3.7,0.3,0.0,0.0,17.0,0,0,0,0,0,707.25,3.9419354838709677,1.0024743725698126
2016-01-28,752,3.3,-1.5,0.4,0.0,29.8,0,0,0,0,0,707.25,3.5419354838709673,1.0632732414280666
2016-01-14,734,4.3,-3.1,0.0,0.0,24.8,0,0,0,0,0,707.25,4.541935483870968,1.037822552138565
2016-01-21,634,-3.7,-8.1,0.0,0.0,8.8,0,0,0,0,0,707.25,-3.4580645161290327,0.896429833863556
2016-01-08,744,4.8,2.4,6.2,0.0,14.9,0,0,0,0,0,821.2,5.041935483870968,0.9059912323429128
2016-01-22,701,-1.9,-5.4,0.0,0.21,21.4,0,0,0,0,0,821.2,-1.6580645161290322,0.8536288358499756
2016-01-15,734,3.9,-0.7,1.0,0.0,27.6,0,0,0,0,0,821.2,4.141935483870967,0.8938139308329274
2016-01-01,1181,-1.2,-7.0,0.0,0.0,26.3,0,0,0,0,0,821.2,-0.9580645161290322,1.4381393083292742
2016-01-29,746,-0.0,-5.4,0.0,0.0,27.0,0,0,0,0,0,821.2,0.24193548387096772,0.9084266926449098
2016-01-23,722,-1.4,-4.6,0.0,0.0,14.2,0,0,0,0,0,668.8,-1.1580645161290322,1.0795454545454546
2016-01-09,650,4.7,-0.6,9.2,4.76,29.8,0,1,0,0,0,668.8,4.941935483870968,0.9718899521531101
2016-01-30,743,5.3,0.1,0.0,0.0,27.3,0,0,0,0,0,668.8,5.541935483870968,1.110944976076555
2016-01-02,576,0.8,-4.8,0.0,0.0,29.1,0,0,0,0,0,668.8,1.0419354838709678,0.861244019138756
2016-01-16,653,-1.0,-7.1,0.0,0.0,22.7,0,0,0,0,0,668.8,-0.7580645161290323,0.9763755980861245
2016-02-28,625,12.3,2.5,0.9,0.0,38.3,0,0,0,0,0,615.75,11.013793103448277,1.0150223304912709
2016-02-14,514,-6.4,-10.4,3.2,2.31,25.9,0,1,0,1,0,615.75,-7.686206896551724,0.8347543645960211
2016-02-21,707,2.0,-0.8,0.0,0.0,19.4,0,0,0,0,0,615.75,0.7137931034482761,1.1481932602517255
2016-02-07,617,4.6,-0.6,0.0,0.0,26.0,0,0,0,0,0,615.75,3.3137931034482757,1.0020300446609824
2016-02-22,639,1.9,-2.3,0.0,0.0,12.0,0,0,0,0,0,652.4,0.613793103448276,0.9794604537093807
2016-02-08,571,-0.5,-3.7,0.9,0.91,21.9,0,0,0,0,0,652.4,-1.786206896551724,0.875229920294298
2016-02-15,553,-1.2,-7.3,0.0,0.21,17.9,0,0,0,0,0,652.4,-2.4862068965517237,0.8476394849785408
2016-02-01,853,4.0,-2.0,0.0,0.0,17.1,0,0,0,0,0,652.4,2.713793103448276,1.3074800735744943
2016-02-29,646,8.9,-1.7,0.7,0.56,28.1,0,0,0,0,0,652.4,7.613793103448277,0.9901900674432864
2016-02-09,545,-4.1,-8.0,1.1,1.75,25.3,0,0,0,0,0,603.75,-5.386206896551723,0.9026915113871635
2016-02-23,630,2.1,-2.8,0.0,0.0,18.1,0,0,0,0,0,603.75,0.8137931034482762,1.0434782608695652
2016-02-16,625,-0.5,-5.0,0.3,0.42,13.2,0,0,0,0,0,603.75,-1.786206896551724,1.0351966873706004
2016-02-02,615,3.8,-2.2,23.0,0.42,31.0,1,0,0,0,0,603.75,2.513793103448276,1.0186335403726707
2016-02-17,641,-1.6,-5.5,0.0,0.0,14.6,0,0,0,0,0,616.75,-2.886206896551724,1.039319010944467
2016-02-03,682,3.5,-1.6,0.0,0.07,32.7,0,0,0,0,0,616.75,2.213793103448276,1.1057965139845967
2016-02-24,578,1.0,-0.4,8.6,6.09,46.2,0,1,0,0,1,616.75,-0.28620689655172393,0.9371706526145116
2016-02-10,566,-8.0,-12.3,0.1,0.28,26.5,0,0,0,1,0,616.75,-9.286206896551723,0.9177138224564249
2016-02-18,681,3.0,-5.7,0.0,0.0,33.4,0,0,0,0,0,658.25,1.713793103448276,1.034561336878086
2016-02-25,700,0.9,-1.3,0.9,0.98,35.5,0,0,0,0,0,658.25,-0.3862068965517239,1.0634257500949487
2016-02-11,582,-6.6,-10.9,0.0,0.0,19.5,0,0,0,1,0,658.25,-7.886206896551723,0.8841625522218002
2016-02-04,670,-1.1,-5.2,0.0,0.0,20.2,0,0,0,0,0,658.25,-2.386206896551724,1.0178503608051652
2016-02-12,648,-5.6,-12.1,0.0,0.0,32.1,0,0,0,1,0,706.0,-6.886206896551723,0.9178470254957507
2016-02-19,776,12.4,2.8,0.0,0.0,49.5,0,0,0,0,1,706.0,11.113793103448277,1.0991501416430596
2016-02-05,660,-0.8,-3.3,0.0,0.0,15.5,0,0,0,0,0,706.0,-2.086206896551724,0.9348441926345609
2016-02-26,740,0.6,-2.8,0.0,0.0,20.3,0,0,0,0,0,706.0,-0.686206896551724,1.048158640226629
2016-02-27,693,8.0,-2.0,0.0,0.0,31.5,0,0,0,0,0,672.0,6.7137931034482765,1.03125
2016-02-06,696,3.1,-4.1,0.0,0.0,17.3,0,0,0,0,0,672.0,1.8137931034482762,1.0357142857142858
2016-02-20,702,10.9,2.3,0.0,0.0,34.9,0,0,0,0,0,672.0,9.613793103448277,1.0446428571428572
2016-02-13,597,-9.3,-15.6,0.0,0.0,30.8,0,0,0,1,0,672.0,-10.586206896551724,0.8883928571428571
2016-03-27,631,12.0,3.9,6.8,0.0,21.8,0,0,0,0,0,664.75,5.461290322580647,0.9492290334712298
2016-03-13,628,5.8,3.6,15.3,0.0,21.2,1,0,0,0,0,664.75,-0.7387096774193536,0.9447160586686725
2016-03-06,714,7.1,-4.4,0.0,0.0,28.1,0,0,0,0,0,664.75,0.5612903225806463,1.07408800300865
2016-03-20,686,2.3,-0.5,0.0,0.0,18.0,0,0,0,0,0,664.75,-4.238709677419354,1.031966904851448
2016-03-07,795,9.6,5.9,1.4,0.0,27.2,0,0,0,0,0,730.25,3.0612903225806463,1.0886682642930503
2016-03-14,685,5.7,2.5,0.5,0.0,14.2,0,0,0,0,0,730.25,-0.8387096774193532,0.9380349195480999
2016-03-21,699,4.3,-0.6,0.0,0.0,17.6,0,0,0,0,0,730.25,-2.2387096774193536,0.9572064361520027
2016-03-28,742,5.7,1.4,0.0,0.0,26.6,0,0,0,0,0,730.25,-0.8387096774193532,1.016090380006847
2016-03-29,739,8.0,1.0,0.0,0.0,14.7,0,0,0,0,0,743.0,1.4612903225806466,0.9946164199192463
2016-03-22,722,13.1,4.2,1.3,0.0,28.2,0,0,0,0,0,743.0,6.561290322580646,0.971736204576043
2016-03-01,818,-1.1,-5.0,5.8,4.2,38.7,0,1,0,0,0,743.0,-7.638709677419353,1.100942126514132
2016-03-15,713,9.7,2.1,7.2,0.0,28.0,0,0,0,0,0,743.0,3.161290322580646,0.9596231493943472
2016-03-08,723,13.9,9.2,0.2,0.0,28.7,0,0,0,0,0,743.0,7.361290322580647,0.9730820995962315
2016-03-16,745,10.2,6.1,2.1,0.0,43.1,0,0,0,0,0,687.4,3.661290322580646,1.083794006400931
2016-03-30,716,13.1,4.4,2.9,0.0,33.0,0,0,0,0,0,687.4,6.561290322580646,1.0416060517893513
2016-03-09,680,12.3,7.8,6.2,0.0,24.6,0,0,0,0,0,687.4,5.761290322580647,0.9892347977887693
2016-03-02,610,-1.6,-8.3,0.0,0.07,22.2,0,0,0,0,0,687.4,-8.138709677419353,0.8874018038987489
2016-03-23,686,7.2,2.1,3.7,0.0,27.0,0,0,0,0,0,687.4,0.6612903225806468,0.9979633401221997
2016-03-03,617,-0.8,-2.8,3.8,3.01,15.7,0,1,0,0,0,700.6,-7.338709677419353,0.8806737082500713
2016-03-17,739,9.1,4.4,0.4,0.0,28.6,0,0,0,0,0,700.6,2.5612903225806463,1.0548101627176705
2016-03-10,716,7.0,1.8,0.0,0.0,17.8,0,0,0,0,0,700.6,0.4612903225806466,1.0219811590065657
2016-03-24,677,6.5,-0.4,21.2,1.05,32.6,1,0,0,0,0,700.6,-0.03870967741935338,0.9663145874964316
2016-03-31,754,13.2,6.0,23.9,0.0,32.5,1,0,0,0,0,700.6,6.661290322580646,1.0762203825292607
2016-03-11,733,4.5,1.1,0.0,0.0,11.3,0,0,0,0,0,736.25,-2.0387096774193534,0.9955857385398982
2016-03-18,791,4.2,0.4,0.0,0.0,21.3,0,0,0,0,0,736.25,-2.338709677419353,1.0743633276740239
2016-03-25,717,2.6,-1.2,0.0,0.0,26.9,0,0,0,0,0,736.25,-3.9387096774193533,0.9738539898132428
2016-03-04,704,0.3,-4.1,0.6,0.42,17.0,0,0,0,0,0,736.25,-6.238709677419354,0.9561969439728353
2016-03-19,700,3.1,0.4,0.2,0.0,18.5,0,0,0,0,0,720.5,-3.4387096774193533,0.9715475364330326
2016-03-26,735,6.3,0.2,0.0,0.0,15.9,0,0,0,0,0,720.5,-0.23870967741935356,1.0201249132546844
2016-03-05,701,2.4,-1.7,1.2,0.84,18.8,0,0,0,0,0,720.5,-4.138709677419353,0.9729354614850798
2016-03-12,746,7.0,0.9,1.3,0.0,12.0,0,0,0,0,0,720.5,0.4612903225806466,1.0353920888272032
2016-04-03,706,15.2,-2.2,0.9,0.0,37.8,0,0,0,0,0,718.75,5.596666666666666,0.9822608695652174
2016-04-24,756,17.0,6.4,0.1,0.0,22.1,0,0,0,0,0,718.75,7.3966666666666665,1.0518260869565217
2016-04-10,705,8.3,-0.7,7.3,0.77,29.5,0,0,0,0,0,718.75,-1.3033333333333328,0.9808695652173913
2016-04-17,708,15.0,8.7,0.0,0.0,15.4,0,0,0,0,0,718.75,5.3966666666666665,0.9850434782608696
2016-04-11,676,8.3,2.5,0.4,0.0,22.6,0,0,0,0,0,708.25,-1.3033333333333328,0.954465231203671
2016-04-25,758,20.8,12.9,6.5,0.0,24.8,0,0,0,0,0,708.25,11.196666666666667,1.0702435580656549
2016-04-04,661,6.4,-1.3,0.1,0.21,37.6,0,0,0,0,0,708.25,-3.203333333333333,0.9332862689728203
2016-04-18,738,17.4,9.1,0.0,0.0,12.0,0,0,0,0,0,708.25,7.796666666666665,1.0420049417578539
2016-04-26,693,14.7,5.3,0.0,0.0,27.9,0,0,0,0,0,693.5,5.096666666666666,0.9992790194664743
2016-04-05,677,5.3,-2.2,1.7,0.0,27.7,0,0,0,0,0,693.5,-4.303333333333334,0.9762076423936553
2016-04-19,703,10.1,5.7,0.0,0.0,22.9,0,0,0,0,0,693.5,0.49666666666666615,1.0136986301369864
2016-04-12,701,3.3,0.3,0.0,0.0,15.1,0,0,0,0,0,693.5,-6.303333333333334,1.010814708002884
2016-04-06,660,8.8,3.8,18.9,0.0,27.1,1,0,0,0,0,681.5,-0.8033333333333328,0.9684519442406456
2016-04-20,690,15.0,8.4,1.8,0.0,19.3,0,0,0,0,0,681.5,5.3966666666666665,1.012472487160675
2016-04-27,661,8.1,5.0,7.4,0.0,25.3,0,0,0,0,0,681.5,-1.5033333333333339,0.9699192956713133
2016-04-13,715,7.8,0.8,0.0,0.0,15.1,0,0,0,0,0,681.5,-1.8033333333333337,1.049156272927366
2016-04-14,690,8.6,2.8,0.0,0.0,16.8,0,0,0,0,0,719.75,-1.0033333333333339,0.9586662035428969
2016-04-21,714,14.6,10.9,4.8,0.0,18.1,0,0,0,0,0,719.75,4.996666666666666,0.9920111149704759
2016-04-07,742,4.9,1.3,2.8,0.0,22.9,0,0,0,0,0,719.75,-4.703333333333333,1.0309135116359847
2016-04-28,733,7.2,6.0,13.4,0.0,27.1,1,0,0,0,0,719.75,-2.4033333333333333,1.0184091698506426
2016-04-08,626,4.4,-1.1,3.6,0.49,32.8,0,0,0,0,0,743.6,-5.203333333333333,0.8418504572350726
2016-04-15,811,10.8,4.2,0.0,0.0,19.2,0,0,0,0,0,743.6,1.1966666666666672,1.0906401291016676
2016-04-01,830,6.7,2.9,2.7,0.0,23.5,0,0,0,0,0,743.6,-2.9033333333333333,1.1161915008068855
2016-04-22,732,10.7,4.5,0.0,0.0,27.4,0,0,0,0,0,743.6,1.0966666666666658,0.9844002151694459
2016-04-29,719,6.5,4.8,0.3,0.0,18.7,0,0,0,0,0,743.6,-3.1033333333333335,0.9669176976869285
2016-04-09,689,-0.6,-3.5,0.5,0.35,35.2,0,0,0,0,0,674.6,-10.203333333333333,1.021345982804625
2016-04-23,694,8.8,4.0,0.0,0.0,19.8,0,0,0,0,0,674.6,-0.8033333333333328,1.0287577823895642
2016-04-16,734,12.9,6.8,0.0,0.0,15.3,0,0,0,0,0,674.6,3.296666666666667,1.088052179069078
2016-04-30,605,7.4,5.1,17.0,0.0,25.9,1,0,0,0,0,674.6,-2.203333333333333,0.896827749777646
2016-04-02,651,3.7,-0.1,2.1,0.84,43.2,0,0,0,0,0,674.6,-5.903333333333333,0.9650163059590868
2016-05-08,730,15.9,5.6,0.0,0.0,16.7,0,0,0,0,0,767.6,-0.019354838709674027,0.9510161542470036
2016-05-29,798,23.4,16.8,0.0,0.0,22.3,0,0,0,0,0,767.6,7.480645161290324,1.0396039603960396
2016-05-22,750,15.0,9.3,0.0,0.0,13.8,0,0,0,0,0,767.6,-0.9193548387096744,0.9770713913496613
2016-05-01,820,7.6,6.2,5.6,0.0,22.1,0,0,0,0,0,767.6,-8.319354838709675,1.0682647212089629
2016-05-15,740,8.6,4.5,0.0,0.0,22.2,0,0,0,0,0,767.6,-7.319354838709675,0.9640437727983324
2016-05-02,757,8.8,5.6,1.8,0.0,20.3,0,0,0,0,0,774.6,-7.119354838709674,0.9772785954040795
2016-05-23,782,20.5,9.4,0.0,0.0,16.9,0,0,0,0,0,774.6,4.580645161290326,1.0095533178414666
2016-05-16,782,16.2,6.8,0.0,0.0,22.9,0,0,0,0,0,774.6,0.2806451612903249,1.0095533178414666
2016-05-09,732,11.6,9.2,8.2,0.0,25.6,0,0,0,0,0,774.6,-4.319354838709675,0.9450038729666924
2016-05-30,820,23.2,16.7,0.0,0.0,15.7,0,0,0,0,0,774.6,7.280645161290325,1.0586108959462948
2016-05-24,803,24.3,14.4,0.0,0.0,17.7,0,0,0,0,0,740.0,8.380645161290326,1.085135135135135
2016-05-03,735,15.5,4.5,0.1,0.0,20.9,0,0,0,0,0,740.0,-0.4193548387096744,0.9932432432432432
2016-05-31,757,21.3,15.6,2.4,0.0,16.2,0,0,0,0,0,740.0,5.380645161290326,1.022972972972973
2016-05-10,713,13.9,9.3,28.8,0.0,27.0,1,0,0,0,0,740.0,-2.019354838709674,0.9635135135135136
2016-05-17,692,11.2,6.5,1.1,0.0,20.4,0,0,0,0,0,740.0,-4.719354838709675,0.9351351351351351
2016-05-04,682,11.7,4.9,5.1,0.0,28.1,0,0,0,0,0,740.5,-4.219354838709675,0.9209993247805537
2016-05-11,758,15.1,10.2,1.6,0.0,14.4,0,0,0,0,0,740.5,-0.8193548387096747,1.023632680621202
2016-05-18,801,11.2,5.5,0.0,0.0,15.7,0,0,0,0,0,740.5,-4.719354838709675,1.0817015530047265
2016-05-25,721,22.5,16.6,4.3,0.0,18.5,0,0,0,0,0,740.5,6.580645161290326,0.9736664415935179
2016-05-26,767,23.7,17.2,0.0,0.0,19.0,0,0,0,0,0,730.75,7.780645161290325,1.0496065685939104
2016-05-05,701,8.5,4.1,0.1,0.0,33.5,0,0,0,0,0,730.75,-7.419354838709674,0.959288402326377
2016-05-19,765,13.7,6.1,0.0,0.0,10.8,0,0,0,0,0,730.75,-2.219354838709675,1.0468696544645912
2016-05-12,690,17.6,14.0,1.6,0.0,22.9,0,0,0,0,0,730.75,1.680645161290327,0.9442353746151214
2016-05-06,794,19.9,4.8,0.0,0.0,18.0,0,0,0,0,0,801.75,3.980645161290324,0.9903336451512317
2016-05-27,800,21.2,17.4,4.0,0.0,24.5,0,0,0,0,0,801.75,5.280645161290325,0.9978172747115684
2016-05-20,805,13.4,8.9,0.0,0.0,14.3,0,0,0,0,0,801.75,-2.519354838709674,1.0040536326785157
2016-05-13,808,15.9,7.9,16.2,0.0,28.7,1,0,0,0,0,801.75,-0.019354838709674027,1.007795447458684
2016-05-28,791,22.7,18.4,2.6,0.0,26.2,0,0,0,0,0,762.0,6.780645161290325,1.0380577427821522
2016-05-21,792,14.5,8.4,0.0,0.0,14.0,0,0,0,0,0,762.0,-1.4193548387096744,1.0393700787401574
2016-05-14,723,8.0,5.2,3.1,0.0,27.8,0,0,0,0,0,762.0,-7.919354838709674,0.9488188976377953
2016-05-07,742,16.9,6.3,0.0,0.0,30.3,0,0,0,0,0,762.0,0.9806451612903242,0.973753280839895
2016-06-19,811,28.2,19.5,0.0,0.0,12.7,0,0,0,0,0,804.0,4.706666666666674,1.0087064676616915
2016-06-12,852,24.3,13.3,1.2,0.0,28.8,0,0,0,0,0,804.0,0.8066666666666755,1.0597014925373134
2016-06-26,775,27.7,23.3,4.8,0.0,21.8,0,0,0,0,0,804.0,4.206666666666674,0.9639303482587065
2016-06-05,778,23.0,15.7,0.3,0.0,24.1,0,0,0,0,0,804.0,-0.4933333333333252,0.9676616915422885
2016-06-27,771,29.1,19.2,0.0,0.0,19.9,0,0,0,0,0,803.75,5.606666666666676,0.959253499222395
2016-06-06,792,23.4,15.9,0.4,0.0,23.7,0,0,0,0,0,803.75,-0.0933333333333266,0.9853810264385692
2016-06-13,795,23.7,12.6,0.0,0.0,12.6,0,0,0,0,0,803.75,0.2066666666666741,0.9891135303265941
2016-06-20,857,28.3,21.1,0.0,0.0,26.4,0,0,0,0,0,803.75,4.8066666666666755,1.0662519440124416
2016-06-07,754,17.2,13.9,0.2,0.0,18.6,0,0,0,0,0,795.5,-6.293333333333326,0.9478315524827152
2016-06-21,825,23.4,18.3,0.0,0.0,14.0,0,0,0,0,0,795.5,-0.0933333333333266,1.03708359522313
2016-06-14,836,24.4,17.8,5.8,0.0,20.1,0,0,0,0,0,795.5,0.9066666666666734,1.0509113764927718
2016-06-28,767,18.9,15.3,0.1,0.0,20.9,0,0,0,0,0,795.5,-4.593333333333327,0.9641734758013828
2016-06-15,791,27.1,19.6,11.7,0.0,18.6,1,0,0,0,0,805.6,3.6066666666666762,0.9818768619662364
2016-06-29,804,21.4,13.8,0.0,0.0,13.9,0,0,0,0,0,805.6,-2.0933333333333266,0.9980139026812314
2016-06-22,749,22.5,18.1,25.8,0.0,15.8,1,0,0,0,0,805.6,-0.9933333333333252,0.92974180734856
2016-06-01,940,21.1,16.5,2.1,0.0,13.3,0,0,0,0,0,805.6,-2.3933333333333238,1.166832174776564
2016-06-08,744,15.1,12.3,0.0,0.0,14.6,0,0,0,0,0,805.6,-8.393333333333326,0.9235352532274081
2016-06-30,847,24.2,15.8,0.6,0.0,16.3,0,0,0,0,0,799.2,0.7066666666666741,1.0598098098098097
2016-06-09,727,19.9,12.6,12.6,0.0,17.2,1,0,0,0,0,799.2,-3.5933333333333266,0.9096596596596596
2016-06-16,821,24.4,15.3,0.0,0.0,19.1,0,0,0,0,0,799.2,0.9066666666666734,1.0272772772772771
2016-06-23,801,22.0,16.9,1.0,0.0,17.0,0,0,0,0,0,799.2,-1.4933333333333252,1.0022522522522521
2016-06-02,800,20.4,14.6,0.0,0.0,14.7,0,0,0,0,0,799.2,-3.0933333333333266,1.0010010010010009
2016-06-24,807,22.5,16.8,0.0,0.0,16.3,0,0,0,0,0,806.0,-0.9933333333333252,1.001240694789082
2016-06-10,765,29.4,17.2,0.6,0.0,20.1,0,0,0,0,0,806.0,5.906666666666673,0.9491315136476427
2016-06-17,830,21.8,14.9,0.0,0.0,17.4,0,0,0,0,0,806.0,-1.6933333333333245,1.0297766749379653
2016-06-03,822,21.3,13.4,0.0,0.0,13.5,0,0,0,0,0,806.0,-2.1933333333333245,1.0198511166253101
2016-06-25,813,27.9,19.2,0.0,0.0,19.0,0,0,0,0,0,804.75,4.406666666666673,1.0102516309412861
2016-06-18,763,23.9,16.7,0.0,0.0,11.5,0,0,0,0,0,804.75,0.4066666666666734,0.9481205343274309
2016-06-04,827,19.9,16.5,2.5,0.0,16.2,0,0,0,0,0,804.75,-3.5933333333333266,1.0276483379931656
2016-06-11,816,28.4,21.1,0.0,0.0,22.9,0,0,0,0,0,804.75,4.906666666666673,1.0139794967381175
2016-07-24,790,29.4,23.1,13.9,0.0,22.9,1,0,0,0,0,786.8,3.7354838709677445,1.0040671072699543
2016-07-17,789,26.2,19.2,2.0,0.0,32.2,0,0,0,0,0,786.8,0.5354838709677452,1.0027961362480935
2016-07-31,813,23.4,18.9,0.8,0.0,11.2,0,0,0,0,0,786.8,-2.2645161290322555,1.0332994407727505
2016-07-03,782,22.1,16.5,0.0,0.0,15.3,0,0,0,0,0,786.8,-3.5645161290322527,0.9938993390950687
2016-07-10,760,23.8,17.3,0.0,0.0,14.7,0,0,0,0,0,786.8,-1.8645161290322534,0.9659379766141333
2016-07-04,848,22.9,18.3,0.0,0.0,10.6,0,0,0,0,0,793.75,-2.7645161290322555,1.0683464566929133
2016-07-18,799,26.5,21.2,0.0,0.0,18.9,0,0,0,0,0,793.75,0.8354838709677459,1.0066141732283465
2016-07-11,701,28.7,20.9,0.4,0.0,24.5,0,0,0,0,0,793.75,3.035483870967745,0.8831496062992126
2016-07-25,827,25.7,22.4,1.2,0.0,20.7,0,0,0,0,0,793.75,0.03548387096774519,1.0418897637795275
2016-07-12,780,28.8,22.7,0.0,0.0,25.1,0,0,0,0,0,835.75,3.1354838709677466,0.9332934489979061
2016-07-26,877,26.4,22.0,0.0,0.0,11.3,0,0,0,0,0,835.75,0.7354838709677445,1.0493568650912355
2016-07-19,791,26.4,20.3,0.0,0.0,15.0,0,0,0,0,0,835.75,0.7354838709677445,0.9464552796889022
2016-07-05,895,26.0,20.5,0.0,0.0,13.6,0,0,0,0,0,835.75,0.3354838709677459,1.0708944062219563
2016-07-13,726,27.2,21.6,1.8,0.0,23.5,0,0,0,0,0,772.0,1.5354838709677452,0.9404145077720207
2016-07-06,742,28.0,21.3,6.6,0.0,19.2,0,0,0,0,0,772.0,2.335483870967746,0.961139896373057
2016-07-20,825,29.0,21.8,0.0,0.0,14.4,0,0,0,0,0,772.0,3.335483870967746,1.0686528497409327
2016-07-27,795,27.5,20.5,0.0,0.0,8.7,0,0,0,0,0,772.0,1.835483870967746,1.0297927461139897
2016-07-21,785,30.4,23.7,0.7,0.0,22.1,0,0,1,0,0,779.5,4.7354838709677445,1.0070558050032072
2016-07-28,774,25.7,21.5,11.7,0.0,16.6,1,0,0,0,0,779.5,0.03548387096774519,0.9929441949967928
2016-07-14,769,28.7,20.4,0.0,0.0,29.6,0,0,0,0,0,779.5,3.035483870967745,0.986529826812059
2016-07-07,790,25.8,21.4,10.2,0.0,11.4,1,0,0,0,0,779.5,0.1354838709677466,1.013470173187941
2016-07-29,802,23.1,20.0,22.4,0.0,18.9,1,0,0,0,0,839.2,-2.5645161290322527,0.9556720686367969
2016-07-15,846,22.3,17.7,1.2,0.0,20.7,0,0,0,0,0,839.2,-3.3645161290322534,1.0081029551954241
2016-07-01,965,20.3,16.2,3.8,0.0,23.1,0,0,0,0,0,839.2,-5.364516129032253,1.149904671115348
2016-07-22,792,28.8,22.8,0.2,0.0,23.0,0,0,0,0,0,839.2,3.1354838709677466,0.9437559580552907
2016-07-08,791,27.9,20.2,0.1,0.0,23.8,0,0,0,0,0,839.2,2.2354838709677445,0.9425643469971401
2016-07-16,780,21.8,16.9,0.0,0.0,14.7,0,0,0,0,0,801.2,-3.8645161290322534,0.9735396904643034
2016-07-30,927,21.8,19.4,12.0,0.0,17.4,1,0,0,0,0,801.2,-3.8645161290322534,1.157014478282576
2016-07-02,756,21.3,14.8,0.0,0.0,10.4,0,0,0,0,0,801.2,-4.364516129032253,0.9435846230654018
2016-07-09,729,21.6,18.1,0.0,0.0,20.4,0,0,0,0,0,801.2,-4.064516129032253,0.9098851722416375
2016-07-23,814,28.1,23.9,3.1,0.0,16.0,0,0,0,0,0,801.2,2.4354838709677473,1.0159760359460808
2016-08-14,843,25.4,20.9,0.0,0.0,8.3,0,0,0,0,0,818.0,-0.1483870967741936,1.0305623471882641
2016-08-28,805,23.8,21.2,1.6,0.0,12.0,0,0,0,0,0,818.0,-1.7483870967741915,0.9841075794621027
2016-08-21,786,21.5,16.7,0.0,0.0,19.0,0,0,0,0,0,818.0,-4.048387096774192,0.960880195599022
2016-08-07,838,24.5,19.5,0.0,0.0,15.8,0,0,0,0,0,818.0,-1.0483870967741922,1.0244498777506112
2016-08-08,804,25.1,20.8,0.0,0.0,15.5,0,0,0,0,0,829.2,-0.44838709677419075,0.9696092619392185
2016-08-22,728,23.9,15.9,0.0,0.0,13.0,0,0,0,0,0,829.2,-1.6483870967741936,0.8779546550892426
2016-08-29,885,25.9,21.0,5.4,0.0,11.3,0,0,0,0,0,829.2,0.3516129032258064,1.0672937771345874
2016-08-01,884,24.4,19.5,0.0,0.0,13.0,0,0,0,0,0,829.2,-1.1483870967741936,1.0660877954655088
2016-08-15,845,22.9,20.2,7.0,0.0,18.1,0,0,0,0,0,829.2,-2.6483870967741936,1.0190545103714423
2016-08-30,757,25.4,21.6,13.2,0.0,10.1,1,0,0,0,0,768.8,-0.1483870967741936,0.9846514047866806
2016-08-16,816,25.2,20.3,2.1,0.0,14.3,0,0,0,0,0,768.8,-0.3483870967741929,1.061394380853278
2016-08-23,753,25.1,18.3,0.0,0.0,20.2,0,0,0,0,0,768.8,-0.44838709677419075,0.9794484911550468
2016-08-02,793,26.5,20.5,1.0,0.0,15.8,0,0,0,0,0,768.8,0.9516129032258078,1.031477627471384
2016-08-09,725,27.1,20.9,0.0,0.0,12.9,0,0,0,0,0,768.8,1.5516129032258092,0.9430280957336109
2016-08-24,823,25.4,21.6,11.6,0.0,23.9,1,0,0,0,0,792.0,-0.1483870967741936,1.0391414141414141
2016-08-03,772,27.7,21.4,0.0,0.0,13.2,0,0,0,0,0,792.0,2.151612903225807,0.9747474747474747
2016-08-31,781,22.2,18.3,0.0,0.0,23.3,0,0,0,0,0,792.0,-3.348387096774193,0.9861111111111112
2016-08-17,862,27.7,21.3,0.5,0.0,14.9,0,0,0,0,0,792.0,2.151612903225807,1.0883838383838385
2016-08-10,722,27.2,21.7,0.0,0.0,14.4,0,0,0,0,0,792.0,1.6516129032258071,0.9116161616161617
2016-08-18,767,26.3,21.8,1.8,0.0,15.5,0,0,0,0,0,795.75,0.7516129032258085,0.9638705623625511
2016-08-04,794,28.4,22.1,0.0,0.0,11.4,0,0,0,0,0,795.75,2.8516129032258064,0.9978008168394596
2016-08-25,770,25.6,21.4,16.1,0.0,13.8,1,0,0,0,0,795.75,0.05161290322580925,0.9676405906377631
2016-08-11,852,30.7,23.1,5.1,0.0,25.1,0,0,1,0,0,795.75,5.151612903225807,1.0706880301602262
2016-08-26,803,23.2,20.8,0.1,0.0,15.8,0,0,0,0,0,801.25,-2.348387096774193,1.0021840873634946
2016-08-12,746,28.4,22.9,37.0,0.0,19.6,1,0,0,0,0,801.25,2.8516129032258064,0.9310452418096724
2016-08-05,863,26.3,23.2,0.3,0.0,15.3,0,0,0,0,0,801.25,0.7516129032258085,1.0770670826833073
2016-08-19,793,26.4,21.5,2.3,0.0,18.4,0,0,0,0,0,801.25,0.8516129032258064,0.9897035881435258
2016-08-20,845,23.9,20.2,10.6,0.0,23.9,1,0,0,0,0,829.75,-1.6483870967741936,1.0183790298282616
2016-08-13,827,25.4,21.8,6.1,0.0,16.1,0,0,0,0,0,829.75,-0.1483870967741936,0.9966857487194938
2016-08-27,819,26.8,20.6,9.0,0.0,17.7,0,0,0,0,0,829.75,1.2516129032258085,0.9870442904489304
2016-08-06,828,23.7,21.1,0.0,0.0,13.5,0,0,0,0,0,829.75,-1.8483870967741929,0.9978909310033143
2016-09-11,758,22.1,14.3,0.0,0.0,14.7,0,0,0,0,0,781.75,-0.639999999999997,0.9696194435561241
2016-09-04,779,24.6,17.5,0.0,0.0,14.6,0,0,0,0,0,781.75,1.860000000000003,0.9964822513591302
2016-09-25,809,24.7,18.0,5.4,0.0,24.7,0,0,0,0,0,781.75,1.9600000000000009,1.0348576910777103
2016-09-18,781,22.7,17.7,0.0,0.0,10.2,0,0,0,0,0,781.75,-0.03999999999999915,0.9990406140070355
2016-09-26,764,19.2,15.0,0.4,0.0,29.0,0,0,0,0,0,773.0,-3.539999999999999,0.9883570504527813
2016-09-19,713,26.1,17.6,0.0,0.0,19.5,0,0,0,0,0,773.0,3.360000000000003,0.9223803363518758
2016-09-12,793,23.3,16.4,0.0,0.0,19.1,0,0,0,0,0,773.0,0.5600000000000023,1.0258732212160413
2016-09-05,822,27.3,20.2,0.0,0.0,20.4,0,0,0,0,0,773.0,4.560000000000002,1.0633893919793014
2016-09-06,761,28.3,23.0,4.0,0.0,20.8,0,0,0,0,0,768.5,5.560000000000002,0.9902407286922577
2016-09-27,735,18.5,13.2,0.0,0.0,29.4,0,0,0,0,0,768.5,-4.239999999999998,0.9564085881587508
2016-09-20,792,23.3,18.6,0.0,0.0,13.1,0,0,0,0,0,768.5,0.5600000000000023,1.0305790500975927
2016-09-13,786,25.7,18.4,2.8,0.0,18.7,0,0,0,0,0,768.5,2.960000000000001,1.0227716330513987
2016-09-21,732,24.9,20.4,0.0,0.0,20.4,0,0,0,0,0,727.75,2.16,1.005839917554105
2016-09-28,636,15.2,11.3,8.0,0.0,28.5,0,0,0,0,0,727.75,-7.539999999999999,0.8739264857437307
2016-09-07,723,29.6,22.8,8.1,0.0,20.7,0,0,0,0,0,727.75,6.860000000000003,0.9934730333218825
2016-09-14,820,20.9,18.7,1.3,0.0,16.0,0,0,0,0,0,727.75,-1.8399999999999999,1.1267605633802817
2016-09-15,823,21.8,16.8,0.0,0.0,18.1,0,0,0,0,0,838.0,-0.9399999999999977,0.9821002386634845
2016-09-22,831,25.5,19.8,0.0,0.0,13.2,0,0,0,0,0,838.0,2.7600000000000016,0.9916467780429594
2016-09-08,795,26.5,22.5,11.8,0.0,18.5,1,0,0,0,0,838.0,3.7600000000000016,0.9486873508353222
2016-09-01,1039,19.0,16.4,0.0,0.0,25.2,0,0,0,0,0,838.0,-3.7399999999999984,1.239856801909308
2016-09-29,702,16.5,15.1,4.3,0.0,30.8,0,0,0,0,0,838.0,-6.239999999999998,0.837708830548926
2016-09-23,845,22.5,19.2,0.0,0.0,19.1,0,0,0,0,0,808.2,-0.23999999999999844,1.0455332838406335
2016-09-02,799,20.0,16.1,0.0,0.0,19.1,0,0,0,0,0,808.2,-2.7399999999999984,0.9886166790398415
2016-09-09,818,24.6,21.2,1.1,0.0,14.6,0,0,0,0,0,808.2,1.860000000000003,1.01212571145756
2016-09-30,772,17.1,15.1,7.4,0.0,29.3,0,0,0,0,0,808.2,-5.639999999999997,0.9552091066567681
2016-09-16,807,24.1,18.4,5.7,0.0,25.6,0,0,0,0,0,808.2,1.360000000000003,0.9985152190051967
2016-09-03,831,21.5,16.0,0.0,0.0,13.0,0,0,0,0,0,816.5,-1.2399999999999984,1.0177587262706675
2016-09-24,833,20.5,18.0,0.0,0.0,18.9,0,0,0,0,0,816.5,-2.2399999999999984,1.0202082057562767
2016-09-10,768,21.2,17.9,2.0,0.0,24.4,0,0,0,0,0,816.5,-1.5399999999999991,0.9406001224739743
2016-09-17,834,25.0,19.3,6.9,0.0,20.8,0,0,0,0,0,816.5,2.2600000000000016,1.0214329454990814
2016-10-09,682,14.7,11.5,0.0,0.0,17.0,0,0,0,0,0,750.2,-2.0161290322580676,0.9090909090909091
2016-10-02,707,17.6,13.1,0.2,0.0,12.9,0,0,0,0,0,750.2,0.8838709677419345,0.942415355905092
2016-10-23,785,19.1,8.5,0.0,0.0,27.0,0,0,0,0,0,750.2,2.3838709677419345,1.0463876299653425
2016-10-30,786,13.0,9.4,5.6,0.0,22.5,0,0,0,0,0,750.2,-3.716129032258067,1.0477206078379098
2016-10-16,791,20.2,16.8,26.8,0.0,25.9,1,0,0,0,0,750.2,3.4838709677419324,1.0543854972007465
2016-10-10,725,18.3,10.5,0.0,0.0,16.1,0,0,0,0,0,790.4,1.5838709677419338,0.917257085020243
2016-10-31,867,14.0,8.5,0.6,0.0,27.0,0,0,0,0,0,790.4,-2.716129032258067,1.096912955465587
2016-10-17,817,23.2,19.6,0.0,0.0,40.1,0,0,0,0,0,790.4,6.483870967741932,1.0336538461538463
2016-10-24,771,11.4,7.8,0.0,0.0,20.9,0,0,0,0,0,790.4,-5.3161290322580665,0.9754554655870445
2016-10-03,772,18.3,15.7,0.1,0.0,11.0,0,0,0,0,0,790.4,1.5838709677419338,0.9767206477732794
2016-10-25,736,10.3,7.2,0.0,0.0,18.1,0,0,0,0,0,737.5,-6.416129032258066,0.9979661016949153
2016-10-11,697,19.9,14.6,0.7,0.0,21.3,0,0,0,0,0,737.5,3.1838709677419317,0.9450847457627118
2016-10-04,743,20.8,16.2,0.0,0.0,20.0,0,0,0,0,0,737.5,4.083870967741934,1.0074576271186442
2016-10-18,774,21.3,15.8,0.0,0.0,38.6,0,0,0,0,0,737.5,4.583870967741934,1.049491525423729
2016-10-26,699,11.0,7.9,23.3,0.0,33.9,1,0,0,0,0,740.5,-5.716129032258067,0.9439567859554355
2016-10-19,712,18.5,12.5,0.5,0.0,11.5,0,0,0,0,0,740.5,1.783870967741933,0.9615124915597569
2016-10-12,746,19.3,10.4,7.5,0.0,29.1,0,0,0,0,0,740.5,2.583870967741934,1.0074274139095205
2016-10-05,805,22.6,17.2,0.0,0.0,23.6,0,0,0,0,0,740.5,5.8838709677419345,1.087103308575287
2016-10-27,731,11.0,7.2,0.0,0.0,21.5,0,0,0,0,0,724.0,-5.716129032258067,1.0096685082872927
2016-10-20,717,16.0,10.3,0.0,0.0,29.5,0,0,0,0,0,724.0,-0.7161290322580669,0.9903314917127072
2016-10-13,694,11.1,7.7,0.0,0.0,23.8,0,0,0,0,0,724.0,-5.616129032258067,0.9585635359116023
2016-10-06,754,21.9,16.3,1.2,0.0,21.6,0,0,0,0,0,724.0,5.183870967741932,1.0414364640883977
2016-10-14,821,16.6,8.6,0.0,0.0,20.5,0,0,0,0,0,811.75,-0.11612903225806548,1.0113951339698184
2016-10-28,802,15.5,6.9,0.0,0.0,34.0,0,0,0,0,0,811.75,-1.216129032258067,0.9879889128426239
2016-10-21,761,10.0,8.1,0.0,0.0,26.0,0,0,0,0,0,811.75,-6.716129032258067,0.9374807514628888
2016-10-07,863,20.9,12.0,0.0,0.0,25.6,0,0,0,0,0,811.75,4.183870967741932,1.063135201724669
2016-10-01,862,16.2,14.8,9.7,0.0,16.9,0,0,0,0,0,801.0,-0.5161290322580676,1.076154806491885
2016-10-15,823,17.8,12.3,0.1,0.0,29.4,0,0,0,0,0,801.0,1.0838709677419338,1.0274656679151062
2016-10-29,831,18.9,13.2,0.8,0.0,32.6,0,0,0,0,0,801.0,2.1838709677419317,1.0374531835205993
2016-10-22,774,13.5,5.5,0.0,0.0,16.9,0,0,0,0,0,801.0,-3.216129032258067,0.9662921348314607
2016-10-08,715,15.3,9.2,0.0,0.0,20.5,0,0,0,0,0,801.0,-1.4161290322580662,0.8926342072409488
2016-11-06,753,16.3,8.6,0.0,0.0,12.0,0,0,0,0,0,692.25,5.246666666666668,1.0877573131094258
2016-11-13,660,11.6,4.2,0.0,0.0,24.6,0,0,0,0,0,692.25,0.5466666666666669,0.9534127843986999
2016-11-20,663,0.5,-1.6,0.0,0.0,26.3,0,0,0,0,0,692.25,-10.553333333333333,0.9577464788732394
2016-11-27,693,7.5,2.2,1.2,0.0,25.7,0,0,0,0,0,692.25,-3.553333333333333,1.0010834236186348
2016-11-07,738,15.5,9.3,0.0,0.0,12.8,0,0,0,0,0,696.0,4.446666666666667,1.0603448275862069
2016-11-14,670,12.9,6.2,0.0,0.0,23.7,0,0,0,0,0,696.0,1.8466666666666676,0.9626436781609196
2016-11-28,693,9.7,5.3,21.9,0.0,32.9,1,0,0,0,0,696.0,-1.3533333333333335,0.9956896551724138
2016-11-21,683,2.2,-1.0,0.0,0.0,11.3,0,0,0,0,0,696.0,-8.853333333333332,0.9813218390804598
2016-11-22,723,3.8,0.7,0.0,0.0,18.1,0,0,0,0,0,737.6,-7.253333333333333,0.9802060737527115
2016-11-01,911,20.5,14.4,0.8,0.0,26.9,0,0,0,0,0,737.6,9.446666666666667,1.2350867678958786
2016-11-29,698,11.8,6.5,1.5,0.0,34.1,0,0,0,0,0,737.6,0.7466666666666679,0.9463123644251626
2016-11-08,644,13.7,9.4,0.5,0.0,23.2,0,0,0,0,0,737.6,2.6466666666666665,0.8731019522776572
2016-11-15,712,11.3,5.8,0.0,0.0,10.0,0,0,0,0,0,737.6,0.24666666666666792,0.96529284164859
2016-11-23,699,6.3,3.1,13.1,0.0,23.4,1,0,0,0,0,719.0,-4.753333333333333,0.972183588317107
2016-11-16,770,11.7,7.3,0.0,0.0,15.5,0,0,0,0,0,719.0,0.6466666666666665,1.070931849791377
2016-11-09,680,11.4,7.7,0.0,0.0,25.2,0,0,0,0,0,719.0,0.34666666666666757,0.9457579972183588
2016-11-02,749,18.3,13.8,14.0,0.0,17.6,1,0,0,0,0,719.0,7.246666666666668,1.0417246175243393
2016-11-30,697,7.9,2.5,0.0,0.0,25.8,0,0,0,0,0,719.0,-3.1533333333333324,0.9694019471488178
2016-11-03,783,14.6,11.0,1.2,0.0,17.9,0,0,0,0,0,712.75,3.546666666666667,1.0985619081024203
2016-11-17,811,17.6,9.7,0.0,0.0,30.9,0,0,0,0,0,712.75,6.546666666666669,1.137846369694844
2016-11-10,723,14.4,7.1,0.0,0.0,28.4,0,0,0,0,0,712.75,3.3466666666666676,1.014380918975798
2016-11-24,534,6.5,3.1,0.1,0.0,22.1,0,0,0,0,0,712.75,-4.553333333333333,0.7492108032269379
2016-11-25,689,4.9,2.2,0.0,0.0,20.2,0,0,0,0,0,766.0,-6.153333333333332,0.8994778067885117
2016-11-18,794,16.7,5.7,1.8,0.0,35.9,0,0,0,0,0,766.0,5.6466666666666665,1.0365535248041775
2016-11-04,783,13.6,8.7,0.0,0.0,17.3,0,0,0,0,0,766.0,2.546666666666667,1.0221932114882506
2016-11-11,798,11.2,6.6,0.0,0.0,31.3,0,0,0,0,0,766.0,0.1466666666666665,1.04177545691906
2016-11-26,719,7.6,1.2,0.0,0.0,20.8,0,0,0,0,0,749.25,-3.453333333333333,0.9596262929596263
2016-11-19,677,5.3,0.8,0.0,0.0,41.3,0,0,0,0,0,749.25,-5.753333333333333,0.9035702369035702
2016-11-12,780,9.6,3.7,0.0,0.0,19.3,0,0,0,0,0,749.25,-1.4533333333333331,1.0410410410410411
2016-11-05,821,16.7,9.3,0.0,0.0,16.6,0,0,0,0,0,749.25,5.6466666666666665,1.0957624290957624
2016-12-11,512,0.2,-3.7,14.1,9.66,23.7,1,1,0,0,0,530.25,0.6483870967741936,0.9655822725129656
2016-12-25,488,3.6,-0.5,3.4,0.0,27.7,0,0,0,0,0,530.25,4.048387096774194,0.9203206034889203
2016-12-18,526,-3.3,-18.7,3.0,2.17,36.6,0,1,0,0,0,530.25,-2.8516129032258064,0.991984912776992
2016-12-04,595,1.1,-0.3,11.2,7.49,18.2,1,1,0,0,0,530.25,1.5483870967741937,1.1221122112211221
2016-12-05,678,1.9,-0.2,0.0,0.0,23.1,0,0,0,0,0,653.5,2.3483870967741938,1.0374904361132364
2016-12-26,647,11.6,-1.2,5.2,0.0,37.1,0,0,0,0,0,653.5,12.048387096774194,0.990053557765876
2016-12-19,660,-9.3,-19.9,0.0,0.0,27.5,0,0,0,1,0,653.5,-8.851612903225806,1.009946442234124
2016-12-12,629,0.0,-7.8,0.0,0.0,23.6,0,0,0,0,0,653.5,0.44838709677419364,0.9625095638867636
2016-12-20,693,-2.1,-9.2,0.0,0.0,34.7,0,0,0,0,0,654.75,-1.6516129032258065,1.0584192439862543
2016-12-06,688,2.9,-2.8,0.0,0.0,29.2,0,0,0,0,0,654.75,3.3483870967741938,1.0507827415043909
2016-12-27,663,-1.0,-4.0,0.0,0.0,29.2,0,0,0,0,0,654.75,-0.5516129032258064,1.0126002290950744
2016-12-13,575,-5.6,-13.7,0.4,0.42,19.7,0,0,0,1,0,654.75,-5.151612903225806,0.8781977854142803
2016-12-14,611,-7.0,-14.4,0.0,0.0,34.2,0,0,0,1,0,680.5,-6.551612903225807,0.8978692138133725
2016-12-28,722,4.8,-3.8,0.0,0.0,30.1,0,0,0,0,0,680.5,5.248387096774193,1.0609845701689933
2016-12-07,660,-1.9,-4.5,0.0,0.0,27.6,0,0,0,0,0,680.5,-1.4516129032258063,0.9698750918442322
2016-12-21,729,1.5,-5.6,0.0,0.0,21.8,0,0,0,0,0,680.5,1.9483870967741936,1.0712711241734019
2016-12-08,606,-3.8,-6.7,0.0,0.0,29.3,0,0,0,0,0,671.4,-3.3516129032258064,0.902591599642538
2016-12-01,822,5.2,2.2,0.0,0.0,28.5,0,0,0,0,0,671.4,5.648387096774194,1.224307417336908
2016-12-29,647,1.2,-1.0,0.0,0.0,36.1,0,0,0,0,0,671.4,1.6483870967741936,0.9636580280011916
2016-12-22,702,1.3,-3.2,0.0,0.0,21.6,0,0,0,0,0,671.4,1.7483870967741937,1.0455764075067024
2016-12-15,580,-12.5,-17.0,0.0,0.0,29.0,0,0,0,1,0,671.4,-12.051612903225806,0.8638665475126601
2016-12-16,695,-4.6,-13.5,3.3,2.73,20.5,0,1,0,0,0,733.6,-4.151612903225806,0.9473827699018539
2016-12-09,668,-3.2,-5.4,0.0,0.0,22.8,0,0,0,0,0,733.6,-2.7516129032258068,0.9105779716466739
2016-12-23,728,1.3,-3.1,7.0,3.57,17.6,0,1,0,0,0,733.6,1.7483870967741937,0.9923664122137404
2016-12-30,742,0.4,-3.5,0.2,0.14,29.7,0,0,0,0,0,733.6,0.8483870967741937,1.0114503816793894
2016-12-02,835,3.6,1.6,0.0,0.0,18.1,0,0,0,0,0,733.6,4.048387096774194,1.1382224645583423
2016-12-17,615,-2.9,-5.9,4.7,3.5,25.6,0,1,0,0,0,658.6,-2.451612903225806,0.9337989675068327
2016-12-24,604,1.7,0.2,0.0,0.0,15.8,0,0,0,0,0,658.6,2.1483870967741936,0.9170968721530519
2016-12-03,758,1.5,-0.0,0.0,0.0,12.4,0,0,0,0,0,658.6,1.9483870967741936,1.1509262071059823
2016-12-10,612,-3.9,-6.9,1.7,1.26,17.1,0,0,0,0,0,658.6,-3.451612903225806,0.9292438505921652
2016-12-31,704,3.4,-3.7,0.0,0.0,33.8,0,0,0,0,0,658.6,3.8483870967741938,1.0689341026419679
2017-01-15,656,1.2,-7.3,0.0,0.0,10.5,0,0,0,0,0,771.0,-0.7483870967741937,0.8508430609597925
2017-01-22,742,5.9,0.1,0.0,0.0,17.1,0,0,0,0,0,771.0,3.951612903225807,0.9623865110246433
2017-01-29,634,-1.8,-6.1,0.6,0.42,24.6,0,0,0,0,0,771.0,-3.7483870967741937,0.8223086900129701
2017-01-01,1232,3.8,-6.1,0.0,0.0,17.1,0,0,0,0,0,771.0,1.8516129032258062,1.5979247730220494
2017-01-08,591,-6.7,-16.2,0.0,0.0,28.9,0,0,0,1,0,771.0,-8.648387096774194,0.7665369649805448
2017-01-16,652,3.2,-1.8,17.4,0.0,16.0,1,0,0,0,0,704.8,1.2516129032258065,0.9250851305334847
2017-01-09,713,-0.1,-8.1,0.4,0.28,28.9,0,0,0,0,0,704.8,-2.0483870967741935,1.011634506242906
2017-01-23,789,5.1,2.5,0.0,0.0,18.0,0,0,0,0,0,704.8,3.1516129032258062,1.1194665153234962
2017-01-30,757,0.4,-9.5,1.1,0.77,26.8,0,0,0,0,0,704.8,-1.5483870967741935,1.0740635641316687
2017-01-02,613,4.4,-0.9,9.3,0.0,16.1,0,0,0,0,0,704.8,2.451612903225807,0.869750283768445
2017-01-31,734,5.7,1.1,2.1,0.07,34.9,0,0,0,0,0,719.6,3.7516129032258068,1.0200111172873818
2017-01-17,705,5.8,1.4,11.7,0.21,20.5,1,0,0,0,0,719.6,3.8516129032258064,0.9797109505280711
2017-01-03,719,4.1,-3.4,4.7,0.0,32.6,0,0,0,0,0,719.6,2.1516129032258062,0.9991662034463591
2017-01-10,705,10.4,-3.5,5.7,0.07,56.4,0,0,0,0,1,719.6,8.451612903225806,0.9797109505280711
2017-01-24,735,5.5,0.8,1.5,0.35,16.3,0,0,0,0,0,719.6,3.5516129032258066,1.0214007782101167
2017-01-11,664,9.3,-5.1,6.8,0.0,36.6,0,0,0,0,0,683.0,7.351612903225807,0.972181551976574
2017-01-18,707,5.0,-0.5,0.1,0.0,25.5,0,0,0,0,0,683.0,3.0516129032258066,1.0351390922401171
2017-01-04,613,-5.9,-11.6,0.0,0.0,31.8,0,0,0,1,0,683.0,-7.848387096774194,0.8975109809663251
2017-01-25,748,8.0,1.2,6.0,0.84,31.3,0,0,0,0,0,683.0,6.051612903225807,1.0951683748169838
2017-01-26,675,2.1,-1.9,0.4,0.0,26.5,0,0,0,0,0,667.0,0.15161290322580645,1.0119940029985008
2017-01-05,611,-9.0,-14.0,0.0,0.0,24.2,0,0,0,1,0,667.0,-10.948387096774194,0.9160419790104948
2017-01-12,644,-0.6,-5.4,3.6,1.4,29.3,0,0,0,0,0,667.0,-2.5483870967741935,0.9655172413793104
2017-01-19,738,5.0,-2.2,11.1,0.0,16.8,1,0,0,0,0,667.0,3.0516129032258066,1.106446776611694
2017-01-27,784,-1.3,-4.4,0.0,0.0,27.0,0,0,0,0,0,742.0,-3.2483870967741937,1.0566037735849056
2017-01-06,601,-11.5,-17.3,0.0,0.0,18.5,0,0,0,1,0,742.0,-13.448387096774194,0.8099730458221024
2017-01-13,800,-2.6,-7.7,0.0,0.0,20.8,0,0,0,0,0,742.0,-4.548387096774194,1.0781671159029649
2017-01-20,783,6.1,2.7,13.1,0.0,19.5,1,0,0,0,0,742.0,4.151612903225806,1.0552560646900269
2017-01-21,786,15.6,4.5,0.5,0.0,26.6,0,0,0,0,0,705.0,13.651612903225805,1.1148936170212767
2017-01-07,618,-6.9,-17.4,0.0,0.0,24.7,0,0,0,1,0,705.0,-8.848387096774195,0.8765957446808511
2017-01-14,685,1.0,-5.3,0.0,0.0,13.9,0,0,0,0,0,705.0,-0.9483870967741936,0.9716312056737588
2017-01-28,731,-0.8,-3.9,0.0,0.0,25.4,0,0,0,0,0,705.0,-2.7483870967741937,1.0368794326241135
2017-02-19,674,12.1,2.6,0.0,0.0,12.7,0,0,0,0,0,655.75,4.157142857142857,1.0278307281738468
2017-02-26,576,8.1,-5.1,0.0,0.0,41.0,0,0,0,0,0,655.75,0.15714285714285658,0.8783835303088067
2017-02-05,695,5.0,-3.2,0.0,0.0,22.0,0,0,0,0,0,655.75,-2.942857142857143,1.0598551277163553
2017-02-12,678,8.0,-0.7,0.0,0.0,39.1,0,0,0,0,0,655.75,0.05714285714285694,1.0339306138009912
2017-02-13,718,6.6,-3.8,0.0,0.0,24.6,0,0,0,0,0,706.0,-1.3428571428571434,1.0169971671388103
2017-02-06,762,11.9,-4.9,0.4,0.0,21.1,0,0,0,0,0,706.0,3.9571428571428573,1.0793201133144477
2017-02-27,633,10.4,-0.9,0.0,0.0,24.7,0,0,0,0,0,706.0,2.4571428571428573,0.896600566572238
2017-02-20,711,17.0,5.4,0.0,0.0,26.6,0,0,0,0,0,706.0,9.057142857142857,1.0070821529745042
2017-02-28,631,15.2,6.0,24.8,0.0,32.7,1,0,0,0,0,679.25,7.257142857142856,0.9289657710710342
2017-02-07,694,11.0,0.5,12.4,0.0,28.9,1,0,0,0,0,679.25,3.057142857142857,1.021715126978285
2017-02-21,679,18.6,10.8,4.4,0.0,24.4,0,0,0,0,0,679.25,10.657142857142858,0.9996319470003681
2017-02-14,713,9.8,-0.6,0.0,0.0,30.2,0,0,0,0,0,679.25,1.8571428571428577,1.0496871549503128
2017-02-01,847,3.4,-3.4,0.6,0.0,25.5,0,0,0,0,0,722.5,-4.542857142857143,1.172318339100346
2017-02-22,703,17.7,8.9,0.0,0.0,29.4,0,0,0,0,0,722.5,9.757142857142856,0.9730103806228374
2017-02-08,666,-0.3,-6.3,1.1,0.77,25.9,0,0,0,0,0,722.5,-8.242857142857144,0.9217993079584775
2017-02-15,674,2.0,-3.7,0.0,0.0,26.6,0,0,0,0,0,722.5,-5.942857142857143,0.9328719723183391
2017-02-23,655,13.7,2.7,6.5,0.0,27.1,0,0,0,0,0,666.5,5.757142857142856,0.9827456864216054
2017-02-09,668,-3.6,-10.8,0.0,0.0,25.7,0,0,0,0,0,666.5,-11.542857142857143,1.0022505626406601
2017-02-02,672,-3.6,-9.9,0.0,0.0,27.0,0,0,0,0,0,666.5,-11.542857142857143,1.0082520630157539
2017-02-16,671,4.9,-4.4,0.6,0.0,21.7,0,0,0,0,0,666.5,-3.0428571428571427,1.0067516879219804
2017-02-10,745,8.0,-8.1,0.0,0.0,38.0,0,0,0,0,0,727.25,0.05714285714285694,1.0244070127191476
2017-02-17,834,16.3,-1.8,0.0,0.0,25.6,0,0,0,0,0,727.25,8.357142857142858,1.146785837057408
2017-02-03,670,-2.1,-9.4,0.0,0.0,22.4,0,0,0,0,0,727.25,-10.042857142857143,0.9212787899621864
2017-02-24,660,5.1,2.3,12.4,0.0,23.0,1,0,0,0,0,727.25,-2.8428571428571434,0.9075283602612582
2017-02-25,599,1.9,-4.9,0.0,0.0,31.1,0,0,0,0,0,673.0,-6.042857142857143,0.8900445765230312
2017-02-11,705,7.1,0.4,0.0,0.0,22.8,0,0,0,0,0,673.0,-0.8428571428571434,1.0475482912332839
2017-02-18,749,17.7,5.7,0.0,0.0,25.0,0,0,0,0,0,673.0,9.757142857142856,1.112927191679049
2017-02-04,639,0.5,-9.6,0.3,0.21,32.1,0,0,0,0,0,673.0,-7.442857142857143,0.9494799405646359
2017-03-26,702,16.0,8.3,16.9,0.0,20.4,1,0,0,0,0,630.5,9.36774193548387,1.1134020618556701
2017-03-05,662,13.9,-0.2,0.0,0.0,28.8,0,0,0,0,0,630.5,7.267741935483872,1.0499603489294211
2017-03-19,605,6.7,-0.6,0.1,0.0,24.8,0,0,0,0,0,630.5,0.06774193548387153,0.9595559080095163
2017-03-12,553,-0.8,-7.1,0.7,0.49,21.0,0,0,0,0,0,630.5,-7.4322580645161285,0.8770816812053925
2017-03-20,696,9.0,3.1,13.1,0.0,25.2,1,0,0,0,0,660.5,2.3677419354838714,1.0537471612414837
2017-03-06,683,15.3,9.1,0.3,0.0,39.9,0,0,0,0,0,660.5,8.667741935483871,1.0340651021953067
2017-03-13,541,-0.7,-2.7,6.0,4.2,24.6,0,1,0,0,0,660.5,-7.332258064516129,0.8190764572293717
2017-03-27,722,10.7,4.1,0.7,0.0,21.7,0,0,0,0,0,660.5,4.067741935483871,1.093111279333838
2017-03-28,673,5.6,3.1,0.0,0.0,22.3,0,0,0,0,0,620.5,-1.032258064516129,1.0846091861402094
2017-03-21,651,9.0,0.0,0.0,0.0,33.0,0,0,0,0,0,620.5,2.3677419354838714,1.0491539081385979
2017-03-07,684,17.0,6.2,5.3,0.0,46.9,0,0,0,0,1,620.5,10.36774193548387,1.1023368251410153
2017-03-14,474,-3.0,-9.3,4.3,3.01,37.1,0,1,0,0,0,620.5,-9.63225806451613,0.7639000805801772
2017-03-29,669,7.3,2.5,3.6,0.0,30.6,0,0,0,0,0,666.8,0.6677419354838712,1.0032993401319736
2017-03-08,667,10.4,4.6,0.0,0.0,52.7,0,0,0,0,1,666.8,3.7677419354838717,1.0002999400119976
2017-03-22,646,-0.5,-2.4,0.0,0.0,34.5,0,0,0,0,0,666.8,-7.132258064516129,0.9688062387522496
2017-03-15,609,-2.1,-10.9,0.0,0.0,26.3,0,0,0,0,0,666.8,-8.73225806451613,0.9133173365326935
2017-03-01,743,13.0,0.0,15.1,0.21,34.8,1,0,0,0,0,666.8,6.367741935483871,1.114277144571086
2017-03-30,691,6.5,4.0,23.8,0.0,30.6,1,0,0,0,0,666.2,-0.13225806451612865,1.0372260582407684
2017-03-23,666,8.0,-1.6,3.9,0.0,26.4,0,0,0,0,0,666.2,1.3677419354838714,0.999699789852897
2017-03-09,676,3.6,-0.3,0.1,0.0,19.3,0,0,0,0,0,666.2,-3.0322580645161286,1.0147102972080455
2017-03-02,629,1.2,-3.5,1.0,0.7,20.6,0,0,0,0,0,666.2,-5.4322580645161285,0.9441609126388472
2017-03-16,669,2.1,-11.8,0.0,0.0,18.4,0,0,0,0,0,666.2,-4.532258064516128,1.0042029420594416
2017-03-10,666,1.9,-5.0,0.0,0.0,29.9,0,0,0,0,0,721.0,-4.732258064516129,0.9237170596393898
2017-03-17,709,8.8,0.4,6.1,0.28,28.1,0,0,0,0,0,721.0,2.167741935483872,0.9833564493758669
2017-03-03,673,0.2,-6.4,0.0,0.0,25.7,0,0,0,0,0,721.0,-6.4322580645161285,0.9334257975034674
2017-03-24,780,24.0,3.7,3.9,0.0,32.9,0,0,0,0,0,721.0,17.36774193548387,1.0818307905686546
2017-03-31,777,3.9,2.8,5.5,0.0,36.3,0,0,0,0,0,721.0,-2.7322580645161287,1.0776699029126213
2017-03-04,633,5.2,-2.4,0.9,0.63,29.2,0,0,0,0,0,665.5,-1.4322580645161285,0.9511645379413974
2017-03-18,674,7.3,1.2,0.0,0.0,24.2,0,0,0,0,0,665.5,0.6677419354838712,1.0127723516153269
2017-03-25,695,10.2,3.2,28.0,0.0,23.6,1,0,0,0,0,665.5,3.5677419354838706,1.0443275732531931
2017-03-11,660,-4.1,-7.6,0.0,0.0,21.4,0,0,0,0,0,665.5,-10.732258064516127,0.9917355371900827
2017-04-02,691,12.8,2.4,1.9,0.0,19.5,0,0,0,0,0,699.8,-2.053333333333331,0.9874249785653044
2017-04-23,703,17.0,3.0,0.0,0.0,16.0,0,0,0,0,0,699.8,2.1466666666666683,1.004572735067162
2017-04-16,687,21.8,12.7,0.6,0.0,34.0,0,0,0,0,0,699.8,6.946666666666669,0.9817090597313519
2017-04-09,761,22.1,11.9,0.2,0.0,33.7,0,0,0,0,0,699.8,7.24666666666667,1.0874535581594742
2017-04-30,657,8.2,6.0,24.1,0.0,40.0,1,0,0,0,0,699.8,-6.653333333333332,0.9388396684767077
2017-04-17,753,15.9,5.8,0.0,0.0,20.8,0,0,0,0,0,717.25,1.0466666666666686,1.0498431509236668
2017-04-03,697,9.8,4.8,14.9,0.0,19.9,1,0,0,0,0,717.25,-5.053333333333331,0.9717671662600209
2017-04-24,736,16.4,4.5,0.0,0.0,23.2,0,0,0,0,0,717.25,1.5466666666666669,1.0261415127222029
2017-04-10,683,23.2,3.7,16.0,0.0,39.0,1,0,0,0,0,717.25,8.346666666666668,0.9522481700941094
2017-04-11,703,12.2,5.1,0.0,0.0,20.6,0,0,0,0,0,727.0,-2.6533333333333324,0.9669876203576341
2017-04-25,758,23.3,11.7,0.0,0.0,23.6,0,0,0,0,0,727.0,8.446666666666669,1.0426409903713894
2017-04-04,712,9.6,5.0,0.8,0.0,23.4,0,0,0,0,0,727.0,-5.253333333333332,0.9793672627235214
2017-04-18,735,22.4,5.4,0.0,0.0,30.2,0,0,0,0,0,727.0,7.546666666666667,1.0110041265474552
2017-04-26,758,23.2,15.4,3.9,0.0,39.7,0,0,0,0,0,719.5,8.346666666666668,1.053509381514941
2017-04-19,759,18.0,6.2,6.5,0.0,25.1,0,0,0,0,0,719.5,3.1466666666666683,1.054899235580264
2017-04-05,633,6.2,3.8,26.0,0.0,43.0,1,0,0,0,0,719.5,-8.653333333333332,0.8797776233495483
2017-04-12,728,9.5,2.8,0.0,0.0,19.9,0,0,0,0,0,719.5,-5.353333333333332,1.0118137595552468
2017-04-27,716,15.7,6.2,14.0,0.0,38.5,1,0,0,0,0,690.5,0.8466666666666676,1.0369297610427226
2017-04-06,668,7.2,3.2,4.0,0.0,46.4,0,0,0,0,1,690.5,-7.6533333333333315,0.9674149167270094
2017-04-13,665,11.7,6.2,6.8,0.0,23.9,0,0,0,0,0,690.5,-3.1533333333333324,0.9630702389572773
2017-04-20,713,22.3,6.8,2.6,0.0,34.5,0,0,0,0,0,690.5,7.446666666666669,1.0325850832729906
2017-04-14,773,17.3,6.5,4.2,0.0,25.5,0,0,0,0,0,781.25,2.446666666666669,0.98944
2017-04-21,815,10.3,6.5,0.0,0.0,24.8,0,0,0,0,0,781.25,-4.553333333333331,1.0432
2017-04-28,832,11.1,5.8,0.0,0.0,23.0,0,0,0,0,0,781.25,-3.753333333333332,1.06496
2017-04-07,705,7.5,1.6,0.0,0.0,29.3,0,0,0,0,0,781.25,-7.353333333333332,0.9024
2017-04-15,818,25.5,15.2,1.0,0.0,38.8,0,0,0,0,0,733.0,10.646666666666668,1.115961800818554
2017-04-29,616,7.4,5.1,25.1,0.0,41.7,1,0,0,0,0,733.0,-7.453333333333331,0.8403819918144612
2017-04-08,696,17.8,1.3,0.0,0.0,27.8,0,0,0,0,0,733.0,2.946666666666669,0.9495225102319236
2017-04-22,701,10.4,5.1,0.0,0.0,23.8,0,0,0,0,0,733.0,-4.453333333333331,0.956343792633015
2017-04-01,834,9.8,1.1,0.0,0.0,16.3,0,0,0,0,0,733.0,-5.053333333333331,1.1377899045020463
2017-05-14,712,15.6,8.8,0.4,0.0,21.1,0,0,0,0,0,709.5,-1.2258064516129021,1.003523608174771
2017-05-21,791,16.9,10.6,0.0,0.0,28.9,0,0,0,0,0,709.5,0.0741935483870968,1.1148696264975335
2017-05-07,630,10.2,4.1,0.0,0.0,24.0,0,0,0,0,0,709.5,-6.6258064516129025,0.8879492600422833
2017-05-28,705,22.0,13.7,0.6,0.0,15.6,0,0,0,0,0,709.5,5.174193548387098,0.9936575052854123
2017-05-22,797,22.2,8.8,0.4,0.0,29.4,0,0,0,0,0,801.8,5.3741935483870975,0.9940134696931904
2017-05-15,872,23.1,8.2,0.2,0.0,21.7,0,0,0,0,0,801.8,6.2741935483871,1.0875530057370917
2017-05-29,768,22.7,13.4,0.0,0.0,33.4,0,0,0,0,0,801.8,5.8741935483870975,0.9578448490895486
2017-05-08,706,8.7,3.8,0.7,0.0,17.1,0,0,0,0,0,801.8,-8.125806451612902,0.8805188326265903
2017-05-01,866,14.6,7.4,10.6,0.0,42.0,1,0,0,0,0,801.8,-2.225806451612902,1.0800698428535795
2017-05-16,748,28.1,18.3,0.0,0.0,36.3,0,0,0,0,0,739.4,11.2741935483871,1.0116310522044902
2017-05-09,707,11.1,5.9,14.1,0.0,18.6,1,0,0,0,0,739.4,-5.725806451612902,0.9561806870435489
2017-05-23,739,17.8,12.6,11.5,0.0,22.3,1,0,0,0,0,739.4,0.9741935483870989,0.9994590208276982
2017-05-30,814,20.4,12.3,0.2,0.0,28.9,0,0,0,0,0,739.4,3.574193548387097,1.1008926156342982
2017-05-02,689,10.5,5.3,2.0,0.0,38.2,0,0,0,0,0,739.4,-6.325806451612902,0.9318366242899648
2017-05-31,739,20.4,10.9,0.0,0.0,26.7,0,0,0,0,0,747.6,3.574193548387097,0.9884965222043873
2017-05-10,663,15.3,8.0,21.5,0.0,26.1,1,0,0,0,0,747.6,-1.525806451612901,0.8868378812199037
2017-05-17,835,28.0,20.3,0.0,0.0,44.7,0,0,0,0,0,747.6,11.174193548387098,1.1169074371321561
2017-05-03,739,10.8,3.3,0.0,0.0,15.8,0,0,0,0,0,747.6,-6.025806451612901,0.9884965222043873
2017-05-24,762,13.4,9.5,11.1,0.0,32.0,1,0,0,0,0,747.6,-3.4258064516129014,1.0192616372391654
2017-05-04,741,9.1,6.3,0.5,0.0,30.0,0,0,0,0,0,754.5,-7.725806451612902,0.9821073558648111
2017-05-18,776,25.8,9.3,0.0,0.0,41.1,0,0,0,0,0,754.5,8.974193548387099,1.0284956925115971
2017-05-11,738,14.3,8.4,0.2,0.0,24.3,0,0,0,0,0,754.5,-2.525806451612901,0.9781312127236581
2017-05-25,763,15.4,9.5,0.4,0.0,27.0,0,0,0,0,0,754.5,-1.4258064516129014,1.0112657388999338
2017-05-12,848,15.6,7.7,0.0,0.0,20.0,0,0,0,0,0,798.0,-1.2258064516129021,1.06265664160401
2017-05-05,799,9.1,4.9,0.0,0.0,40.0,0,0,0,0,0,798.0,-7.725806451612902,1.0012531328320802
2017-05-26,769,17.3,10.5,15.9,0.0,23.7,1,0,0,0,0,798.0,0.47419354838709893,0.9636591478696742
2017-05-19,776,9.8,6.5,19.4,0.0,37.2,1,0,0,0,0,798.0,-7.025806451612901,0.9724310776942355
2017-05-06,713,10.2,5.2,2.1,0.0,37.5,0,0,0,0,0,725.25,-6.6258064516129025,0.9831092726645985
2017-05-27,800,19.2,10.5,0.0,0.0,16.6,0,0,0,0,0,725.25,2.3741935483870975,1.1030679076180627
2017-05-13,724,24.6,7.2,0.9,0.0,29.2,0,0,0,0,0,725.25,7.7741935483871,0.9982764563943468
2017-05-20,664,19.4,9.3,12.1,0.0,28.8,1,0,0,0,0,725.25,2.574193548387097,0.9155463633229921
2017-06-18,786,24.7,19.9,3.5,0.0,31.7,0,0,0,0,0,803.75,-1.7633333333333425,0.9779160186625194
2017-06-11,813,33.1,22.0,0.0,0.0,34.3,0,0,1,0,0,803.75,6.63666666666666,1.0115085536547435
2017-06-04,820,30.0,19.1,1.9,0.0,20.9,0,0,1,0,0,803.75,3.536666666666658,1.0202177293934682
2017-06-25,796,20.2,12.4,0.1,0.0,28.6,0,0,0,0,0,803.75,-6.2633333333333425,0.990357698289269
2017-06-12,742,33.6,23.4,0.0,0.0,32.8,0,0,1,0,0,753.25,7.13666666666666,0.9850647195486226
2017-06-19,747,22.8,16.6,2.5,0.0,26.0,0,0,0,0,0,753.25,-3.663333333333341,0.991702621971457
2017-06-26,787,21.4,13.0,1.4,0.0,28.4,0,0,0,0,0,753.25,-5.063333333333343,1.0448058413541321
2017-06-05,737,20.8,11.8,0.0,0.0,33.0,0,0,0,0,0,753.25,-5.663333333333341,0.9784268171257883
2017-06-06,826,18.5,10.4,0.0,0.0,29.5,0,0,0,0,0,802.5,-7.963333333333342,1.0292834890965732
2017-06-20,803,26.3,15.0,1.4,0.0,25.9,0,0,0,0,0,802.5,-0.1633333333333411,1.0006230529595015
2017-06-27,772,22.9,11.4,0.0,0.0,15.5,0,0,0,0,0,802.5,-3.5633333333333432,0.9619937694704049
2017-06-13,809,26.3,19.1,2.0,0.0,17.3,0,0,0,0,0,802.5,-0.1633333333333411,1.0080996884735203
2017-06-07,788,21.7,12.2,0.0,0.0,21.7,0,0,0,0,0,762.75,-4.7633333333333425,1.0331039003605376
2017-06-14,769,30.8,20.8,12.4,0.0,24.0,1,0,1,0,0,762.75,4.336666666666659,1.0081940347427074
2017-06-21,786,22.5,14.6,0.1,0.0,15.3,0,0,0,0,0,762.75,-3.963333333333342,1.0304818092428711
2017-06-28,708,30.2,15.5,0.6,0.0,40.7,0,0,1,0,0,762.75,3.7366666666666575,0.928220255653884
2017-06-08,769,25.9,13.2,0.6,0.0,11.9,0,0,0,0,0,816.8,-0.5633333333333432,0.9414789422135162
2017-06-29,776,28.2,20.9,7.2,0.0,38.0,0,0,0,0,0,816.8,1.7366666666666575,0.9500489715964741
2017-06-22,818,30.6,20.7,3.9,0.0,35.4,0,0,1,0,0,816.8,4.13666666666666,1.0014691478942215
2017-06-01,897,21.6,11.7,0.0,0.0,18.0,0,0,0,0,0,816.8,-4.86333333333334,1.0981880509304605
2017-06-15,824,30.7,21.6,0.3,0.0,21.1,0,0,1,0,0,816.8,4.2366666666666575,1.0088148873653282
2017-06-16,835,29.2,20.7,0.4,0.0,29.1,0,0,0,0,0,809.6,2.7366666666666575,1.0313735177865613
2017-06-30,778,25.9,18.3,11.7,0.0,16.0,1,0,0,0,0,809.6,-0.5633333333333432,0.9609683794466403
2017-06-09,816,29.6,17.4,0.4,0.0,26.6,0,0,0,0,0,809.6,3.1366666666666596,1.007905138339921
2017-06-23,778,25.9,19.5,12.1,0.0,19.7,1,0,0,0,0,809.6,-0.5633333333333432,0.9609683794466403
2017-06-02,841,25.6,12.2,0.0,0.0,15.4,0,0,0,0,0,809.6,-0.8633333333333404,1.038784584980237
2017-06-17,827,30.7,20.2,4.0,0.0,28.7,0,0,1,0,0,813.5,4.2366666666666575,1.0165949600491702
2017-06-03,823,30.5,14.5,0.0,0.0,14.6,0,0,1,0,0,813.5,4.036666666666658,1.011677934849416
2017-06-10,785,31.1,17.8,0.0,0.0,39.6,0,0,1,0,0,813.5,4.63666666666666,0.9649661954517517
2017-06-24,819,22.6,15.9,0.0,0.0,32.1,0,0,0,0,0,813.5,-3.8633333333333404,1.006760909649662
2017-07-09,823,28.8,16.4,0.5,0.0,20.7,0,0,0,0,0,815.0,1.874193548387094,1.0098159509202453
2017-07-30,818,26.6,17.4,0.0,0.0,21.0,0,0,0,0,0,815.0,-0.32580645161290533,1.003680981595092
2017-07-23,842,29.6,21.9,16.1,0.0,19.7,1,0,0,0,0,815.0,2.6741935483870947,1.0331288343558283
2017-07-02,780,29.6,16.2,0.0,0.0,23.4,0,0,0,0,0,815.0,2.6741935483870947,0.9570552147239264
2017-07-16,812,21.5,16.9,3.3,0.0,28.7,0,0,0,0,0,815.0,-5.425806451612907,0.996319018404908
2017-07-24,782,21.1,18.0,0.1,0.0,28.6,0,0,0,0,0,813.6,-5.825806451612905,0.9611602753195674
2017-07-31,795,28.7,18.3,0.0,0.0,19.1,0,0,0,0,0,813.6,1.7741935483870925,0.9771386430678466
2017-07-03,864,22.5,17.6,3.1,0.0,18.7,0,0,0,0,0,813.6,-4.425806451612907,1.0619469026548671
2017-07-17,847,22.0,15.5,0.0,0.0,21.4,0,0,0,0,0,813.6,-4.925806451612907,1.0410521140609637
2017-07-10,780,29.1,20.0,22.0,0.0,21.4,1,0,0,0,0,813.6,2.1741935483870947,0.9587020648967551
2017-07-04,796,25.0,17.4,3.6,0.0,18.1,0,0,0,0,0,801.75,-1.9258064516129068,0.9928281883380106
2017-07-11,769,28.9,20.9,0.5,0.0,16.2,0,0,0,0,0,801.75,1.9741935483870918,0.9591518553164952
2017-07-25,850,26.4,16.9,0.0,0.0,20.0,0,0,0,0,0,801.75,-0.5258064516129082,1.0601808543810414
2017-07-18,792,30.6,15.9,0.0,0.0,13.8,0,0,1,0,0,801.75,3.6741935483870947,0.9878391019644528
2017-07-12,691,31.6,22.8,43.0,0.0,34.6,1,0,1,0,0,768.0,4.674193548387095,0.8997395833333334
2017-07-26,753,29.8,19.1,0.0,0.0,16.8,0,0,0,0,0,768.0,2.874193548387094,0.98046875
2017-07-19,769,27.5,21.3,13.9,0.0,19.2,1,0,0,0,0,768.0,0.5741935483870932,1.0013020833333333
2017-07-05,859,27.1,20.1,0.0,0.0,14.1,0,0,0,0,0,768.0,0.17419354838709467,1.1184895833333333
2017-07-13,820,28.4,21.9,0.4,0.0,23.1,0,0,0,0,0,788.0,1.4741935483870918,1.0406091370558375
2017-07-27,790,24.9,19.2,5.4,0.0,29.6,0,0,0,0,0,788.0,-2.025806451612908,1.00253807106599
2017-07-06,781,31.2,20.4,0.8,0.0,19.4,0,0,1,0,0,788.0,4.2741935483870925,0.9911167512690355
2017-07-20,761,31.6,20.8,24.7,0.0,33.6,1,0,1,0,0,788.0,4.674193548387095,0.9657360406091371
2017-07-14,798,21.6,19.3,0.6,0.0,22.0,0,0,0,0,0,791.25,-5.325806451612905,1.0085308056872038
2017-07-07,758,27.8,18.4,30.3,0.0,26.4,1,0,0,0,0,791.25,0.874193548387094,0.9579778830963666
2017-07-21,758,29.5,23.3,10.8,0.0,16.8,1,0,0,0,0,791.25,2.5741935483870932,0.9579778830963666
2017-07-28,851,22.6,18.9,0.0,0.0,30.7,0,0,0,0,0,791.25,-4.325806451612905,1.0755134281200631
2017-07-15,890,27.5,16.6,0.0,0.0,19.4,0,0,0,0,0,827.8,0.5741935483870932,1.0751389224450352
2017-07-08,759,22.3,17.1,0.0,0.0,19.6,0,0,0,0,0,827.8,-4.625806451612906,0.9168881372312153
2017-07-22,755,31.0,22.5,54.9,0.0,29.5,1,0,1,0,0,827.8,4.074193548387093,0.9120560521865185
2017-07-29,800,23.4,16.8,0.0,0.0,25.3,0,0,0,0,0,827.8,-3.525806451612908,0.9664170089393573
2017-07-01,935,26.5,18.3,0.4,0.0,27.2,0,0,0,0,0,827.8,-0.42580645161290676,1.1294998791978739
2017-08-06,865,24.6,16.6,0.1,0.0,13.7,0,0,0,0,0,781.75,-0.738709677419358,1.1064918452190597
2017-08-13,730,24.3,14.3,0.0,0.0,18.6,0,0,0,0,0,781.75,-1.0387096774193587,0.9338023664854493
2017-08-27,756,25.7,17.4,2.3,0.0,20.1,0,0,0,0,0,781.75,0.36129032258063987,0.9670610809082187
2017-08-20,776,30.1,18.3,0.2,0.0,16.5,0,0,1,0,0,781.75,4.761290322580642,0.9926447073872722
2017-08-21,754,28.9,20.9,10.3,0.0,20.1,1,0,0,0,0,758.0,3.561290322580639,0.9947229551451188
2017-08-28,688,24.7,18.3,9.8,0.0,18.7,0,0,0,0,0,758.0,-0.6387096774193601,0.9076517150395779
2017-08-07,773,21.1,16.2,2.2,0.0,24.6,0,0,0,0,0,758.0,-4.238709677419358,1.0197889182058046
2017-08-14,817,28.6,18.0,0.4,0.0,19.2,0,0,0,0,0,758.0,3.261290322580642,1.0778364116094987
2017-08-22,780,26.4,18.5,3.6,0.0,27.6,0,0,0,0,0,806.0,1.0612903225806392,0.967741935483871
2017-08-01,962,27.9,20.6,0.8,0.0,15.1,0,0,0,0,0,806.0,2.561290322580639,1.1935483870967742
2017-08-15,795,25.4,19.3,0.0,0.0,23.3,0,0,0,0,0,806.0,0.061290322580639156,0.9863523573200993
2017-08-08,769,25.4,14.2,0.0,0.0,15.4,0,0,0,0,0,806.0,0.061290322580639156,0.9540942928039702
2017-08-29,724,22.3,17.6,3.0,0.0,15.3,0,0,0,0,0,806.0,-3.0387096774193587,0.8982630272952854
2017-08-09,769,26.9,16.3,0.0,0.0,16.7,0,0,0,0,0,774.8,1.5612903225806392,0.9925141972121838
2017-08-23,748,23.3,15.5,0.2,0.0,16.9,0,0,0,0,0,774.8,-2.0387096774193587,0.9654104284976769
2017-08-30,788,24.0,17.1,0.0,0.0,11.8,0,0,0,0,0,774.8,-1.3387096774193594,1.0170366546205474
2017-08-02,774,28.5,19.0,1.3,0.0,16.6,0,0,0,0,0,774.8,3.1612903225806406,0.9989674754775426
2017-08-16,795,28.7,18.7,12.5,0.0,19.5,1,0,0,0,0,774.8,3.36129032258064,1.0260712441920496
2017-08-24,801,21.9,15.7,1.7,0.0,26.0,0,0,0,0,0,789.0,-3.438709677419361,1.015209125475285
2017-08-03,849,28.9,20.5,7.4,0.0,27.6,0,0,0,0,0,789.0,3.561290322580639,1.0760456273764258
2017-08-17,770,27.8,22.5,15.8,0.0,37.8,1,0,0,0,0,789.0,2.4612903225806413,0.9759188846641318
2017-08-31,735,20.2,17.2,0.6,0.0,32.7,0,0,0,0,0,789.0,-5.13870967741936,0.9315589353612167
2017-08-10,790,28.9,16.8,11.1,0.0,20.9,1,0,0,0,0,789.0,3.561290322580639,1.0012674271229405
2017-08-11,766,25.6,18.7,1.5,0.0,20.7,0,0,0,0,0,830.75,0.261290322580642,0.9220583809810412
2017-08-25,772,20.9,12.3,0.0,0.0,14.7,0,0,0,0,0,830.75,-4.438709677419361,0.9292807703882034
2017-08-04,925,20.1,13.7,0.4,0.0,36.2,0,0,0,0,0,830.75,-5.238709677419358,1.1134517002708395
2017-08-18,860,27.0,19.0,0.4,0.0,23.4,0,0,0,0,0,830.75,1.6612903225806406,1.0352091483599157
2017-08-19,892,25.3,18.0,0.0,0.0,14.6,0,0,0,0,0,853.5,-0.03870967741935871,1.0451083772700644
2017-08-12,813,21.9,16.1,0.0,0.0,22.3,0,0,0,0,0,853.5,-3.438709677419361,0.9525483304042179
2017-08-26,781,24.8,15.9,0.9,0.0,18.6,0,0,0,0,0,853.5,-0.5387096774193587,0.9150556531927357
2017-08-05,928,25.4,14.9,0.0,0.0,19.7,0,0,0,0,0,853.5,0.061290322580639156,1.0872876391329818
2017-09-17,812,27.7,20.4,5.3,0.0,20.5,0,0,0,0,0,780.0,3.4066666666666663,1.041025641025641
2017-09-10,740,19.5,11.9,0.0,0.0,16.2,0,0,0,0,0,780.0,-4.793333333333333,0.9487179487179487
2017-09-03,757,26.7,15.0,0.0,0.0,17.2,0,0,0,0,0,780.0,2.4066666666666663,0.9705128205128205
2017-09-24,811,30.5,21.7,0.0,0.0,16.9,0,0,1,0,0,780.0,6.206666666666667,1.0397435897435898
2017-09-11,691,20.4,11.9,0.0,0.0,14.9,0,0,0,0,0,750.25,-3.8933333333333344,0.9210263245584805
2017-09-04,716,31.2,17.0,1.9,0.0,38.8,0,0,1,0,0,750.25,6.906666666666666,0.9543485504831722
2017-09-25,822,30.3,20.8,0.0,0.0,21.0,0,0,1,0,0,750.25,6.006666666666668,1.0956347884038653
2017-09-18,772,20.9,17.5,0.0,0.0,16.6,0,0,0,0,0,750.25,-3.3933333333333344,1.028990336554482
2017-09-19,708,22.3,18.3,22.1,0.0,15.2,1,0,0,0,0,722.25,-1.9933333333333323,0.980269989615784
2017-09-12,726,21.9,14.7,0.0,0.0,20.8,0,0,0,0,0,722.25,-2.3933333333333344,1.0051921079958464
2017-09-26,749,31.6,21.9,0.1,0.0,18.8,0,0,1,0,0,722.25,7.306666666666668,1.037037037037037
2017-09-05,706,19.4,13.2,0.5,0.0,26.3,0,0,0,0,0,722.25,-4.893333333333334,0.9775008653513326
2017-09-13,706,21.9,16.3,1.3,0.0,13.5,0,0,0,0,0,726.75,-2.3933333333333344,0.9714482284141727
2017-09-27,726,22.5,15.9,0.3,0.0,24.0,0,0,0,0,0,726.75,-1.793333333333333,0.9989680082559339
2017-09-20,827,31.4,17.9,0.0,0.0,25.2,0,0,1,0,0,726.75,7.106666666666666,1.1379428964568283
2017-09-06,648,17.2,11.2,0.2,0.0,18.9,0,0,0,0,0,726.75,-7.093333333333334,0.891640866873065
2017-09-28,717,19.5,13.2,0.0,0.0,21.9,0,0,0,0,0,746.75,-4.793333333333333,0.9601606963508537
2017-09-21,807,32.0,21.7,0.0,0.0,18.5,0,0,1,0,0,746.75,7.706666666666667,1.0806829594911282
2017-09-07,729,19.9,11.3,0.2,0.0,22.3,0,0,0,0,0,746.75,-4.393333333333334,0.9762303314362236
2017-09-14,734,25.9,15.2,0.0,0.0,17.5,0,0,0,0,0,746.75,1.6066666666666656,0.9829260127217945
2017-09-22,798,31.8,22.5,0.0,0.0,15.9,0,0,1,0,0,807.8,7.506666666666668,0.9878682842287696
2017-09-15,808,28.8,16.9,0.0,0.0,21.1,0,0,0,0,0,807.8,4.506666666666668,1.0002475860361477
2017-09-08,702,19.1,13.9,1.7,0.0,22.4,0,0,0,0,0,807.8,-5.193333333333332,0.8690269868779401
2017-09-01,921,18.4,13.8,0.0,0.0,26.8,0,0,0,0,0,807.8,-5.893333333333334,1.1401336964595197
2017-09-29,810,18.9,15.6,0.0,0.0,29.0,0,0,0,0,0,807.8,-5.393333333333334,1.0027234463976233
2017-09-16,826,30.4,18.9,0.0,0.0,19.8,0,0,1,0,0,782.0,6.106666666666666,1.0562659846547315
2017-09-02,772,21.2,12.0,2.4,0.0,13.5,0,0,0,0,0,782.0,-3.0933333333333337,0.9872122762148338
2017-09-09,736,19.7,14.9,0.0,0.0,21.4,0,0,0,0,0,782.0,-4.593333333333334,0.9411764705882353
2017-09-30,746,16.8,12.7,0.0,0.0,23.4,0,0,0,0,0,782.0,-7.493333333333332,0.9539641943734015
2017-09-23,830,31.0,21.8,0.0,0.0,17.3,0,0,1,0,0,782.0,6.706666666666667,1.061381074168798
2017-10-08,718,24.3,13.3,0.0,0.0,32.8,0,0,0,0,0,729.2,6.5000000000000036,0.9846407021393307
2017-10-01,854,21.0,11.6,0.0,0.0,23.2,0,0,0,0,0,729.2,3.200000000000003,1.1711464618760286
2017-10-15,639,20.6,10.2,10.8,0.0,38.5,1,0,0,0,0,729.2,2.8000000000000043,0.876302797586396
2017-10-22,739,21.4,11.6,19.7,0.0,34.2,1,0,0,0,0,729.2,3.6000000000000014,1.0134393856280854
2017-10-29,696,7.1,1.3,0.0,0.0,18.3,0,0,0,0,0,729.2,-10.699999999999998,0.954470652770159
2017-10-02,753,27.5,16.0,0.1,0.0,25.3,0,0,0,0,0,742.0,9.700000000000003,1.0148247978436657
2017-10-30,708,8.8,3.7,0.3,0.0,38.2,0,0,0,0,0,742.0,-8.999999999999996,0.954177897574124
2017-10-16,763,15.4,7.0,0.0,0.0,20.6,0,0,0,0,0,742.0,-2.399999999999997,1.028301886792453
2017-10-09,746,23.9,12.3,0.0,0.0,22.3,0,0,0,0,0,742.0,6.100000000000001,1.005390835579515
2017-10-23,740,12.9,10.8,28.6,0.0,24.9,1,0,0,0,0,742.0,-4.899999999999997,0.9973045822102425
2017-10-24,689,10.9,6.8,18.0,0.0,30.0,1,0,0,0,0,721.8,-6.899999999999997,0.9545580493211416
2017-10-10,705,18.3,15.3,20.1,0.0,34.1,1,0,0,0,0,721.8,0.5000000000000036,0.9767248545303409
2017-10-03,738,25.2,19.4,2.4,0.0,33.5,0,0,0,0,0,721.8,7.400000000000002,1.0224438902743143
2017-10-31,758,4.5,0.3,0.0,0.0,32.1,0,0,0,0,0,721.8,-13.299999999999997,1.0501523967858133
2017-10-17,719,19.2,9.4,0.0,0.0,31.3,0,0,0,0,0,721.8,1.4000000000000021,0.9961208090883902
2017-10-04,743,21.4,17.0,10.2,0.0,26.3,1,0,0,0,0,712.0,3.6000000000000014,1.0435393258426966
2017-10-25,714,10.4,3.7,0.0,0.0,18.9,0,0,0,0,0,712.0,-7.399999999999997,1.002808988764045
2017-10-11,617,16.6,14.1,14.9,0.0,34.8,1,0,0,0,0,712.0,-1.1999999999999957,0.8665730337078652
2017-10-18,774,19.5,9.6,0.0,0.0,29.4,0,0,0,0,0,712.0,1.7000000000000028,1.0870786516853932
2017-10-05,747,21.4,14.5,4.9,0.0,16.8,0,0,0,0,0,760.25,3.6000000000000014,0.9825715225254851
2017-10-12,765,16.4,13.3,0.3,0.0,20.5,0,0,0,0,0,760.25,-1.3999999999999986,1.0062479447550148
2017-10-19,774,17.8,11.3,0.0,0.0,23.7,0,0,0,0,0,760.25,3.552713678800501e-15,1.0180861558697796
2017-10-26,755,14.3,4.3,0.0,0.0,27.2,0,0,0,0,0,760.25,-3.4999999999999964,0.9930943768497205
2017-10-20,850,23.2,12.9,0.0,0.0,24.7,0,0,0,0,0,796.75,5.400000000000002,1.0668340131785379
2017-10-06,748,22.2,17.0,16.4,0.0,23.9,1,0,0,0,0,796.75,4.400000000000002,0.9388139315971132
2017-10-27,819,12.8,3.5,0.0,0.0,32.4,0,0,0,0,0,796.75,-4.9999999999999964,1.027925949168497
2017-10-13,770,21.7,12.1,0.0,0.0,17.5,0,0,0,0,0,796.75,3.900000000000002,0.9664261060558519
2017-10-14,647,20.1,16.6,50.5,0.0,24.2,1,0,0,0,0,722.75,2.3000000000000043,0.8951919750951228
2017-10-21,815,21.9,15.0,0.1,0.0,30.1,0,0,0,0,0,722.75,4.100000000000001,1.1276374956762365
2017-10-07,712,26.0,16.2,7.3,0.0,43.3,0,0,0,0,0,722.75,8.200000000000003,0.9851262538913871
2017-10-28,717,5.1,2.5,0.1,0.0,29.4,0,0,0,0,0,722.75,-12.699999999999998,0.9920442753372536
2017-11-12,666,5.4,1.7,2.2,0.14,16.2,0,0,0,0,0,698.75,-2.3900000000000006,0.9531305903398927
2017-11-19,690,3.0,-2.6,0.0,0.0,29.4,0,0,0,0,0,698.75,-4.790000000000001,0.9874776386404294
2017-11-05,773,11.1,8.7,4.2,0.0,18.4,0,0,0,0,0,698.75,3.3099999999999987,1.1062611806797853
2017-11-26,666,8.1,-3.0,0.0,0.0,21.9,0,0,0,0,0,698.75,0.3099999999999987,0.9531305903398927
2017-11-06,717,7.8,2.0,0.0,0.0,25.7,0,0,0,0,0,742.75,0.009999999999998899,0.9653315382026254
2017-11-20,762,10.7,-1.5,0.0,0.0,38.8,0,0,0,0,0,742.75,2.9099999999999984,1.0259171995960956
2017-11-27,774,11.8,0.0,0.0,0.0,30.8,0,0,0,0,0,742.75,4.01,1.0420733759676877
2017-11-13,718,5.3,-1.5,0.0,0.0,13.5,0,0,0,0,0,742.75,-2.490000000000001,0.9666778862335914
2017-11-14,700,8.6,1.1,0.0,0.0,24.5,0,0,0,0,0,708.75,0.8099999999999987,0.9876543209876543
2017-11-07,678,7.7,2.3,0.0,0.0,28.6,0,0,0,0,0,708.75,-0.09000000000000075,0.9566137566137566
2017-11-21,673,7.0,-1.7,0.5,0.0,39.1,0,0,0,0,0,708.75,-0.7900000000000009,0.9495590828924162
2017-11-28,784,14.3,6.7,0.3,0.0,34.8,0,0,0,0,0,708.75,6.51,1.1061728395061727
2017-11-22,656,0.9,-4.4,0.0,0.0,21.9,0,0,0,0,0,745.0,-6.890000000000001,0.8805369127516779
2017-11-01,829,6.9,2.3,7.0,0.0,22.5,0,0,0,0,0,745.0,-0.8900000000000006,1.112751677852349
2017-11-15,710,9.8,0.8,13.3,0.0,32.2,1,0,0,0,0,745.0,2.01,0.9530201342281879
2017-11-08,758,7.0,-0.8,0.0,0.0,14.3,0,0,0,0,0,745.0,-0.7900000000000009,1.01744966442953
2017-11-29,772,6.7,1.5,0.0,0.0,20.1,0,0,0,0,0,745.0,-1.0900000000000007,1.036241610738255
2017-11-23,543,6.8,-1.7,0.0,0.0,21.4,0,0,0,0,0,687.8,-0.9900000000000011,0.7894736842105263
2017-11-16,766,3.8,-0.9,0.0,0.0,27.6,0,0,0,0,0,687.8,-3.990000000000001,1.1136958418144811
2017-11-30,751,10.2,3.5,0.4,0.0,26.2,0,0,0,0,0,687.8,2.4099999999999984,1.091887176504798
2017-11-09,656,7.7,-4.2,0.0,0.0,31.8,0,0,0,0,0,687.8,-0.09000000000000075,0.953765629543472
2017-11-02,723,10.7,6.8,5.3,0.0,19.6,0,0,0,0,0,687.8,2.9099999999999984,1.0511776679267228
2017-11-10,678,-0.5,-5.1,0.7,0.49,30.2,0,0,0,0,0,722.75,-8.290000000000001,0.938083708059495
2017-11-24,683,13.8,1.4,0.0,0.0,36.3,0,0,0,0,0,722.75,6.01,0.9450017295053614
2017-11-17,741,8.4,1.0,2.7,0.0,30.4,0,0,0,0,0,722.75,0.6099999999999994,1.0252507782774127
2017-11-03,789,8.9,4.0,0.0,0.0,24.9,0,0,0,0,0,722.75,1.1099999999999994,1.0916637841577308
2017-11-04,757,9.9,6.4,22.3,0.0,24.3,1,0,0,0,0,714.25,2.1099999999999994,1.0598529926496325
2017-11-11,688,2.5,-3.5,0.0,0.0,25.8,0,0,0,0,0,714.25,-5.290000000000001,0.9632481624081204
2017-11-25,714,10.6,2.1,0.0,0.0,30.1,0,0,0,0,0,714.25,2.8099999999999987,0.999649982499125
2017-11-18,698,8.8,3.4,12.2,0.0,43.7,1,0,0,0,0,714.25,1.0099999999999998,0.9772488624431221
2017-12-24,504,-3.4,-6.9,7.0,4.9,25.0,0,1,0,0,0,623.0,-4.470967741935484,0.8089887640449438
2017-12-10,664,2.1,-6.5,0.0,0.0,25.0,0,0,0,0,0,623.0,1.0290322580645161,1.0658105939004816
2017-12-31,541,-10.3,-18.0,0.2,0.14,23.0,0,0,0,1,0,623.0,-11.370967741935484,0.8683788121990369
2017-12-17,730,5.9,0.2,0.0,0.0,12.9,0,0,0,0,0,623.0,4.829032258064516,1.1717495987158908
2017-12-03,676,11.7,-1.1,0.0,0.0,25.4,0,0,0,0,0,623.0,10.629032258064516,1.0850722311396468
2017-12-18,727,6.9,3.4,1.2,0.0,29.4,0,0,0,0,0,667.5,5.829032258064516,1.0891385767790263
2017-12-11,740,2.6,-6.1,2.4,1.54,34.3,0,0,0,0,0,667.5,1.5290322580645161,1.1086142322097379
2017-12-25,394,-7.7,-13.4,0.0,0.0,31.8,0,0,0,1,0,667.5,-8.770967741935484,0.5902621722846442
2017-12-04,809,16.1,8.2,1.3,0.0,49.9,0,0,0,0,1,667.5,15.029032258064518,1.2119850187265917
2017-12-19,765,9.3,1.7,0.0,0.0,28.9,0,0,0,0,0,672.25,8.229032258064517,1.137969505392339
2017-12-05,712,14.2,-2.2,1.2,0.0,49.3,0,0,0,0,1,672.25,13.129032258064516,1.0591297880252881
2017-12-26,527,-12.3,-18.0,0.0,0.0,20.5,0,0,0,1,0,672.25,-13.370967741935484,0.783934548159167
2017-12-12,685,-0.8,-7.5,0.0,0.0,39.3,0,0,0,0,0,672.25,-1.870967741935484,1.0189661584232057
2017-12-06,711,1.1,-2.7,0.1,0.07,33.8,0,0,0,0,0,659.5,0.029032258064516148,1.0780894617134194
2017-12-13,700,2.8,-7.3,0.9,0.49,36.1,0,0,0,0,0,659.5,1.7290322580645159,1.061410159211524
2017-12-20,704,1.2,-2.4,0.0,0.0,20.4,0,0,0,0,0,659.5,0.12903225806451601,1.067475360121304
2017-12-27,523,-12.2,-18.9,0.0,0.0,20.6,0,0,0,1,0,659.5,-13.270967741935483,0.7930250189537529
2017-12-21,747,3.4,-0.7,0.0,0.0,17.1,0,0,0,0,0,672.75,2.329032258064516,1.1103678929765886
2017-12-14,718,-1.3,-8.1,0.2,0.14,35.0,0,0,0,0,0,672.75,-2.370967741935484,1.0672612411742846
2017-12-28,601,-8.6,-16.1,1.3,0.84,22.0,0,0,0,1,0,672.75,-9.670967741935483,0.8933481976960238
2017-12-07,625,-1.9,-6.5,0.0,0.0,26.1,0,0,0,0,0,672.75,-2.9709677419354836,0.929022668153103
2017-12-08,736,0.9,-6.8,0.1,0.07,28.7,0,0,0,0,0,756.8,-0.17096774193548392,0.9725158562367865
2017-12-22,784,3.8,1.7,0.5,0.0,15.6,0,0,0,0,0,756.8,2.7290322580645157,1.0359408033826638
2017-12-15,768,1.1,-8.2,0.1,0.07,33.4,0,0,0,0,0,756.8,0.029032258064516148,1.0147991543340382
2017-12-01,921,9.7,-2.5,0.0,0.0,14.7,0,0,0,0,0,756.8,8.629032258064516,1.2169661733615222
2017-12-29,575,-9.0,-17.1,2.6,1.82,16.8,0,0,0,1,0,756.8,-10.070967741935483,0.7597780126849895
2017-12-02,758,10.3,1.2,0.0,0.0,16.8,0,0,0,0,0,705.0,9.229032258064517,1.075177304964539
2017-12-23,714,1.2,-5.4,0.0,0.0,23.7,0,0,0,0,0,705.0,0.12903225806451601,1.0127659574468084
2017-12-16,773,7.4,0.3,0.0,0.0,28.6,0,0,0,0,0,705.0,6.329032258064516,1.0964539007092198
2017-12-09,659,-0.2,-5.6,2.5,1.75,40.9,0,0,0,0,0,705.0,-1.270967741935484,0.9347517730496454
2017-12-30,621,-10.8,-19.2,0.1,0.07,28.8,0,0,0,1,0,705.0,-11.870967741935484,0.8808510638297873
2018-01-07,534,-0.5,-14.3,1.2,0.56,32.0,0,0,0,0,0,622.25,-0.46451612903225814,0.8581759742868622
2018-01-28,672,3.0,-1.5,0.6,0.42,24.1,0,0,0,0,0,622.25,3.035483870967742,1.0799517878666132
2018-01-21,718,6.2,2.9,0.9,0.0,15.3,0,0,0,0,0,622.25,6.235483870967742,1.1538770590598635
2018-01-14,565,-5.6,-16.4,1.4,0.98,24.2,0,0,0,1,0,622.25,-5.564516129032258,0.9079951787866614
2018-01-08,622,4.1,-1.8,0.5,0.28,24.3,0,0,0,0,0,702.8,4.135483870967741,0.8850313033579966
2018-01-01,985,-14.2,-21.5,0.0,0.0,22.1,0,0,0,1,0,702.8,-14.164516129032258,1.4015367103016507
2018-01-15,531,-2.8,-12.7,3.7,2.66,26.6,0,1,0,0,0,702.8,-2.7645161290322577,0.7555492316448492
2018-01-22,724,12.4,2.7,11.4,0.0,36.1,1,0,0,0,0,702.8,12.435483870967742,1.0301650540694367
2018-01-29,652,-0.6,-7.3,1.2,0.84,32.8,0,0,0,0,0,702.8,-0.5645161290322581,0.9277177006260672
2018-01-09,652,4.0,-4.3,0.0,0.0,18.7,0,0,0,0,0,636.8,4.035483870967742,1.0238693467336684
2018-01-02,562,-12.7,-21.8,0.0,0.0,28.6,0,0,0,1,0,636.8,-12.664516129032258,0.8825376884422111
2018-01-23,719,2.1,-2.2,2.6,1.75,24.2,0,0,0,0,0,636.8,2.135483870967742,1.1290829145728645
2018-01-30,637,-0.4,-10.5,0.0,0.0,31.0,0,0,0,0,0,636.8,-0.36451612903225816,1.0003140703517588
2018-01-16,614,-5.1,-13.1,1.3,0.98,24.9,0,0,0,1,0,636.8,-5.064516129032258,0.9641959798994976
2018-01-31,708,5.8,-1.7,0.0,0.0,32.9,0,0,0,0,0,653.4,5.8354838709677415,1.08356290174472
2018-01-10,720,10.6,-1.7,0.1,0.0,36.8,0,0,0,0,0,653.4,10.635483870967741,1.1019283746556474
2018-01-17,649,-8.7,-17.1,0.0,0.0,32.4,0,0,0,1,0,653.4,-8.664516129032258,0.9932659932659933
2018-01-24,614,-0.2,-4.5,0.0,0.0,12.4,0,0,0,0,0,653.4,-0.16451612903225815,0.9397000306091216
2018-01-03,576,-8.1,-14.4,0.4,0.28,28.5,0,0,0,1,0,653.4,-8.064516129032258,0.8815426997245179
2018-01-18,626,-0.8,-9.5,0.0,0.0,33.5,0,0,0,0,0,642.5,-0.7645161290322582,0.9743190661478599
2018-01-25,641,6.9,-6.7,0.0,0.0,20.8,0,0,0,0,0,642.5,6.935483870967742,0.9976653696498055
2018-01-11,701,14.1,-2.2,5.8,0.0,35.4,0,0,0,0,0,642.5,14.135483870967741,1.0910505836575874
2018-01-04,602,-10.7,-16.5,0.0,0.0,23.4,0,0,0,1,0,642.5,-10.664516129032258,0.9369649805447471
2018-01-12,707,-3.3,-7.0,1.3,0.91,47.9,0,0,0,0,1,711.25,-3.2645161290322577,0.99402460456942
2018-01-05,666,-11.2,-17.7,0.0,0.0,23.7,0,0,0,1,0,711.25,-11.164516129032258,0.9363796133567662
2018-01-26,763,10.8,0.4,0.5,0.0,40.2,0,0,0,0,0,711.25,10.835483870967742,1.0727592267135324
2018-01-19,709,3.9,-3.2,0.0,0.0,36.6,0,0,0,0,0,711.25,3.935483870967742,0.9968365553602812
2018-01-13,617,-7.1,-13.1,0.2,0.14,35.4,0,0,0,1,0,672.0,-7.064516129032258,0.9181547619047619
2018-01-27,754,8.9,0.8,0.0,0.0,37.2,0,0,0,0,0,672.0,8.935483870967742,1.1220238095238095
2018-01-06,586,-9.9,-18.6,0.0,0.0,19.6,0,0,0,1,0,672.0,-9.864516129032259,0.8720238095238095
2018-01-20,731,8.0,-0.5,0.0,0.0,32.3,0,0,0,0,0,672.0,8.035483870967742,1.087797619047619
2018-02-18,588,3.4,-10.3,0.0,0.0,33.1,0,0,0,0,0,573.75,1.2357142857142853,1.0248366013071895
2018-02-25,657,9.8,-0.3,3.6,0.0,43.7,0,0,0,0,0,573.75,7.635714285714286,1.1450980392156862
2018-02-04,513,0.5,-13.2,4.1,2.87,38.3,0,1,0,0,0,573.75,-1.6642857142857146,0.8941176470588236
2018-02-11,537,-4.4,-12.6,10.5,7.42,25.8,1,1,0,0,0,573.75,-6.564285714285715,0.9359477124183007
2018-02-26,625,11.5,-2.8,0.0,0.0,26.8,0,0,0,0,0,591.25,9.335714285714285,1.0570824524312896
2018-02-05,543,-9.4,-18.4,4.9,3.43,18.8,0,1,0,1,0,591.25,-11.564285714285715,0.9183932346723045
2018-02-19,624,14.3,2.3,11.9,0.0,35.3,1,0,0,0,0,591.25,12.135714285714286,1.0553911205073996
2018-02-12,573,-7.5,-14.6,0.0,0.0,20.2,0,0,0,1,0,591.25,-9.664285714285715,0.9691331923890063
2018-02-06,588,-6.4,-16.9,0.3,0.21,16.4,0,0,0,1,0,643.0,-8.564285714285715,0.9144634525660964
2018-02-27,692,15.5,2.9,0.1,0.0,28.0,0,0,0,0,0,643.0,13.335714285714285,1.0762052877138413
2018-02-20,645,17.1,2.0,40.8,0.0,34.8,1,0,0,0,0,643.0,14.935714285714287,1.0031104199066874
2018-02-13,647,-3.7,-11.6,0.0,0.0,21.7,0,0,0,0,0,643.0,-5.864285714285715,1.0062208398133747
2018-02-28,647,13.6,1.9,1.7,0.0,28.4,0,0,0,0,0,623.0,11.435714285714285,1.0385232744783306
2018-02-14,661,3.6,-5.4,0.0,0.0,23.2,0,0,0,0,0,623.0,1.4357142857142855,1.0609951845906902
2018-02-21,640,1.3,-2.5,6.9,0.91,23.4,0,0,0,0,0,623.0,-0.8642857142857145,1.0272873194221508
2018-02-07,544,-7.0,-14.0,3.8,2.59,19.9,0,1,0,1,0,623.0,-9.164285714285715,0.8731942215088283
2018-02-22,677,2.8,-1.7,0.0,0.0,26.0,0,0,0,0,0,669.0,0.6357142857142852,1.0119581464872944
2018-02-08,557,-6.6,-19.6,2.0,1.4,16.4,0,0,0,1,0,669.0,-8.764285714285714,0.8325859491778774
2018-02-15,700,5.1,1.8,0.1,0.0,25.2,0,0,0,0,0,669.0,2.935714285714285,1.046337817638266
2018-02-01,742,0.7,-11.6,0.0,0.0,30.7,0,0,0,0,0,669.0,-1.4642857142857146,1.109118086696562
2018-02-02,674,-6.3,-15.2,0.0,0.0,23.9,0,0,0,1,0,628.5,-8.464285714285715,1.0723945902943517
2018-02-16,664,1.7,-12.4,0.0,0.0,26.3,0,0,0,0,0,628.5,-0.46428571428571463,1.05648369132856
2018-02-23,671,6.8,0.6,0.9,0.0,25.6,0,0,0,0,0,628.5,4.635714285714285,1.0676213206046141
2018-02-09,505,-1.9,-6.0,10.0,7.07,28.3,1,1,0,0,0,628.5,-4.064285714285715,0.8035003977724742
2018-02-17,604,1.1,-15.2,3.6,2.52,21.7,0,1,0,0,0,612.25,-1.0642857142857145,0.9865251122907309
2018-02-10,534,-4.2,-8.1,2.3,1.61,26.4,0,0,0,0,0,612.25,-6.364285714285715,0.8721927317272357
2018-02-24,681,6.1,-0.5,2.0,0.0,34.2,0,0,0,0,0,612.25,3.935714285714285,1.1122907309105758
2018-02-03,630,3.1,-6.9,1.3,0.91,31.2,0,0,0,0,0,612.25,0.9357142857142855,1.0289914250714578
2018-03-25,677,3.2,-3.2,0.0,0.0,30.8,0,0,0,0,0,659.0,-1.3741935483870975,1.0273141122913505
2018-03-04,649,4.7,-1.5,0.0,0.0,29.6,0,0,0,0,0,659.0,0.1258064516129025,0.9848254931714719
2018-03-11,620,1.8,-1.9,0.0,0.0,21.9,0,0,0,0,0,659.0,-2.774193548387098,0.9408194233687405
2018-03-18,690,10.9,-3.8,0.0,0.0,12.6,0,0,0,0,0,659.0,6.325806451612903,1.047040971168437
2018-03-19,660,5.1,0.3,0.0,0.0,37.4,0,0,0,0,0,671.0,0.525806451612902,0.9836065573770492
2018-03-26,697,11.0,-1.4,1.8,0.0,26.5,0,0,0,0,0,671.0,6.425806451612902,1.0387481371087928
2018-03-05,665,3.6,-0.7,3.8,2.59,34.3,0,1,0,0,0,671.0,-0.9741935483870976,0.9910581222056631
2018-03-12,662,4.9,-3.0,0.6,0.28,25.6,0,0,0,0,0,671.0,0.32580645161290267,0.9865871833084948
2018-03-06,653,4.7,-2.4,3.2,1.19,25.2,0,0,0,0,0,669.75,0.1258064516129025,0.9749906681597611
2018-03-20,712,0.9,-2.7,0.0,0.0,36.7,0,0,0,0,0,669.75,-3.6741935483870978,1.063083240014931
2018-03-13,639,0.8,-4.1,1.0,0.7,40.2,0,0,0,0,0,669.75,-3.774193548387098,0.9540873460246361
2018-03-27,675,10.3,5.4,7.4,0.0,26.9,0,0,0,0,0,669.75,5.725806451612903,1.007838745800672
2018-03-07,656,0.3,-3.8,0.3,0.21,30.6,0,0,0,0,0,675.0,-4.274193548387098,0.9718518518518519
2018-03-14,665,6.8,-5.7,0.0,0.0,30.0,0,0,0,0,0,675.0,2.225806451612902,0.9851851851851852
2018-03-21,690,1.5,-1.9,0.0,0.0,29.1,0,0,0,0,0,675.0,-3.0741935483870977,1.0222222222222221
2018-03-28,689,7.2,2.3,1.1,0.0,12.4,0,0,0,0,0,675.0,2.6258064516129025,1.0207407407407407
2018-03-29,630,7.6,1.8,0.8,0.0,28.5,0,0,0,0,0,698.0,3.025806451612902,0.9025787965616046
2018-03-22,671,4.2,-3.3,0.0,0.0,16.6,0,0,0,0,0,698.0,-0.3741935483870975,0.9613180515759312
2018-03-01,838,3.4,-0.9,19.1,0.14,35.4,1,0,0,0,0,698.0,-1.1741935483870978,1.2005730659025788
2018-03-08,660,1.4,-6.4,0.0,0.0,22.0,0,0,0,0,0,698.0,-3.1741935483870978,0.9455587392550143
2018-03-15,691,5.1,-2.1,0.0,0.0,25.0,0,0,0,0,0,698.0,0.525806451612902,0.9899713467048711
2018-03-09,745,1.7,-5.7,0.0,0.0,19.8,0,0,0,0,0,719.4,-2.8741935483870975,1.0355852098971365
2018-03-23,752,3.1,-1.6,0.0,0.0,20.3,0,0,0,0,0,719.4,-1.4741935483870976,1.0453155407283847
2018-03-16,704,0.5,-2.3,0.0,0.0,24.5,0,0,0,0,0,719.4,-4.074193548387098,0.9785932721712538
2018-03-02,692,4.6,-1.9,0.0,0.0,16.8,0,0,0,0,0,719.4,0.02580645161290196,0.9619127050319711
2018-03-30,704,5.4,0.6,0.3,0.0,22.7,0,0,0,0,0,719.4,0.8258064516129027,0.9785932721712538
2018-03-03,664,2.9,-1.6,0.0,0.0,17.6,0,0,0,0,0,693.2,-1.6741935483870978,0.9578765147143681
2018-03-10,685,2.4,-3.3,0.0,0.0,15.7,0,0,0,0,0,693.2,-2.1741935483870978,0.9881708020773226
2018-03-31,690,13.9,0.4,2.0,0.0,45.7,0,0,0,0,1,693.2,9.325806451612902,0.9953837276399307
2018-03-24,650,3.9,0.1,0.0,0.0,33.7,0,0,0,0,0,693.2,-0.6741935483870978,0.9376803231390651
2018-03-17,777,4.0,-2.1,1.5,1.05,23.7,0,0,0,0,0,693.2,-0.5741935483870977,1.1208886324293132
2018-04-01,741,1.7,-4.2,0.0,0.0,24.5,0,0,0,0,0,677.2,-5.893333333333335,1.0942114589486118
2018-04-29,725,9.2,0.6,0.0,0.0,14.2,0,0,0,0,0,677.2,1.6066666666666638,1.070584760779681
2018-04-15,603,2.5,0.1,18.8,0.77,35.9,1,0,0,0,0,677.2,-5.0933333333333355,0.8904311872415829
2018-04-22,699,11.3,3.2,0.0,0.0,23.8,0,0,0,0,0,677.2,3.706666666666665,1.0321913762551682
2018-04-08,618,1.4,-4.9,0.6,0.42,17.1,0,0,0,0,0,677.2,-6.193333333333335,0.9125812167749556
2018-04-02,674,3.7,-5.5,0.0,0.0,20.9,0,0,0,0,0,715.4,-3.8933333333333353,0.9421302767682416
2018-04-09,663,2.6,-1.0,3.2,2.1,26.1,0,1,0,0,0,715.4,-4.993333333333336,0.9267542633491753
2018-04-30,791,21.6,3.1,0.0,0.0,26.8,0,0,0,0,0,715.4,14.006666666666666,1.1056751467710373
2018-04-16,733,2.5,-2.9,1.2,0.77,29.5,0,0,0,0,0,715.4,-5.0933333333333355,1.024601621470506
2018-04-23,716,9.4,4.1,0.1,0.0,24.0,0,0,0,0,0,715.4,1.8066666666666649,1.0008386916410401
2018-04-24,713,12.4,4.4,1.8,0.0,17.7,0,0,0,0,0,683.0,4.806666666666665,1.0439238653001464
2018-04-17,699,4.8,-3.2,0.0,0.0,23.7,0,0,0,0,0,683.0,-2.7933333333333357,1.0234260614934114
2018-04-10,715,6.4,-3.2,0.0,0.0,21.2,0,0,0,0,0,683.0,-1.1933333333333351,1.0468521229868228
2018-04-03,605,4.0,1.3,9.0,0.0,29.4,0,0,0,0,0,683.0,-3.5933333333333355,0.8857979502196194
2018-04-04,701,2.5,-3.0,1.5,0.98,36.2,0,0,0,0,0,712.25,-5.0933333333333355,0.9842049842049843
2018-04-11,771,16.4,2.2,0.8,0.35,24.4,0,0,0,0,0,712.25,8.806666666666663,1.0824850824850825
2018-04-18,627,2.7,-0.5,8.1,3.57,33.4,0,1,0,0,0,712.25,-4.893333333333335,0.8803088803088803
2018-04-25,750,6.7,2.2,0.0,0.0,31.4,0,0,0,0,0,712.25,-0.8933333333333353,1.053001053001053
2018-04-05,672,4.7,-4.3,3.9,2.17,20.1,0,1,0,0,0,720.0,-2.8933333333333353,0.9333333333333333
2018-04-19,724,6.9,1.0,3.6,2.17,28.1,0,1,0,0,0,720.0,-0.6933333333333351,1.0055555555555555
2018-04-26,733,14.3,-0.3,0.0,0.0,15.9,0,0,0,0,0,720.0,6.706666666666665,1.0180555555555555
2018-04-12,751,21.8,4.1,1.2,0.0,32.2,0,0,0,0,0,720.0,14.206666666666665,1.0430555555555556
2018-04-27,773,9.4,3.5,3.9,0.0,28.9,0,0,0,0,0,763.5,1.8066666666666649,1.0124426981008514
2018-04-06,696,2.9,-3.7,1.8,1.19,33.0,0,0,0,0,0,763.5,-4.693333333333335,0.9115913555992141
2018-04-13,781,10.9,3.8,1.2,0.0,27.0,0,0,0,0,0,763.5,3.306666666666665,1.022920759659463
2018-04-20,804,11.1,-0.8,0.0,0.0,14.9,0,0,0,0,0,763.5,3.506666666666664,1.0530451866404715
2018-04-28,679,6.5,2.1,0.0,0.0,32.8,0,0,0,0,0,670.0,-1.0933333333333355,1.0134328358208955
2018-04-07,635,2.2,-7.2,0.0,0.0,22.5,0,0,0,0,0,670.0,-5.393333333333335,0.9477611940298507
2018-04-14,689,4.0,1.9,25.1,0.0,38.3,1,0,0,0,0,670.0,-3.5933333333333355,1.028358208955224
2018-04-21,677,11.3,1.7,0.0,0.0,14.4,0,0,0,0,0,670.0,3.706666666666665,1.01044776119403
2018-05-20,765,14.0,7.0,7.5,0.0,27.2,0,0,0,0,0,763.5,-7.477419354838709,1.0019646365422397
2018-05-13,690,13.6,8.4,35.3,0.0,18.4,1,0,0,0,0,763.5,-7.877419354838709,0.9037328094302554
2018-05-06,716,16.7,8.1,0.0,0.0,25.0,0,0,0,0,0,763.5,-4.77741935483871,0.9377865094957433
2018-05-27,883,30.0,20.7,0.0,0.0,13.8,0,0,1,0,0,763.5,8.522580645161291,1.1565160445317617
2018-05-14,788,27.6,10.4,23.8,0.0,25.3,1,0,0,0,0,798.75,6.1225806451612925,0.9865414710485133
2018-05-21,714,20.5,8.9,27.0,0.0,21.2,1,0,0,0,0,798.75,-0.9774193548387089,0.8938967136150234
2018-05-07,805,17.6,7.2,0.0,0.0,17.3,0,0,0,0,0,798.75,-3.8774193548387075,1.0078247261345852
2018-05-28,888,30.5,18.4,0.0,0.0,29.2,0,0,1,0,0,798.75,9.022580645161291,1.1117370892018779
2018-05-29,875,23.8,16.3,0.0,0.0,17.1,0,0,0,0,0,847.2,2.322580645161292,1.0328139754485364
2018-05-01,1015,26.5,11.2,0.0,0.0,34.7,0,0,0,0,0,847.2,5.022580645161291,1.1980642115203022
2018-05-08,805,24.8,11.1,0.0,0.0,16.3,0,0,0,0,0,847.2,3.322580645161292,0.9501888574126534
2018-05-22,797,14.4,9.7,0.8,0.0,17.1,0,0,0,0,0,847.2,-7.0774193548387085,0.9407459867799811
2018-05-15,744,16.8,8.7,0.7,0.0,27.7,0,0,0,0,0,847.2,-4.677419354838708,0.8781869688385269
2018-05-16,759,20.1,8.4,0.0,0.0,12.7,0,0,0,0,0,793.6,-1.3774193548387075,0.9564012096774194
2018-05-30,847,23.7,20.0,23.0,0.0,21.0,1,0,0,0,0,793.6,2.2225806451612904,1.0672883064516128
2018-05-02,789,27.1,18.2,0.5,0.0,34.5,0,0,0,0,0,793.6,5.6225806451612925,0.994203629032258
2018-05-23,781,20.2,10.5,0.0,0.0,12.3,0,0,0,0,0,793.6,-1.2774193548387096,0.9841229838709677
2018-05-09,792,24.8,13.6,3.9,0.0,33.1,0,0,0,0,0,793.6,3.322580645161292,0.9979838709677419
2018-05-10,779,17.8,11.0,0.0,0.0,20.7,0,0,0,0,0,796.4,-3.677419354838708,0.9781516825715721
2018-05-03,742,19.1,8.4,16.1,0.0,31.7,1,0,0,0,0,796.4,-2.3774193548387075,0.9316926167754898
2018-05-17,798,17.6,9.2,0.0,0.0,26.6,0,0,0,0,0,796.4,-3.8774193548387075,1.002009040683074
2018-05-31,842,29.0,20.1,0.6,0.0,28.4,0,0,0,0,0,796.4,7.522580645161291,1.0572576594676042
2018-05-24,821,26.2,11.9,0.0,0.0,16.5,0,0,0,0,0,796.4,4.72258064516129,1.0308890005022602
2018-05-04,815,21.9,15.2,4.0,0.0,40.1,0,0,0,0,0,787.5,0.4225806451612897,1.034920634920635
2018-05-11,729,12.3,7.9,18.6,0.0,30.7,1,0,0,0,0,787.5,-9.177419354838708,0.9257142857142857
2018-05-25,805,28.9,16.8,0.5,0.0,16.1,0,0,0,0,0,787.5,7.42258064516129,1.0222222222222221
2018-05-18,801,16.7,11.1,6.2,0.0,25.0,0,0,0,0,0,787.5,-4.77741935483871,1.0171428571428571
2018-05-19,759,21.0,12.0,5.6,0.0,21.0,0,0,0,0,0,792.0,-0.4774193548387089,0.9583333333333334
2018-05-26,856,28.2,18.3,0.0,0.0,12.3,0,0,0,0,0,792.0,6.72258064516129,1.0808080808080809
2018-05-05,853,25.4,9.9,0.0,0.0,18.8,0,0,0,0,0,792.0,3.9225806451612897,1.077020202020202
2018-05-12,700,9.0,7.0,18.6,0.0,24.8,1,0,0,0,0,792.0,-12.477419354838709,0.8838383838383839
2018-06-17,828,32.9,23.5,0.2,0.0,23.9,0,0,1,0,0,816.25,8.429999999999996,1.014395099540582
2018-06-24,870,21.9,16.2,0.4,0.0,21.1,0,0,0,0,0,816.25,-2.570000000000004,1.0658499234303216
2018-06-03,835,23.3,15.1,5.0,0.0,33.3,0,0,0,0,0,816.25,-1.1700000000000017,1.0229709035222052
2018-06-10,732,23.2,13.8,11.6,0.0,19.3,1,0,0,0,0,816.25,-1.2700000000000031,0.8967840735068913
2018-06-11,749,20.9,14.7,1.5,0.0,23.6,0,0,0,0,0,810.25,-3.570000000000004,0.9244060475161987
2018-06-18,847,32.9,19.6,4.9,0.0,24.1,0,0,1,0,0,810.25,8.429999999999996,1.0453563714902807
2018-06-25,854,22.0,16.3,0.0,0.0,27.9,0,0,0,0,0,810.25,-2.4700000000000024,1.0539956803455723
2018-06-04,791,25.2,12.6,0.0,0.0,26.1,0,0,0,0,0,810.25,0.7299999999999969,0.9762419006479481
2018-06-19,795,24.1,17.0,11.7,0.0,20.1,1,0,0,0,0,783.75,-0.370000000000001,1.014354066985646
2018-06-26,794,27.3,18.5,28.9,0.0,25.8,1,0,0,0,0,783.75,2.8299999999999983,1.0130781499202552
2018-06-12,794,24.5,18.4,4.0,0.0,18.5,0,0,0,0,0,783.75,0.029999999999997584,1.0130781499202552
2018-06-05,752,20.5,11.0,2.2,0.0,27.0,0,0,0,0,0,783.75,-3.9700000000000024,0.9594896331738437
2018-06-13,751,24.9,16.8,0.0,0.0,20.0,0,0,0,0,0,821.75,0.42999999999999616,0.9139032552479465
2018-06-20,893,20.6,16.7,5.1,0.0,20.9,0,0,0,0,0,821.75,-3.870000000000001,1.0867052023121386
2018-06-06,815,24.6,9.9,0.6,0.0,19.6,0,0,0,0,0,821.75,0.129999999999999,0.99178582293885
2018-06-27,828,23.0,19.2,1.5,0.0,20.2,0,0,0,0,0,821.75,-1.4700000000000024,1.0076057195010648
2018-06-28,822,27.7,18.7,0.0,0.0,16.6,0,0,0,0,0,754.0,3.229999999999997,1.090185676392573
2018-06-21,667,18.7,17.0,74.8,0.0,27.2,1,0,0,0,0,754.0,-5.770000000000003,0.8846153846153846
2018-06-07,768,20.6,11.7,0.0,0.0,21.8,0,0,0,0,0,754.0,-3.870000000000001,1.0185676392572944
2018-06-14,759,25.3,15.2,0.0,0.0,16.6,0,0,0,0,0,754.0,0.8299999999999983,1.006631299734748
2018-06-08,774,18.2,12.8,6.1,0.0,17.7,0,0,0,0,0,829.0,-6.270000000000003,0.9336550060313631
2018-06-29,781,33.0,22.3,0.0,0.0,25.0,0,0,1,0,0,829.0,8.529999999999998,0.9420989143546441
2018-06-01,1022,22.1,11.8,0.0,0.0,32.5,0,0,0,0,0,829.0,-2.370000000000001,1.232810615199035
2018-06-15,844,28.5,17.7,0.2,0.0,18.5,0,0,0,0,0,829.0,4.029999999999998,1.0180940892641737
2018-06-22,724,17.7,15.2,27.8,0.0,28.4,1,0,0,0,0,829.0,-6.770000000000003,0.873341375150784
2018-06-09,816,24.1,13.5,21.1,0.0,16.2,1,0,0,0,0,833.6,-0.370000000000001,0.9788867562380038
2018-06-02,820,19.2,11.7,2.1,0.0,25.5,0,0,0,0,0,833.6,-5.270000000000003,0.9836852207293666
2018-06-23,839,23.5,16.1,0.5,0.0,19.8,0,0,0,0,0,833.6,-0.9700000000000024,1.0064779270633397
2018-06-16,826,31.4,21.4,1.0,0.0,19.3,0,0,1,0,0,833.6,6.929999999999996,0.9908829174664108
2018-06-30,867,32.3,25.6,1.4,0.0,26.6,0,0,1,0,0,833.6,7.829999999999995,1.040067178502879
2018-07-15,812,28.6,22.0,3.4,0.0,12.4,0,0,0,0,0,839.2,2.012903225806454,0.9675881792183031
2018-07-22,795,22.1,19.2,8.8,0.0,33.5,0,0,0,0,0,839.2,-4.487096774193546,0.9473307912297425
2018-07-29,776,24.9,15.8,0.0,0.0,11.8,0,0,0,0,0,839.2,-1.6870967741935488,0.9246901811248808
2018-07-08,825,27.1,16.6,0.0,0.0,14.8,0,0,0,0,0,839.2,0.5129032258064541,0.9830791229742611
2018-07-01,988,32.1,23.9,3.2,0.0,33.4,0,0,1,0,0,839.2,5.512903225806454,1.177311725452812
2018-07-23,847,22.9,18.9,0.5,0.0,26.2,0,0,0,0,0,815.4,-3.6870967741935488,1.0387539857738533
2018-07-30,782,23.9,16.9,0.1,0.0,17.1,0,0,0,0,0,815.4,-2.6870967741935488,0.9590385087073829
2018-07-09,802,32.0,17.3,0.0,0.0,18.7,0,0,1,0,0,815.4,5.412903225806453,0.9835663478047584
2018-07-16,786,28.9,22.7,3.2,0.0,17.0,0,0,0,0,0,815.4,2.3129032258064512,0.963944076526858
2018-07-02,860,24.4,19.7,0.0,0.0,15.6,0,0,0,0,0,815.4,-2.1870967741935488,1.0546970811871474
2018-07-17,745,24.2,19.3,0.0,0.0,21.6,0,0,0,0,0,802.0,-2.387096774193548,0.928927680798005
2018-07-10,811,26.8,20.4,0.9,0.0,23.3,0,0,0,0,0,802.0,0.21290322580645338,1.0112219451371571
2018-07-03,826,27.6,18.5,1.3,0.0,15.0,0,0,0,0,0,802.0,1.012903225806454,1.0299251870324189
2018-07-31,830,24.4,19.5,1.9,0.0,14.3,0,0,0,0,0,802.0,-2.1870967741935488,1.0349127182044888
2018-07-24,798,26.9,18.2,0.4,0.0,14.3,0,0,0,0,0,802.0,0.31290322580645125,0.9950124688279302
2018-07-04,829,30.6,23.5,17.8,0.0,16.5,1,0,1,0,0,803.75,4.012903225806454,1.0314152410575428
2018-07-11,737,27.0,19.2,0.0,0.0,16.8,0,0,0,0,0,803.75,0.41290322580645267,0.9169517884914463
2018-07-18,840,22.7,17.5,0.0,0.0,16.3,0,0,0,0,0,803.75,-3.887096774193548,1.0451010886469674
2018-07-25,809,27.6,20.2,0.0,0.0,17.0,0,0,0,0,0,803.75,1.012903225806454,1.0065318818040436
2018-07-12,799,31.6,20.5,0.0,0.0,18.3,0,0,1,0,0,805.25,5.012903225806454,0.9922384352685502
2018-07-26,802,26.4,19.8,2.4,0.0,25.5,0,0,0,0,0,805.25,-0.18709677419354875,0.9959639863396461
2018-07-05,842,31.4,23.4,24.8,0.0,18.6,1,0,1,0,0,805.25,4.812903225806451,1.0456380006209252
2018-07-19,778,29.5,18.4,0.0,0.0,24.2,0,0,0,0,0,805.25,2.9129032258064527,0.9661595777708786
2018-07-13,819,32.6,21.3,0.0,0.0,18.9,0,0,1,0,0,834.0,6.012903225806454,0.9820143884892086
2018-07-20,824,25.2,19.9,20.4,0.0,31.7,1,0,0,0,0,834.0,-1.387096774193548,0.988009592326139
2018-07-06,893,24.4,16.9,0.6,0.0,28.2,0,0,0,0,0,834.0,-2.1870967741935488,1.0707434052757794
2018-07-27,800,24.5,16.1,1.5,0.0,20.1,0,0,0,0,0,834.0,-2.0870967741935473,0.9592326139088729
2018-07-14,788,24.8,22.5,17.8,0.0,17.1,1,0,0,0,0,806.75,-1.7870967741935466,0.9767585993182523
2018-07-28,808,24.3,16.3,0.1,0.0,17.0,0,0,0,0,0,806.75,-2.2870967741935466,1.0015494267121166
2018-07-21,800,21.6,19.5,8.1,0.0,38.9,0,0,0,0,0,806.75,-4.987096774193546,0.9916330957545708
2018-07-07,831,23.2,15.7,0.0,0.0,15.8,0,0,0,0,0,806.75,-3.387096774193548,1.0300588782150604
2018-08-12,843,25.9,20.2,0.0,0.0,16.2,0,0,0,0,0,822.0,-1.251612903225805,1.0255474452554745
2018-08-26,792,31.6,21.3,4.0,0.0,24.0,0,0,1,0,0,822.0,4.448387096774198,0.9635036496350365
2018-08-19,793,26.2,19.5,0.6,0.0,18.2,0,0,0,0,0,822.0,-0.9516129032258043,0.9647201946472019
2018-08-05,860,34.3,23.8,6.6,0.0,28.0,0,0,1,0,0,822.0,7.148387096774194,1.0462287104622872
2018-08-06,804,29.0,21.5,34.0,0.0,20.2,1,0,0,0,0,800.5,1.8483870967741964,1.004372267332917
2018-08-27,826,31.9,24.5,0.0,0.0,33.0,0,0,1,0,0,800.5,4.748387096774195,1.0318550905683948
2018-08-13,824,27.6,19.8,0.0,0.0,13.9,0,0,0,0,0,800.5,0.44838709677419786,1.0293566520924422
2018-08-20,748,24.3,21.0,17.9,0.0,30.0,1,0,0,0,0,800.5,-2.851612903225803,0.9344159900062461
2018-08-28,803,29.8,21.8,18.7,0.0,36.2,1,0,0,0,0,784.75,2.648387096774197,1.0232558139534884
2018-08-14,829,30.4,19.6,0.0,0.0,14.5,0,0,1,0,0,784.75,3.248387096774195,1.0563873845173621
2018-08-21,722,22.8,19.0,25.4,0.0,36.4,1,0,0,0,0,784.75,-4.351612903225803,0.920038228735266
2018-08-07,785,26.5,21.2,3.7,0.0,16.7,0,0,0,0,0,784.75,-0.6516129032258036,1.0003185727938835
2018-08-22,851,24.8,15.4,0.0,0.0,20.5,0,0,0,0,0,828.2,-2.351612903225803,1.0275295822265154
2018-08-08,792,24.6,20.6,3.1,0.0,15.0,0,0,0,0,0,828.2,-2.551612903225802,0.9562907510263221
2018-08-01,945,28.8,17.7,0.5,0.0,16.7,0,0,0,0,0,828.2,1.6483870967741971,1.1410287370200434
2018-08-29,752,23.9,19.1,18.1,0.0,24.1,1,0,0,0,0,828.2,-3.251612903225805,0.907993238348225
2018-08-15,801,26.5,20.6,17.5,0.0,15.3,1,0,0,0,0,828.2,-0.6516129032258036,0.967157691378894
2018-08-30,822,20.3,17.2,0.0,0.0,19.8,0,0,0,0,0,801.8,-6.851612903225803,1.0251933150411574
2018-08-23,728,25.1,13.9,0.0,0.0,17.8,0,0,0,0,0,801.8,-2.051612903225802,0.9079570965328012
2018-08-02,854,28.7,19.5,0.2,0.0,26.3,0,0,0,0,0,801.8,1.5483870967741957,1.0651035170865553
2018-08-09,769,30.2,19.2,3.6,0.0,22.0,0,0,1,0,0,801.8,3.0483870967741957,0.9590920429034673
2018-08-16,836,26.1,21.6,4.2,0.0,16.3,0,0,0,0,0,801.8,-1.0516129032258021,1.042654028436019
2018-08-03,892,26.2,16.6,0.0,0.0,18.1,0,0,0,0,0,836.6,-0.9516129032258043,1.0662204159694
2018-08-31,834,28.8,16.5,0.8,0.0,22.8,0,0,0,0,0,836.6,1.6483870967741971,0.9968921826440353
2018-08-10,858,25.6,20.8,0.5,0.0,22.1,0,0,0,0,0,836.6,-1.5516129032258021,1.025579727468324
2018-08-24,790,22.4,17.1,9.2,0.0,31.0,0,0,0,0,0,836.6,-4.751612903225805,0.9442983504661726
2018-08-17,809,25.4,21.1,10.9,0.0,15.5,1,0,0,0,0,836.6,-1.751612903225805,0.9670093234520679
2018-08-11,860,27.7,19.5,0.0,0.0,13.9,0,0,0,0,0,878.5,0.5483870967741957,0.9789413773477519
2018-08-04,905,34.5,20.7,0.0,0.0,24.8,0,0,1,0,0,878.5,7.348387096774196,1.0301650540694365
2018-08-18,912,24.3,20.9,1.5,0.0,23.1,0,0,0,0,0,878.5,-2.851612903225803,1.0381331815594763
2018-08-25,837,27.5,18.8,2.1,0.0,30.3,0,0,0,0,0,878.5,0.34838709677419644,0.9527603870233352
2018-09-30,743,19.2,12.6,6.7,0.0,20.5,0,0,0,0,0,759.4,-4.413333333333341,0.9784040031603898
2018-09-09,665,18.8,15.2,0.0,0.0,32.4,0,0,0,0,0,759.4,-4.81333333333334,0.8756913352646827
2018-09-23,738,19.8,11.4,0.0,0.0,20.0,0,0,0,0,0,759.4,-3.8133333333333397,0.9718198577824598
2018-09-16,819,26.5,19.4,0.0,0.0,17.5,0,0,0,0,0,759.4,2.8866666666666596,1.078483012904925
2018-09-02,832,30.2,22.1,6.8,0.0,27.7,0,0,1,0,0,759.4,6.586666666666659,1.0956017908875428
2018-09-03,778,29.5,21.6,11.2,0.0,22.1,1,0,0,0,0,769.0,5.88666666666666,1.011703511053316
2018-09-10,716,19.7,15.2,0.0,0.0,20.7,0,0,0,0,0,769.0,-3.913333333333341,0.9310793237971391
2018-09-17,786,30.0,20.1,0.1,0.0,14.4,0,0,1,0,0,769.0,6.38666666666666,1.0221066319895968
2018-09-24,796,23.7,15.0,2.8,0.0,22.7,0,0,0,0,0,769.0,0.0866666666666589,1.035110533159948
2018-09-25,751,27.6,18.3,2.3,0.0,28.2,0,0,0,0,0,750.25,3.986666666666661,1.0009996667777408
2018-09-11,692,24.3,12.8,0.0,0.0,20.3,0,0,0,0,0,750.25,0.6866666666666603,0.9223592135954681
2018-09-04,820,31.0,22.6,0.0,0.0,21.0,0,0,1,0,0,750.25,7.38666666666666,1.0929690103298901
2018-09-18,738,23.7,19.5,0.5,0.0,19.5,0,0,0,0,0,750.25,0.0866666666666589,0.9836721092969011
2018-09-12,714,24.0,15.7,0.0,0.0,20.2,0,0,0,0,0,736.5,0.3866666666666596,0.9694501018329938
2018-09-19,762,22.0,18.1,1.6,0.0,19.1,0,0,0,0,0,736.5,-1.6133333333333404,1.034623217922607
2018-09-05,717,30.4,21.1,2.6,0.0,24.6,0,0,1,0,0,736.5,6.786666666666658,0.9735234215885947
2018-09-26,753,19.2,11.1,0.0,0.0,25.6,0,0,0,0,0,736.5,-4.413333333333341,1.0224032586558045
2018-09-27,708,20.4,9.1,0.0,0.0,22.2,0,0,0,0,0,741.25,-3.213333333333342,0.9551433389544688
2018-09-13,687,23.1,14.6,0.0,0.0,14.6,0,0,0,0,0,741.25,-0.513333333333339,0.9268128161888701
2018-09-20,829,31.1,19.6,4.6,0.0,30.6,0,0,1,0,0,741.25,7.486666666666661,1.118381112984823
2018-09-06,741,21.5,18.2,14.4,0.0,28.5,1,0,0,0,0,741.25,-2.1133333333333404,0.9996627318718381
2018-09-14,870,25.4,16.8,0.0,0.0,17.8,0,0,0,0,0,804.75,1.7866666666666582,1.0810810810810811
2018-09-07,730,19.8,18.1,20.8,0.0,27.4,1,0,0,0,0,804.75,-3.8133333333333397,0.9071140105622865
2018-09-21,826,27.7,15.0,1.7,0.0,36.4,0,0,0,0,0,804.75,4.086666666666659,1.0264057160608884
2018-09-28,793,17.7,9.2,2.7,0.0,24.6,0,0,0,0,0,804.75,-5.913333333333341,0.985399192295744
2018-09-08,792,19.4,16.8,0.0,0.0,34.0,0,0,0,0,0,823.2,-4.213333333333342,0.9620991253644314
2018-09-15,809,24.1,18.0,0.0,0.0,16.1,0,0,0,0,0,823.2,0.48666666666666103,0.9827502429543246
2018-09-01,984,28.3,22.1,19.2,0.0,29.3,1,0,0,0,0,823.2,4.68666666666666,1.19533527696793
2018-09-29,732,14.2,6.1,2.0,0.0,19.4,0,0,0,0,0,823.2,-9.413333333333341,0.8892128279883381
2018-09-22,799,16.1,13.3,0.0,0.0,30.5,0,0,0,0,0,823.2,-7.513333333333339,0.9706025267249756
2018-10-28,717,11.2,6.2,6.8,0.0,42.1,0,0,0,0,0,695.25,-4.051612903225806,1.0312837108953614
2018-10-07,718,17.2,14.6,15.8,0.0,24.0,1,0,0,0,0,695.25,1.9483870967741943,1.0327220424307804
2018-10-14,702,14.5,4.5,3.7,0.0,17.9,0,0,0,0,0,695.25,-0.751612903225805,1.0097087378640777
2018-10-21,644,8.7,-1.1,0.0,0.0,23.2,0,0,0,0,0,695.25,-6.551612903225806,0.9262855088097807
2018-10-22,716,15.6,3.8,0.0,0.0,21.3,0,0,0,0,0,762.6,0.34838709677419466,0.9388932599003409
2018-10-08,743,27.2,18.0,4.7,0.0,26.2,0,0,0,0,0,762.6,11.948387096774194,0.9742984526619459
2018-10-29,724,11.2,5.1,0.0,0.0,18.8,0,0,0,0,0,762.6,-4.051612903225806,0.9493836873852609
2018-10-01,925,22.6,14.6,2.1,0.0,36.0,0,0,0,0,0,762.6,7.348387096774196,1.2129556779438762
2018-10-15,705,9.1,3.3,3.1,0.0,25.9,0,0,0,0,0,762.6,-6.151612903225805,0.9244689221085759
2018-10-23,736,10.1,5.2,0.0,0.0,21.9,0,0,0,0,0,726.8,-5.151612903225805,1.0126582278481013
2018-10-16,667,12.6,2.3,0.0,0.0,36.0,0,0,0,0,0,726.8,-2.6516129032258053,0.9177215189873418
2018-10-02,718,21.4,15.3,1.5,0.0,32.2,0,0,0,0,0,726.8,6.148387096774194,0.987892129884425
2018-10-09,746,27.5,21.4,10.2,0.0,25.5,1,0,0,0,0,726.8,12.248387096774195,1.0264171711612549
2018-10-30,767,18.7,6.8,5.8,0.0,25.5,0,0,0,0,0,726.8,3.4483870967741943,1.0553109521188773
2018-10-10,724,22.9,12.7,15.6,0.0,36.8,1,0,0,0,0,756.4,7.648387096774194,0.9571655208884189
2018-10-24,806,8.3,4.1,0.1,0.0,12.7,0,0,0,0,0,756.4,-6.951612903225804,1.0655737704918034
2018-10-03,676,28.9,15.7,0.4,0.0,39.7,0,0,0,0,0,756.4,13.648387096774194,0.893707033315706
2018-10-31,886,12.5,8.8,7.6,0.0,22.1,0,0,0,0,0,756.4,-2.751612903225805,1.1713379164463247
2018-10-17,690,9.8,3.7,0.0,0.0,27.3,0,0,0,0,0,756.4,-5.451612903225804,0.9122157588577473
2018-10-25,721,9.3,3.7,0.0,0.0,14.4,0,0,0,0,0,705.75,-5.951612903225804,1.0216082182075805
2018-10-04,698,25.2,10.8,2.2,0.0,35.9,0,0,0,0,0,705.75,9.948387096774194,0.9890187743535246
2018-10-11,679,11.7,5.4,0.0,0.0,35.2,0,0,0,0,0,705.75,-3.5516129032258057,0.9620970598653914
2018-10-18,725,12.7,1.8,0.0,0.0,18.5,0,0,0,0,0,705.75,-2.5516129032258057,1.0272759475735034
2018-10-05,655,20.9,12.4,24.2,0.0,24.9,1,0,0,0,0,739.5,5.648387096774194,0.8857336037863421
2018-10-12,708,5.7,3.3,1.8,0.0,21.0,0,0,0,0,0,739.5,-9.551612903225806,0.9574036511156186
2018-10-19,766,12.2,6.7,2.6,0.0,33.4,0,0,0,0,0,739.5,-3.0516129032258057,1.0358350236646383
2018-10-26,829,9.5,7.2,0.1,0.0,16.1,0,0,0,0,0,739.5,-5.751612903225805,1.121027721433401
2018-10-20,806,11.4,1.8,0.6,0.0,52.0,0,0,0,0,1,766.0,-3.8516129032258046,1.052219321148825
2018-10-27,788,11.0,6.3,0.5,0.0,15.3,0,0,0,0,0,766.0,-4.251612903225805,1.0287206266318538
2018-10-13,744,10.8,1.1,0.0,0.0,21.7,0,0,0,0,0,766.0,-4.451612903225804,0.9712793733681462
2018-10-06,726,22.4,14.6,21.2,0.0,28.1,1,0,0,0,0,766.0,7.148387096774194,0.9477806788511749
2018-11-11,648,4.9,-2.9,0.0,0.0,23.5,0,0,0,0,0,634.25,0.8999999999999995,1.0216791486007095
2018-11-25,574,4.0,1.5,22.2,6.37,49.3,1,1,0,0,1,634.25,-8.881784197001252e-16,0.9050059124950729
2018-11-18,630,2.3,-3.9,1.6,0.63,18.1,0,0,0,0,0,634.25,-1.700000000000001,0.9932991722506898
2018-11-04,685,11.2,7.9,13.8,0.0,36.5,1,0,0,0,0,634.25,7.199999999999998,1.0800157666535277
2018-11-05,706,10.4,6.3,3.7,0.0,25.7,0,0,0,0,0,648.5,6.3999999999999995,1.0886661526599846
2018-11-26,562,2.1,-4.7,22.3,13.65,55.8,1,1,0,0,1,648.5,-1.9000000000000008,0.866615265998458
2018-11-12,687,1.7,-2.3,0.7,0.49,23.3,0,0,0,0,0,648.5,-2.3000000000000007,1.0593677717810333
2018-11-19,639,2.2,-5.6,0.7,0.49,18.1,0,0,0,0,0,648.5,-1.8000000000000007,0.9853508095605242
2018-11-13,611,-2.0,-6.3,0.0,0.0,24.6,0,0,0,0,0,678.25,-6.000000000000001,0.900847769996314
2018-11-20,701,1.1,-2.1,0.6,0.42,26.0,0,0,0,0,0,678.25,-2.900000000000001,1.0335422042019904
2018-11-06,764,9.7,4.8,4.7,0.0,43.7,0,0,0,0,0,678.25,5.699999999999998,1.1264283081459638
2018-11-27,637,-5.0,-8.3,0.0,0.0,20.6,0,0,0,1,0,678.25,-9.0,0.9391817176557317
2018-11-21,741,1.8,-2.0,0.0,0.0,25.2,0,0,0,0,0,695.0,-2.200000000000001,1.0661870503597122
2018-11-28,715,-3.2,-13.3,0.7,0.49,16.4,0,0,0,0,0,695.0,-7.200000000000001,1.0287769784172662
2018-11-07,685,6.7,0.9,0.0,0.0,29.6,0,0,0,0,0,695.0,2.6999999999999993,0.9856115107913669
2018-11-14,639,0.3,-6.3,0.0,0.0,16.1,0,0,0,0,0,695.0,-3.700000000000001,0.9194244604316547
2018-11-01,940,10.4,7.1,0.7,0.0,26.5,0,0,0,0,0,705.2,6.3999999999999995,1.3329551900170165
2018-11-29,676,1.3,-3.1,0.8,0.56,18.2,0,0,0,0,0,705.2,-2.700000000000001,0.9585933068633011
2018-11-22,542,3.9,-0.6,0.0,0.0,25.5,0,0,0,0,0,705.2,-0.10000000000000098,0.7685762904140668
2018-11-15,692,1.8,-1.9,4.9,3.43,21.3,0,1,0,0,0,705.2,-2.200000000000001,0.9812819058423142
2018-11-08,676,4.2,-1.4,0.0,0.0,15.9,0,0,0,0,0,705.2,0.1999999999999993,0.9585933068633011
2018-11-30,751,3.8,-3.7,0.5,0.0,18.0,0,0,0,0,0,748.0,-0.20000000000000107,1.0040106951871657
2018-11-09,719,3.9,-6.0,4.4,2.38,34.7,0,1,0,0,0,748.0,-0.10000000000000098,0.9612299465240641
2018-11-02,786,7.4,5.0,0.8,0.0,23.8,0,0,0,0,0,748.0,3.3999999999999995,1.0508021390374331
2018-11-16,733,5.5,-2.4,0.1,0.07,29.0,0,0,0,0,0,748.0,1.4999999999999991,0.9799465240641712
2018-11-23,751,10.2,0.9,2.0,0.0,31.3,0,0,0,0,0,748.0,6.199999999999998,1.0040106951871657
2018-11-17,671,2.7,-1.4,5.2,2.38,22.9,0,1,0,0,0,700.75,-1.3000000000000007,0.9575454869782376
2018-11-24,697,8.5,2.6,4.4,0.0,31.6,0,0,0,0,0,700.75,4.499999999999999,0.9946485907955762
2018-11-03,784,8.4,2.7,2.6,0.0,26.8,0,0,0,0,0,700.75,4.3999999999999995,1.1188012843382091
2018-11-10,651,-0.2,-6.9,0.0,0.0,34.4,0,0,0,0,0,700.75,-4.200000000000001,0.9290046378879772
2018-12-30,671,3.2,-7.0,0.0,0.0,27.1,0,0,0,0,0,692.2,-0.8838709677419363,0.9693730135798901
2018-12-16,751,8.9,-4.0,0.0,0.0,18.0,0,0,0,0,0,692.2,4.816129032258064,1.0849465472406818
2018-12-09,691,-0.2,-8.0,0.0,0.0,12.5,0,0,0,0,0,692.2,-4.283870967741937,0.998266396995088
2018-12-23,637,3.7,-3.0,0.0,0.0,28.1,0,0,0,0,0,692.2,-0.3838709677419363,0.9202542617740537
2018-12-02,711,8.9,1.6,6.4,0.0,26.5,0,0,0,0,0,692.2,4.816129032258064,1.0271597804102859
2018-12-03,771,1.5,-1.4,2.4,1.61,36.3,0,0,0,0,0,691.8,-2.5838709677419365,1.1144839549002603
2018-12-31,648,3.6,-1.5,24.8,1.12,29.9,1,0,0,0,0,691.8,-0.4838709677419364,0.9366869037294017
2018-12-24,610,0.4,-4.6,0.0,0.0,24.8,0,0,0,0,0,691.8,-3.6838709677419366,0.8817577334489738
2018-12-10,718,2.3,-8.6,0.0,0.0,23.3,0,0,0,0,0,691.8,-1.7838709677419367,1.037872217403874
2018-12-17,712,2.5,-2.9,0.0,0.0,20.7,0,0,0,0,0,691.8,-1.5838709677419365,1.0291991905174906
2018-12-18,717,5.6,-3.3,0.0,0.0,22.7,0,0,0,0,0,640.75,1.5161290322580632,1.1190011705033165
2018-12-11,673,4.1,-4.0,0.0,0.0,22.0,0,0,0,0,0,640.75,0.01612903225806317,1.0503316426063207
2018-12-25,449,7.3,-2.7,0.0,0.0,14.8,0,0,0,0,0,640.75,3.2161290322580633,0.7007413187670698
2018-12-04,724,-0.2,-2.3,2.1,1.54,22.2,0,0,0,0,0,640.75,-4.283870967741937,1.129925868123293
2018-12-12,760,5.4,-0.8,0.4,0.21,31.0,0,0,0,0,0,711.0,1.3161290322580639,1.0689170182841068
2018-12-26,631,5.6,-4.0,0.0,0.0,22.7,0,0,0,0,0,711.0,1.5161290322580632,0.8874824191279888
2018-12-05,712,0.7,-4.1,0.0,0.0,22.4,0,0,0,0,0,711.0,-3.3838709677419363,1.0014064697609002
2018-12-19,741,9.2,-0.6,0.0,0.0,25.0,0,0,0,0,0,711.0,5.116129032258063,1.0421940928270041
2018-12-13,713,6.2,-4.0,4.9,0.0,15.5,0,0,0,0,0,712.0,2.1161290322580637,1.0014044943820224
2018-12-27,628,10.4,3.1,12.4,0.0,39.8,1,0,0,0,0,712.0,6.316129032258064,0.8820224719101124
2018-12-20,788,9.2,3.5,2.1,0.0,24.9,0,0,0,0,0,712.0,5.116129032258063,1.1067415730337078
2018-12-06,719,-0.8,-6.0,0.2,0.14,24.9,0,0,0,0,0,712.0,-4.883870967741936,1.0098314606741574
2018-12-28,725,10.5,-1.5,0.7,0.35,35.9,0,0,0,0,0,767.5,6.4161290322580635,0.9446254071661238
2018-12-14,794,4.8,1.3,6.0,0.0,20.2,0,0,0,0,0,767.5,0.7161290322580633,1.0345276872964169
2018-12-21,803,3.5,-1.1,2.3,0.56,31.8,0,0,0,0,0,767.5,-0.5838709677419365,1.0462540716612378
2018-12-07,748,-2.6,-9.0,0.0,0.0,20.8,0,0,0,0,0,767.5,-6.683870967741937,0.9745928338762215
2018-12-29,697,0.0,-3.2,2.3,1.68,24.2,0,0,0,0,0,752.4,-4.0838709677419365,0.9263689526847422
2018-12-15,745,5.0,1.1,0.0,0.0,21.4,0,0,0,0,0,752.4,0.9161290322580635,0.9901648059542797
2018-12-08,739,-1.8,-7.6,0.0,0.0,14.4,0,0,0,0,0,752.4,-5.883870967741936,0.9821903242955875
2018-12-01,820,6.8,2.7,19.6,0.0,36.8,1,0,0,0,0,752.4,2.7161290322580633,1.089845826687932
2018-12-22,761,2.9,-1.9,0.0,0.0,16.1,0,0,0,0,0,752.4,-1.1838709677419366,1.011430090377459
2019-01-20,493,-5.9,-13.8,0.9,0.63,34.7,0,0,0,1,0,563.5,-3.47741935483871,0.8748890860692103
2019-01-27,524,-12.5,-19.3,0.0,0.0,21.2,0,0,0,1,0,563.5,-10.07741935483871,0.929902395740905
2019-01-13,573,-1.1,-2.5,1.1,0.77,28.9,0,0,0,0,0,563.5,1.3225806451612905,1.0168589174800355
2019-01-06,664,3.3,1.6,0.0,0.0,30.9,0,0,0,0,0,563.5,5.72258064516129,1.178349600709849
2019-01-28,522,1.0,-12.3,10.8,7.49,31.5,1,1,0,0,0,597.75,3.4225806451612906,0.8732747804265998
2019-01-07,676,11.6,3.5,11.4,0.0,37.5,1,0,0,0,0,597.75,14.022580645161291,1.1309075700543705
2019-01-21,557,-12.2,-14.0,0.7,0.56,27.4,0,0,0,1,0,597.75,-9.77741935483871,0.931827687160184
2019-01-14,636,-1.2,-5.3,0.0,0.0,18.4,0,0,0,0,0,597.75,1.2225806451612906,1.0639899623588456
2019-01-01,1095,1.3,-2.7,0.9,0.63,23.8,0,0,0,0,0,722.8,3.7225806451612904,1.5149418926397344
2019-01-29,494,-13.4,-21.8,0.1,0.07,35.3,0,0,0,1,0,722.8,-10.977419354838709,0.683453237410072
2019-01-15,698,-1.3,-4.4,0.0,0.0,25.4,0,0,0,0,0,722.8,1.1225806451612905,0.9656889872717211
2019-01-08,701,7.0,-2.5,0.2,0.0,37.3,0,0,0,0,0,722.8,9.42258064516129,0.9698395130049807
2019-01-22,626,1.3,-12.6,3.3,1.33,29.6,0,0,0,0,0,722.8,3.7225806451612904,0.866076369673492
2019-01-16,702,0.5,-1.9,0.0,0.0,21.7,0,0,0,0,0,598.2,2.9225806451612906,1.173520561685055
2019-01-30,341,-22.5,-30.8,0.0,0.0,34.4,0,0,0,1,0,598.2,-20.07741935483871,0.5700434637245068
2019-01-23,662,1.5,-7.5,11.6,1.26,23.6,1,0,0,0,0,598.2,3.9225806451612906,1.1066532932129722
2019-01-02,655,0.0,-3.0,0.1,0.14,24.7,0,0,0,0,0,598.2,2.4225806451612906,1.0949515212303575
2019-01-09,631,-4.0,-7.4,0.0,0.0,33.4,0,0,0,0,0,598.2,-1.5774193548387094,1.0548311601471079
2019-01-10,686,-3.7,-8.7,0.0,0.0,21.9,0,0,0,0,0,631.8,-1.2774193548387096,1.085786641342197
2019-01-17,653,1.9,-2.0,0.4,0.28,14.4,0,0,0,0,0,631.8,4.32258064516129,1.0335549224438114
2019-01-31,459,-17.5,-32.5,1.5,1.05,24.8,0,0,0,1,0,631.8,-15.07741935483871,0.7264957264957266
2019-01-03,752,4.4,-5.0,0.0,0.0,26.2,0,0,0,0,0,631.8,6.822580645161291,1.190250079138968
2019-01-24,609,-5.5,-14.1,0.1,0.0,30.2,0,0,0,1,0,631.8,-3.0774193548387094,0.9639126305792973
2019-01-25,586,-14.2,-22.4,1.0,0.7,27.8,0,0,0,1,0,701.75,-11.77741935483871,0.8350552190951194
2019-01-18,668,-0.8,-2.0,1.5,1.05,25.5,0,0,0,0,0,701.75,1.6225806451612905,0.9519059494121839
2019-01-11,784,0.8,-4.9,0.0,0.0,17.7,0,0,0,0,0,701.75,3.2225806451612904,1.1172069825436408
2019-01-04,769,8.4,-1.0,0.0,0.0,24.5,0,0,0,0,0,701.75,10.822580645161292,1.095831848949056
2019-01-26,532,-10.4,-24.1,1.7,1.19,18.5,0,0,0,1,0,630.5,-7.97741935483871,0.8437747819191118
2019-01-19,523,-1.5,-4.9,10.2,7.21,42.8,1,1,0,0,0,630.5,0.9225806451612906,0.8295003965107058
2019-01-12,674,-0.7,-2.5,8.6,6.02,29.8,0,1,0,0,0,630.5,1.7225806451612906,1.0689928628072958
2019-01-05,793,10.3,-0.9,0.0,0.0,22.9,0,0,0,0,0,630.5,12.72258064516129,1.2577319587628866
2019-02-17,618,-2.0,-4.8,6.2,4.41,26.7,0,1,0,0,0,599.75,-3.182142857142857,1.0304293455606504
2019-02-24,547,9.9,-10.0,2.7,0.07,55.7,0,0,0,0,1,599.75,8.717857142857143,0.9120466861192164
2019-02-10,638,-1.6,-5.8,2.4,1.68,22.0,0,0,0,0,0,599.75,-2.782142857142857,1.0637765735723217
2019-02-03,596,8.2,3.8,0.3,0.0,26.1,0,0,0,0,0,599.75,7.017857142857142,0.9937473947478116
2019-02-18,590,-2.4,-6.2,1.4,0.98,23.7,0,0,0,0,0,637.5,-3.582142857142857,0.9254901960784314
2019-02-04,736,11.8,0.1,4.8,0.0,25.7,0,0,0,0,0,637.5,10.617857142857144,1.1545098039215687
2019-02-25,598,-3.9,-14.1,0.0,0.0,40.3,0,0,0,0,0,637.5,-5.082142857142857,0.9380392156862745
2019-02-11,626,0.3,-2.4,2.8,1.82,30.7,0,0,0,0,0,637.5,-0.8821428571428569,0.9819607843137255
2019-02-26,610,-4.2,-7.5,0.1,0.07,23.8,0,0,0,0,0,636.0,-5.382142857142857,0.9591194968553459
2019-02-12,665,1.3,-3.7,12.8,4.06,36.1,1,1,0,0,0,636.0,0.1178571428571431,1.0455974842767295
2019-02-05,655,0.5,-6.0,7.9,0.0,26.6,0,0,0,0,0,636.0,-0.6821428571428569,1.029874213836478
2019-02-19,614,-1.3,-12.0,0.0,0.0,18.8,0,0,0,0,0,636.0,-2.4821428571428568,0.9654088050314465
2019-02-20,635,3.4,-2.2,4.9,2.59,36.8,0,1,0,0,0,641.0,2.217857142857143,0.9906396255850234
2019-02-27,649,1.5,-6.8,1.1,0.77,22.2,0,0,0,0,0,641.0,0.31785714285714306,1.0124804992199687
2019-02-06,637,2.7,0.3,9.1,0.0,21.3,0,0,0,0,0,641.0,1.5178571428571432,0.9937597503900156
2019-02-13,643,0.3,-8.8,0.5,0.42,39.0,0,0,0,0,0,641.0,-0.8821428571428569,1.0031201248049921
2019-02-14,742,9.9,-3.8,0.0,0.0,25.0,0,0,0,0,0,675.75,8.717857142857143,1.0980392156862746
2019-02-07,670,10.4,-9.9,8.8,0.0,45.2,0,0,0,0,1,675.75,9.217857142857143,0.9914909359970403
2019-02-21,696,1.8,-4.3,0.0,0.0,30.1,0,0,0,0,0,675.75,0.6178571428571431,1.029966703662597
2019-02-28,595,-3.5,-9.5,0.0,0.0,17.9,0,0,0,0,0,675.75,-4.682142857142857,0.8805031446540881
2019-02-15,742,2.1,-10.6,0.0,0.0,31.7,0,0,0,0,0,718.0,0.9178571428571431,1.033426183844011
2019-02-01,775,-9.6,-17.0,0.6,0.35,18.4,0,0,0,1,0,718.0,-10.782142857142857,1.0793871866295264
2019-02-22,712,1.2,-5.1,0.0,0.0,18.8,0,0,0,0,0,718.0,0.017857142857143016,0.9916434540389972
2019-02-08,643,-8.3,-14.4,0.0,0.0,43.6,0,0,0,1,0,718.0,-9.482142857142858,0.8955431754874652
2019-02-23,648,7.5,-0.1,8.4,0.0,29.3,0,0,0,0,0,701.0,6.317857142857143,0.9243937232524965
2019-02-09,757,-5.4,-14.9,0.0,0.0,19.4,0,0,0,1,0,701.0,-6.582142857142857,1.079885877318117
2019-02-02,722,3.9,-11.2,0.0,0.0,25.3,0,0,0,0,0,701.0,2.717857142857143,1.029957203994294
2019-02-16,677,-1.4,-9.0,0.0,0.0,24.7,0,0,0,0,0,701.0,-2.582142857142857,0.9657631954350927
2019-03-17,612,6.1,-3.1,0.6,0.42,14.5,0,0,0,0,0,612.2,0.7096774193548372,0.9996733093760208
2019-03-24,648,8.2,1.4,6.1,0.0,25.4,0,0,0,0,0,612.2,2.809677419354837,1.0584776216922573
2019-03-31,637,3.1,-5.0,0.1,0.07,32.9,0,0,0,0,0,612.2,-2.2903225806451624,1.0405096373734073
2019-03-03,552,-2.8,-11.7,0.4,0.35,24.6,0,0,0,0,0,612.2,-8.190322580645162,0.9016661221822933
2019-03-10,612,7.2,-2.2,0.2,0.0,42.3,0,0,0,0,0,612.2,1.8096774193548377,0.9996733093760208
2019-03-25,639,2.4,-0.7,0.0,0.0,33.9,0,0,0,0,0,633.5,-2.9903225806451625,1.0086819258089976
2019-03-04,544,-8.0,-18.7,0.0,0.0,31.3,0,0,0,1,0,633.5,-13.390322580645162,0.8587213891081295
2019-03-11,700,6.2,-4.7,0.0,0.0,22.0,0,0,0,0,0,633.5,0.8096774193548377,1.1049723756906078
2019-03-18,651,5.3,-3.0,0.0,0.0,14.8,0,0,0,0,0,633.5,-0.09032258064516263,1.0276243093922652
2019-03-19,644,10.0,-2.5,0.0,0.0,18.6,0,0,0,0,0,621.5,4.6096774193548375,1.0362027353177796
2019-03-26,672,4.5,-2.2,0.0,0.0,17.2,0,0,0,0,0,621.5,-0.8903225806451625,1.081255028157683
2019-03-05,542,-4.6,-13.0,0.0,0.0,30.9,0,0,0,0,0,621.5,-9.990322580645163,0.8720836685438456
2019-03-12,628,10.6,-5.4,0.0,0.0,26.8,0,0,0,0,0,621.5,5.209677419354837,1.010458567980692
2019-03-06,629,0.9,-12.9,0.0,0.0,28.9,0,0,0,0,0,677.0,-4.490322580645162,0.9290989660265879
2019-03-27,698,13.1,-2.2,1.0,0.0,27.4,0,0,0,0,0,677.0,7.709677419354837,1.0310192023633677
2019-03-20,693,7.8,2.8,7.3,0.14,25.6,0,0,0,0,0,677.0,2.4096774193548374,1.0236336779911375
2019-03-13,688,15.6,4.0,3.4,0.0,28.8,0,0,0,0,0,677.0,10.209677419354836,1.016248153618907
2019-03-07,610,-3.5,-9.1,0.0,0.0,20.8,0,0,0,0,0,664.75,-8.890322580645162,0.9176382098533283
2019-03-28,683,18.7,4.0,2.8,0.0,29.3,0,0,0,0,0,664.75,13.309677419354838,1.0274539300488905
2019-03-14,676,15.6,4.5,13.0,0.0,42.9,1,0,0,0,0,664.75,10.209677419354836,1.01692365550959
2019-03-21,690,7.7,1.2,1.1,0.0,25.3,0,0,0,0,0,664.75,2.3096774193548377,1.037984204588191
2019-03-08,718,1.8,-6.1,0.2,0.21,14.1,0,0,0,0,0,719.2,-3.5903225806451626,0.9983314794215795
2019-03-15,735,4.4,0.6,1.8,0.14,34.8,0,0,0,0,0,719.2,-0.9903225806451621,1.021968854282536
2019-03-22,709,5.3,-2.0,0.0,0.0,30.6,0,0,0,0,0,719.2,-0.09032258064516263,0.9858175750834259
2019-03-01,759,-0.1,-5.6,0.0,0.0,13.5,0,0,0,0,0,719.2,-5.490322580645162,1.0553392658509455
2019-03-29,675,7.7,2.8,8.1,0.0,16.9,0,0,0,0,0,719.2,2.3096774193548377,0.9385428253615127
2019-03-02,665,-0.2,-2.4,0.3,0.21,22.3,0,0,0,0,0,680.6,-5.590322580645163,0.9770790478989126
2019-03-23,690,7.9,-3.8,0.0,0.0,15.1,0,0,0,0,0,680.6,2.509677419354838,1.0138113429327065
2019-03-16,766,5.2,-3.5,0.0,0.0,24.6,0,0,0,0,0,680.6,-0.19032258064516228,1.1254775198354392
2019-03-09,619,5.5,-2.1,26.7,0.0,48.8,1,0,0,0,1,680.6,0.10967741935483755,0.9094916250367323
2019-03-30,663,5.5,-0.6,10.9,0.28,39.7,1,0,0,0,0,680.6,0.10967741935483755,0.9741404642962092
2019-04-21,646,21.2,2.2,0.0,0.0,21.1,0,0,0,0,0,623.0,7.93333333333333,1.0369181380417336
2019-04-07,703,18.8,9.2,1.9,0.0,26.0,0,0,0,0,0,623.0,5.533333333333331,1.1284109149277688
2019-04-14,537,3.8,0.7,19.3,12.18,44.2,1,1,0,0,0,623.0,-9.466666666666669,0.8619582664526485
2019-04-28,606,5.3,2.2,0.1,0.0,33.0,0,0,0,0,0,623.0,-7.9666666666666694,0.9727126805778491
2019-04-15,724,10.5,-1.3,0.2,0.07,25.1,0,0,0,0,0,744.2,-2.7666666666666693,0.97285675893577
2019-04-01,798,9.3,-4.1,0.0,0.0,32.8,0,0,0,0,0,744.2,-3.9666666666666686,1.0722923945176028
2019-04-22,736,23.1,10.2,0.2,0.0,31.0,0,0,0,0,0,744.2,9.833333333333332,0.9889814565976888
2019-04-08,745,17.2,10.0,0.0,0.0,24.8,0,0,0,0,0,744.2,3.93333333333333,1.0010749798441279
2019-04-29,718,12.1,6.0,15.8,0.0,32.3,1,0,0,0,0,744.2,-1.1666666666666696,0.9647944101048105
2019-04-23,743,17.0,7.3,0.2,0.0,28.8,0,0,0,0,0,706.2,3.7333333333333307,1.0521098838855847
2019-04-30,729,9.1,4.8,15.5,0.0,27.9,1,0,0,0,0,706.2,-4.16666666666667,1.032285471537808
2019-04-09,694,17.4,4.9,0.0,0.0,30.3,0,0,0,0,0,706.2,4.133333333333329,0.9827244406683658
2019-04-16,708,22.8,6.1,0.0,0.0,24.2,0,0,0,0,0,706.2,9.533333333333331,1.0025488530161426
2019-04-02,657,12.4,1.8,0.0,0.0,34.0,0,0,0,0,0,706.2,-0.8666666666666689,0.9303313508920985
2019-04-17,692,20.4,5.7,1.4,0.0,34.1,0,0,0,0,0,683.0,7.133333333333329,1.0131771595900438
2019-04-10,659,4.5,1.9,3.1,0.0,35.2,0,0,0,0,0,683.0,-8.76666666666667,0.9648609077598829
2019-04-03,679,14.1,1.4,1.2,0.0,26.9,0,0,0,0,0,683.0,0.8333333333333304,0.9941434846266471
2019-04-24,702,14.1,4.3,0.2,0.0,13.5,0,0,0,0,0,683.0,0.8333333333333304,1.027818448023426
2019-04-11,747,14.6,2.7,4.0,0.0,37.6,0,0,0,0,0,701.25,1.3333333333333304,1.06524064171123
2019-04-04,663,7.1,3.8,12.2,0.0,25.6,1,0,0,0,0,701.25,-6.16666666666667,0.9454545454545454
2019-04-25,767,14.4,7.6,0.1,0.0,29.5,0,0,0,0,0,701.25,1.133333333333331,1.0937611408199643
2019-04-18,628,17.9,5.5,9.7,0.0,30.2,0,0,0,0,0,701.25,4.633333333333329,0.8955436720142602
2019-04-19,650,6.3,4.1,0.8,0.0,43.7,0,0,0,0,0,724.75,-6.9666666666666694,0.8968609865470852
2019-04-05,706,10.0,3.5,0.8,0.0,19.2,0,0,0,0,0,724.75,-3.2666666666666693,0.9741290100034494
2019-04-26,762,16.6,8.9,2.4,0.0,36.5,0,0,0,0,0,724.75,3.333333333333332,1.0513970334598137
2019-04-12,781,14.0,4.6,7.3,0.0,45.0,0,0,0,0,1,724.75,0.7333333333333307,1.0776129699896515
2019-04-20,730,12.2,3.8,0.0,0.0,36.4,0,0,0,0,0,714.0,-1.06666666666667,1.022408963585434
2019-04-06,743,12.8,3.9,0.0,0.0,18.5,0,0,0,0,0,714.0,-0.46666666666666856,1.0406162464985995
2019-04-13,754,10.8,1.7,0.0,0.0,24.6,0,0,0,0,0,714.0,-2.4666666666666686,1.0560224089635855
2019-04-27,629,8.2,0.9,20.3,13.23,40.6,1,1,0,0,0,714.0,-5.06666666666667,0.8809523809523809
2019-05-05,779,21.5,5.0,0.0,0.0,18.6,0,0,0,0,0,753.25,3.338709677419363,1.034185197477597
2019-05-12,632,9.0,5.4,4.7,0.0,23.1,0,0,0,0,0,753.25,-9.161290322580637,0.8390308662462662
2019-05-26,827,20.4,10.4,9.0,0.0,19.2,0,0,0,0,0,753.25,2.2387096774193616,1.0979090607368072
2019-05-19,775,23.6,15.2,9.4,0.0,34.5,0,0,0,0,0,753.25,5.438709677419364,1.0288748755393295
2019-05-06,792,17.9,6.6,0.4,0.0,24.9,0,0,0,0,0,784.75,-0.26129032258063845,1.0092386110226186
2019-05-13,791,11.6,5.7,0.0,0.0,19.0,0,0,0,0,0,784.75,-6.561290322580637,1.0079643198470851
2019-05-27,747,22.3,10.3,13.0,0.0,27.0,1,0,0,0,0,784.75,4.138709677419364,0.9518955081236062
2019-05-20,809,13.8,7.6,0.0,0.0,25.9,0,0,0,0,0,784.75,-4.361290322580636,1.03090156100669
2019-05-28,747,20.2,8.0,9.3,0.0,25.7,0,0,0,0,0,724.0,2.0387096774193623,1.031767955801105
2019-05-07,700,8.4,5.8,13.3,0.0,30.0,1,0,0,0,0,724.0,-9.761290322580637,0.9668508287292817
2019-05-14,720,16.9,3.4,0.0,0.0,16.6,0,0,0,0,0,724.0,-1.2612903225806384,0.994475138121547
2019-05-21,729,11.5,7.6,8.9,0.0,35.3,0,0,0,0,0,724.0,-6.661290322580637,1.0069060773480663
2019-05-08,759,17.2,6.3,2.3,0.0,32.8,0,0,0,0,0,771.8,-0.9612903225806377,0.9834153925887537
2019-05-29,738,18.1,8.0,15.8,0.0,20.2,1,0,0,0,0,771.8,-0.0612903225806356,0.9562062710546775
2019-05-22,773,26.8,10.7,20.0,0.0,34.2,1,0,0,0,0,771.8,8.638709677419364,1.0015548069448044
2019-05-01,824,18.9,5.7,38.7,0.0,27.0,1,0,0,0,0,771.8,0.7387096774193616,1.0676341020989895
2019-05-15,765,18.4,7.4,0.0,0.0,14.1,0,0,0,0,0,771.8,0.23870967741936155,0.9911894273127754
2019-05-02,700,7.4,5.3,11.9,0.0,25.2,1,0,0,0,0,739.2,-10.761290322580637,0.9469696969696969
2019-05-09,737,20.1,9.4,18.2,0.0,30.6,1,0,0,0,0,739.2,1.9387096774193644,0.9970238095238094
2019-05-16,740,27.2,12.3,28.0,0.0,37.1,1,0,0,0,0,739.2,9.038709677419362,1.001082251082251
2019-05-23,772,23.4,13.8,4.2,0.0,36.7,0,0,0,0,0,739.2,5.2387096774193616,1.0443722943722944
2019-05-30,747,21.4,14.3,12.9,0.0,18.5,1,0,0,0,0,739.2,3.2387096774193616,1.010551948051948
2019-05-03,792,9.2,5.3,0.5,0.0,23.6,0,0,0,0,0,808.6,-8.961290322580638,0.9794706900816226
2019-05-31,831,27.4,14.2,0.0,0.0,22.9,0,0,0,0,0,808.6,9.238709677419362,1.0277022013356418
2019-05-10,798,10.4,5.7,0.0,0.0,18.5,0,0,0,0,0,808.6,-7.761290322580637,0.9868909225822409
2019-05-17,775,17.4,6.3,2.2,0.0,28.1,0,0,0,0,0,808.6,-0.7612903225806384,0.9584466979965371
2019-05-24,847,25.4,11.2,16.3,0.0,24.8,1,0,0,0,0,808.6,7.2387096774193616,1.0474894880039574
2019-05-18,758,27.9,6.0,0.0,0.0,31.7,0,0,0,0,0,757.5,9.738709677419362,1.0006600660066007
2019-05-25,876,27.2,20.7,2.2,0.0,30.4,0,0,0,0,0,757.5,9.038709677419362,1.1564356435643564
2019-05-11,696,9.7,5.5,3.8,0.0,19.4,0,0,0,0,0,757.5,-8.461290322580638,0.9188118811881189
2019-05-04,700,12.4,4.6,0.0,0.0,13.5,0,0,0,0,0,757.5,-5.761290322580637,0.9240924092409241
2019-06-16,722,16.8,10.9,17.6,0.0,26.4,1,0,0,0,0,776.0,-5.2166666666666615,0.9304123711340206
2019-06-09,806,20.4,14.4,4.2,0.0,19.2,0,0,0,0,0,776.0,-1.6166666666666636,1.038659793814433
2019-06-23,810,24.5,17.4,13.5,0.0,27.7,1,0,0,0,0,776.0,2.483333333333338,1.0438144329896908
2019-06-30,806,27.1,20.5,4.6,0.0,19.9,0,0,0,0,0,776.0,5.083333333333339,1.038659793814433
2019-06-02,736,15.9,9.9,0.0,0.0,21.1,0,0,0,0,0,776.0,-6.116666666666662,0.9484536082474226
2019-06-10,799,20.7,14.7,0.9,0.0,26.0,0,0,0,0,0,767.0,-1.3166666666666629,1.0417209908735332
2019-06-24,810,23.8,18.7,5.8,0.0,29.2,0,0,0,0,0,767.0,1.7833333333333385,1.0560625814863103
2019-06-17,753,16.1,11.6,0.2,0.0,17.8,0,0,0,0,0,767.0,-5.916666666666661,0.9817470664928292
2019-06-03,706,15.1,8.6,0.0,0.0,18.6,0,0,0,0,0,767.0,-6.9166666666666625,0.9204693611473272
2019-06-18,716,21.4,12.6,0.1,0.0,14.4,0,0,0,0,0,762.5,-0.6166666666666636,0.939016393442623
2019-06-04,772,26.2,13.3,7.9,0.0,31.6,0,0,0,0,0,762.5,4.183333333333337,1.0124590163934426
2019-06-11,778,25.1,12.7,0.0,0.0,20.5,0,0,0,0,0,762.5,3.0833333333333393,1.020327868852459
2019-06-25,784,28.4,16.2,0.8,0.0,29.6,0,0,0,0,0,762.5,6.383333333333336,1.0281967213114753
2019-06-26,799,26.9,19.4,0.0,0.0,19.6,0,0,0,0,0,778.5,4.883333333333336,1.0263326910725754
2019-06-19,808,18.3,11.6,10.0,0.0,26.6,1,0,0,0,0,778.5,-3.7166666666666615,1.037893384714194
2019-06-12,716,21.2,14.5,10.4,0.0,25.6,1,0,0,0,0,778.5,-0.8166666666666629,0.9197174052665382
2019-06-05,791,27.4,11.8,8.2,0.0,22.8,0,0,0,0,0,778.5,5.383333333333336,1.0160565189466924
2019-06-06,741,15.9,11.4,0.0,0.0,17.3,0,0,0,0,0,731.5,-6.116666666666662,1.0129870129870129
2019-06-27,750,30.2,18.9,4.3,0.0,22.2,0,0,1,0,0,731.5,8.183333333333337,1.0252904989747096
2019-06-20,733,15.8,11.1,15.3,0.0,33.0,1,0,0,0,0,731.5,-6.2166666666666615,1.0020505809979494
2019-06-13,702,17.0,10.8,16.7,0.0,43.9,1,0,0,0,0,731.5,-5.016666666666662,0.9596719070403281
2019-06-14,806,24.0,10.5,0.3,0.0,33.1,0,0,0,0,0,814.75,1.9833333333333378,0.989260509358699
2019-06-28,848,30.7,20.5,0.4,0.0,22.2,0,0,1,0,0,814.75,8.683333333333337,1.0408100644369438
2019-06-07,824,17.7,10.3,0.0,0.0,22.4,0,0,0,0,0,814.75,-4.316666666666663,1.0113531758208039
2019-06-21,781,18.8,10.9,0.5,0.0,18.6,0,0,0,0,0,814.75,-3.2166666666666615,0.9585762503835532
2019-06-29,864,23.7,20.3,0.0,0.0,14.8,0,0,0,0,0,867.8,1.6833333333333371,0.9956211108550358
2019-06-22,826,23.6,13.7,0.3,0.0,22.7,0,0,0,0,0,867.8,1.5833333333333393,0.951832219405393
2019-06-08,888,19.9,14.2,0.0,0.0,21.9,0,0,0,0,0,867.8,-2.1166666666666636,1.0232772528232312
2019-06-15,832,21.8,16.4,24.8,0.0,24.6,1,0,0,0,0,867.8,-0.21666666666666146,0.9587462548974418
2019-06-01,929,26.1,10.1,5.3,0.0,25.6,0,0,0,0,0,867.8,4.083333333333339,1.0705231620188984
2019-07-07,775,20.4,16.2,0.2,0.0,25.7,0,0,0,0,0,793.0,-7.319354838709678,0.9773013871374527
2019-07-21,774,24.6,20.1,8.2,0.0,26.0,0,0,0,0,0,793.0,-3.1193548387096754,0.9760403530895334
2019-07-28,833,31.6,21.4,1.5,0.0,25.0,0,0,1,0,0,793.0,3.8806451612903246,1.0504413619167718
2019-07-14,790,27.7,21.5,2.1,0.0,16.6,0,0,0,0,0,793.0,-0.01935483870967758,0.9962168978562421
2019-07-15,823,32.9,23.3,0.0,0.0,32.8,0,0,1,0,0,835.6,5.180645161290322,0.9849210148396361
2019-07-01,914,29.1,20.6,0.4,0.0,12.3,0,0,0,0,0,835.6,1.3806451612903246,1.0938247965533747
2019-07-08,835,22.6,16.1,0.0,0.0,15.9,0,0,0,0,0,835.6,-5.1193548387096754,0.9992819530876017
2019-07-29,816,27.1,21.6,12.0,0.0,24.4,1,0,0,0,0,835.6,-0.6193548387096754,0.9765438008616563
2019-07-22,790,21.0,17.2,0.0,0.0,34.7,0,0,0,0,0,835.6,-6.719354838709677,0.945428434657731
2019-07-23,789,24.3,15.6,0.5,0.0,22.3,0,0,0,0,0,766.6,-3.419354838709676,1.0292199321680147
2019-07-16,755,27.2,22.0,8.9,0.0,21.1,0,0,0,0,0,766.6,-0.5193548387096776,0.9848682494129924
2019-07-09,743,27.8,17.4,0.0,0.0,19.7,0,0,0,0,0,766.6,0.08064516129032384,0.9692147143229846
2019-07-30,777,22.5,19.9,0.0,0.0,22.1,0,0,0,0,0,766.6,-5.219354838709677,1.0135663970780067
2019-07-02,769,30.5,19.4,15.1,0.0,18.6,1,0,1,0,0,766.6,2.780645161290323,1.0031307070180016
2019-07-24,745,24.1,16.8,0.0,0.0,13.2,0,0,0,0,0,781.0,-3.6193548387096754,0.9539052496798975
2019-07-03,807,26.2,17.9,0.1,0.0,19.3,0,0,0,0,0,781.0,-1.5193548387096776,1.033290653008963
2019-07-31,713,21.3,17.5,0.0,0.0,22.9,0,0,0,0,0,781.0,-6.419354838709676,0.912932138284251
2019-07-10,837,33.8,22.1,3.3,0.0,20.6,0,0,1,0,0,781.0,6.08064516129032,1.0717029449423816
2019-07-17,803,29.5,22.5,1.1,0.0,15.9,0,0,0,0,0,781.0,1.7806451612903231,1.028169014084507
2019-07-25,800,27.4,15.7,0.0,0.0,14.9,0,0,0,0,0,781.0,-0.3193548387096783,1.0243277848911652
2019-07-18,760,31.8,23.6,11.5,0.0,32.2,1,0,1,0,0,781.0,4.080645161290324,0.9731113956466069
2019-07-11,765,24.4,18.2,0.0,0.0,22.8,0,0,0,0,0,781.0,-3.3193548387096783,0.9795134443021767
2019-07-04,799,30.3,18.0,1.8,0.0,19.8,0,0,1,0,0,781.0,2.580645161290324,1.0230473751600513
2019-07-26,816,28.3,18.4,0.0,0.0,24.6,0,0,0,0,0,824.5,0.5806451612903238,0.9896907216494846
2019-07-12,788,29.4,16.3,0.0,0.0,18.1,0,0,0,0,0,824.5,1.6806451612903217,0.9557307459066101
2019-07-19,802,32.7,23.4,4.0,0.0,29.3,0,0,1,0,0,824.5,4.980645161290326,0.9727107337780473
2019-07-05,892,30.4,21.6,5.7,0.0,13.4,0,0,1,0,0,824.5,2.6806451612903217,1.081867798665858
2019-07-13,893,34.0,21.6,1.0,0.0,21.3,0,0,1,0,0,840.75,6.280645161290323,1.0621468926553672
2019-07-06,816,22.0,16.2,9.6,0.0,26.6,0,0,0,0,0,840.75,-5.719354838709677,0.9705619982158786
2019-07-20,828,33.6,24.5,0.6,0.0,29.1,0,0,1,0,0,840.75,5.8806451612903246,0.9848349687778769
2019-07-27,826,30.8,21.0,0.8,0.0,31.1,0,0,1,0,0,840.75,3.080645161290324,0.9824561403508771
2019-08-04,842,27.0,20.8,1.9,0.0,18.1,0,0,0,0,0,792.75,1.0516129032258021,1.0621255124566382
2019-08-11,802,29.7,20.2,1.1,0.0,20.8,0,0,0,0,0,792.75,3.7516129032258014,1.011668243456323
2019-08-25,767,23.8,15.9,0.0,0.0,23.8,0,0,0,0,0,792.75,-2.148387096774197,0.967518133081047
2019-08-18,760,28.1,19.6,4.8,0.0,28.5,0,0,0,0,0,792.75,2.1516129032258036,0.9586881110059918
2019-08-12,709,25.7,21.7,30.4,0.0,19.1,1,0,0,0,0,759.0,-0.24838709677419857,0.9341238471673254
2019-08-05,809,31.8,20.6,0.5,0.0,22.5,0,0,1,0,0,759.0,5.851612903225803,1.0658761528326746
2019-08-19,788,26.9,18.7,1.8,0.0,15.1,0,0,0,0,0,759.0,0.9516129032258007,1.0382081686429512
2019-08-26,730,24.7,18.8,23.2,0.0,29.8,1,0,0,0,0,759.0,-1.2483870967741986,0.9617918313570487
2019-08-20,732,26.7,21.5,3.9,0.0,26.3,0,0,0,0,0,753.25,0.7516129032258014,0.9717889147029539
2019-08-06,785,25.2,21.5,3.8,0.0,18.7,0,0,0,0,0,753.25,-0.7483870967741986,1.0421506803849983
2019-08-13,764,24.9,20.6,0.3,0.0,20.0,0,0,0,0,0,753.25,-1.0483870967741993,1.014271490209094
2019-08-27,732,26.4,18.6,0.0,0.0,25.6,0,0,0,0,0,753.25,0.4516129032258007,0.9717889147029539
2019-08-21,722,27.8,18.4,1.2,0.0,22.3,0,0,0,0,0,762.5,1.8516129032258029,0.9468852459016394
2019-08-28,753,23.8,15.8,0.0,0.0,34.6,0,0,0,0,0,762.5,-2.148387096774197,0.9875409836065574
2019-08-14,794,25.7,19.5,8.7,0.0,21.8,0,0,0,0,0,762.5,-0.24838709677419857,1.041311475409836
2019-08-07,781,30.5,19.3,0.0,0.0,19.0,0,0,1,0,0,762.5,4.551612903225802,1.0242622950819673
2019-08-22,754,23.7,18.8,0.6,0.0,30.5,0,0,0,0,0,817.2,-2.2483870967741986,0.9226627508565834
2019-08-15,813,22.5,19.1,0.3,0.0,18.3,0,0,0,0,0,817.2,-3.448387096774198,0.9948604992657856
2019-08-29,773,28.5,14.3,0.5,0.0,36.9,0,0,0,0,0,817.2,2.551612903225802,0.9459128732256485
2019-08-01,925,24.2,15.5,0.0,0.0,18.1,0,0,0,0,0,817.2,-1.7483870967741986,1.1319138521781693
2019-08-08,821,30.4,21.4,0.0,0.0,22.7,0,0,1,0,0,817.2,4.451612903225801,1.004650024473813
2019-08-30,768,21.5,15.8,0.0,0.0,19.2,0,0,0,0,0,800.0,-4.448387096774198,0.96
2019-08-02,881,26.4,18.1,0.0,0.0,17.2,0,0,0,0,0,800.0,0.4516129032258007,1.10125
2019-08-09,796,26.0,17.0,0.0,0.0,19.2,0,0,0,0,0,800.0,0.05161290322580214,0.995
2019-08-16,774,27.1,18.1,1.4,0.0,24.8,0,0,0,0,0,800.0,1.1516129032258036,0.9675
2019-08-23,781,21.0,17.5,0.0,0.0,23.7,0,0,0,0,0,800.0,-4.948387096774198,0.97625
2019-08-31,775,22.0,17.3,2.8,0.0,22.0,0,0,0,0,0,815.2,-3.948387096774198,0.9506869479882237
2019-08-03,870,29.2,18.5,0.0,0.0,12.1,0,0,0,0,0,815.2,3.2516129032258014,1.0672227674190382
2019-08-10,801,27.5,17.7,0.0,0.0,21.6,0,0,0,0,0,815.2,1.5516129032258021,0.9825809617271835
2019-08-24,819,21.4,16.9,0.0,0.0,23.9,0,0,0,0,0,815.2,-4.548387096774199,1.0046614327772325
2019-08-17,811,24.3,19.3,2.0,0.0,24.2,0,0,0,0,0,815.2,-1.6483870967741971,0.9948478900883219
2019-09-15,785,25.7,18.8,6.1,0.0,30.6,0,0,0,0,0,753.8,1.216666666666665,1.0413902892013798
2019-09-08,720,18.8,16.7,6.7,0.0,19.1,0,0,0,0,0,753.8,-5.683333333333334,0.9551605200318387
2019-09-29,713,20.2,15.8,16.9,0.0,24.1,1,0,0,0,0,753.8,-4.283333333333335,0.9458742371981959
2019-09-01,894,22.0,17.2,11.5,0.0,22.3,1,0,0,0,0,753.8,-2.4833333333333343,1.185990979039533
2019-09-22,657,26.8,19.0,27.4,0.0,35.4,1,0,0,0,0,753.8,2.3166666666666664,0.8715839745290529
2019-09-02,777,25.7,17.1,0.3,0.0,12.1,0,0,0,0,0,776.4,1.216666666666665,1.000772797527048
2019-09-30,753,29.4,19.5,0.0,0.0,25.8,0,0,0,0,0,776.4,4.916666666666664,0.9698608964451314
2019-09-23,767,22.8,16.1,0.1,0.0,24.5,0,0,0,0,0,776.4,-1.6833333333333336,0.987892838742916
2019-09-16,806,21.5,18.7,0.3,0.0,20.3,0,0,0,0,0,776.4,-2.9833333333333343,1.0381246780010305
2019-09-09,779,23.2,16.3,1.4,0.0,22.9,0,0,0,0,0,776.4,-1.283333333333335,1.0033487892838744
2019-09-10,720,31.3,21.6,7.1,0.0,27.8,0,0,1,0,0,735.25,6.816666666666666,0.9792587555253315
2019-09-24,758,25.5,14.1,0.0,0.0,28.4,0,0,0,0,0,735.25,1.0166666666666657,1.0309418565113906
2019-09-03,681,27.1,19.4,8.7,0.0,40.4,0,0,0,0,0,735.25,2.616666666666667,0.9262155729343761
2019-09-17,782,22.8,17.4,0.0,0.0,15.2,0,0,0,0,0,735.25,-1.6833333333333336,1.0635838150289016
2019-09-11,751,30.1,21.4,15.7,0.0,26.7,1,0,1,0,0,726.25,5.616666666666667,1.03407917383821
2019-09-18,758,24.9,16.9,0.0,0.0,19.6,0,0,0,0,0,726.25,0.4166666666666643,1.0437177280550773
2019-09-25,713,25.7,17.9,0.0,0.0,30.9,0,0,0,0,0,726.25,1.216666666666665,0.9817555938037866
2019-09-04,683,21.6,16.3,0.1,0.0,20.7,0,0,0,0,0,726.25,-2.883333333333333,0.940447504302926
2019-09-05,650,20.7,14.8,0.0,0.0,16.9,0,0,0,0,0,733.25,-3.783333333333335,0.8864643709512444
2019-09-19,789,26.8,17.5,0.0,0.0,17.7,0,0,0,0,0,733.25,2.3166666666666664,1.0760313672008184
2019-09-26,709,21.3,13.3,0.0,0.0,21.4,0,0,0,0,0,733.25,-3.1833333333333336,0.966928060006819
2019-09-12,785,24.5,18.7,11.7,0.0,24.9,1,0,0,0,0,733.25,0.01666666666666572,1.0705762018411182
2019-09-13,817,25.9,17.1,7.6,0.0,35.8,0,0,0,0,0,769.0,1.4166666666666643,1.0624187256176854
2019-09-06,774,23.5,16.9,1.2,0.0,26.3,0,0,0,0,0,769.0,-0.9833333333333343,1.0065019505851756
2019-09-27,668,22.2,14.8,34.4,0.0,28.4,1,0,0,0,0,769.0,-2.283333333333335,0.8686605981794538
2019-09-20,817,25.4,19.5,3.3,0.0,14.2,0,0,0,0,0,769.0,0.9166666666666643,1.0624187256176854
2019-09-28,700,19.4,14.9,14.2,0.0,31.2,1,0,0,0,0,739.5,-5.083333333333336,0.9465855307640297
2019-09-21,757,27.8,20.9,8.9,0.0,31.0,0,0,0,0,0,739.5,3.3166666666666664,1.0236646382691008
2019-09-14,764,26.7,14.5,0.0,0.0,19.8,0,0,0,0,0,739.5,2.216666666666665,1.0331304935767411
2019-09-07,737,25.2,13.7,0.0,0.0,21.1,0,0,0,0,0,739.5,0.716666666666665,0.9966193373901284
2019-10-13,697,11.9,3.4,0.0,0.0,37.3,0,0,0,0,0,697.25,-3.1129032258064466,0.9996414485478666
2019-10-27,702,14.1,6.7,6.6,0.0,45.8,0,0,0,0,1,697.25,-0.9129032258064473,1.0068124775905343
2019-10-06,670,19.2,11.3,0.1,0.0,22.1,0,0,0,0,0,697.25,4.187096774193552,0.9609178917174614
2019-10-20,720,13.1,8.9,0.1,0.0,15.9,0,0,0,0,0,697.25,-1.9129032258064473,1.0326281821441377
2019-10-14,686,11.3,3.4,0.0,0.0,14.4,0,0,0,0,0,702.25,-3.7129032258064463,0.9768600925596298
2019-10-21,713,17.3,11.5,6.3,0.0,40.1,0,0,0,0,0,702.25,2.2870967741935537,1.0153079387682449
2019-10-07,748,19.9,9.7,0.0,0.0,19.0,0,0,0,0,0,702.25,4.887096774193552,1.0651477394090423
2019-10-28,662,11.2,5.7,0.6,0.0,18.1,0,0,0,0,0,702.25,-3.8129032258064477,0.9426842292630829
2019-10-29,636,8.5,3.7,4.0,0.0,30.7,0,0,0,0,0,728.2,-6.512903225806447,0.873386432298819
2019-10-08,712,20.2,8.1,0.0,0.0,18.9,0,0,0,0,0,728.2,5.187096774193552,0.977753364460313
2019-10-22,660,11.0,8.5,1.4,0.0,43.3,0,0,0,0,0,728.2,-4.012903225806447,0.9063444108761328
2019-10-01,887,29.7,22.9,0.3,0.0,24.9,0,0,0,0,0,728.2,14.687096774193552,1.2180719582532271
2019-10-15,746,19.2,6.7,2.5,0.0,32.7,0,0,0,0,0,728.2,4.187096774193552,1.0244438341115079
2019-10-30,578,6.2,2.4,18.8,2.8,32.9,1,1,0,0,0,696.8,-8.812903225806448,0.8295063145809415
2019-10-23,701,14.5,5.4,1.3,0.0,25.6,0,0,0,0,0,696.8,-0.512903225806447,1.0060275545350172
2019-10-16,741,11.6,6.6,0.0,0.0,37.5,0,0,0,0,0,696.8,-3.4129032258064473,1.0634328358208955
2019-10-02,730,24.9,16.2,21.6,0.0,24.9,1,0,0,0,0,696.8,9.887096774193552,1.0476463834672791
2019-10-09,734,19.2,11.0,0.0,0.0,22.3,0,0,0,0,0,696.8,4.187096774193552,1.053386911595867
2019-10-10,648,20.7,13.0,3.8,0.0,26.5,0,0,0,0,0,672.0,5.687096774193552,0.9642857142857143
2019-10-17,676,11.1,5.6,0.0,0.0,19.5,0,0,0,0,0,672.0,-3.9129032258064473,1.005952380952381
2019-10-03,731,19.2,12.0,28.5,0.0,28.6,1,0,0,0,0,672.0,4.187096774193552,1.087797619047619
2019-10-31,589,5.5,-1.9,24.0,7.7,42.4,1,1,0,0,0,672.0,-9.512903225806447,0.8764880952380952
2019-10-24,716,10.2,5.7,0.1,0.0,26.8,0,0,0,0,0,672.0,-4.812903225806448,1.0654761904761905
2019-10-04,716,14.2,10.3,0.6,0.0,23.0,0,0,0,0,0,725.25,-0.8129032258064477,0.9872457773181661
2019-10-18,704,14.1,3.7,0.0,0.0,19.7,0,0,0,0,0,725.25,-0.9129032258064473,0.9706997587038952
2019-10-25,752,10.1,4.4,0.0,0.0,10.5,0,0,0,0,0,725.25,-4.912903225806447,1.0368838331609789
2019-10-11,729,19.0,4.9,23.0,0.0,32.4,1,0,0,0,0,725.25,3.987096774193553,1.0051706308169597
2019-10-05,724,17.9,10.3,3.1,0.0,29.7,0,0,0,0,0,683.5,2.8870967741935516,1.059253840526701
2019-10-19,719,18.6,8.0,0.0,0.0,23.3,0,0,0,0,0,683.5,3.5870967741935544,1.051938551572787
2019-10-12,732,11.9,2.5,0.0,0.0,37.6,0,0,0,0,0,683.5,-3.1129032258064466,1.0709583028529628
2019-10-26,559,9.9,3.7,44.7,0.0,38.6,1,0,0,0,0,683.5,-5.112903225806447,0.8178493050475494
2019-11-24,699,9.4,-0.2,0.0,0.0,24.2,0,0,0,0,0,693.5,3.906666666666667,1.0079307858687816
2019-11-10,652,5.1,1.4,1.1,0.0,24.5,0,0,0,0,0,693.5,-0.39333333333333353,0.9401586157173756
2019-11-17,702,4.6,-2.6,1.2,0.0,17.3,0,0,0,0,0,693.5,-0.8933333333333335,1.012256669069935
2019-11-03,721,10.7,-1.4,0.2,0.0,31.3,0,0,0,0,0,693.5,5.206666666666666,1.0396539293439078
2019-11-18,683,4.9,1.2,0.1,0.0,13.7,0,0,0,0,0,636.0,-0.5933333333333328,1.0738993710691824
2019-11-11,494,2.9,-9.2,12.4,6.65,42.3,1,1,0,0,0,636.0,-2.5933333333333333,0.7767295597484277
2019-11-04,672,11.2,4.8,0.0,0.0,27.7,0,0,0,0,0,636.0,5.706666666666666,1.0566037735849056
2019-11-25,695,10.7,1.7,0.0,0.0,18.9,0,0,0,0,0,636.0,5.206666666666666,1.0927672955974843
2019-11-05,636,5.3,-1.2,0.0,0.0,28.0,0,0,0,0,0,637.0,-0.19333333333333336,0.9984301412872841
2019-11-19,687,4.7,-2.0,1.3,0.0,10.1,0,0,0,0,0,637.0,-0.793333333333333,1.0784929356357928
2019-11-26,678,8.3,0.1,9.8,0.0,21.7,0,0,0,0,0,637.0,2.8066666666666675,1.0643642072213502
2019-11-12,547,-9.1,-15.0,0.0,0.0,32.1,0,0,0,1,0,637.0,-14.593333333333334,0.858712715855573
2019-11-20,730,8.6,-0.9,0.0,0.0,22.6,0,0,0,0,0,652.0,3.1066666666666665,1.1196319018404908
2019-11-27,637,12.3,1.4,8.5,0.0,57.4,0,0,0,0,1,652.0,6.8066666666666675,0.9769938650306749
2019-11-13,578,-2.6,-13.4,0.2,0.14,31.0,0,0,0,0,0,652.0,-8.093333333333334,0.8865030674846626
2019-11-06,663,12.4,-1.7,0.9,0.21,31.3,0,0,0,0,0,652.0,6.906666666666667,1.0168711656441718
2019-11-28,508,3.1,-1.4,0.0,0.0,30.0,0,0,0,0,0,603.5,-2.393333333333333,0.8417564208782105
2019-11-14,579,0.8,-3.7,0.2,0.14,19.2,0,0,0,0,0,603.5,-4.693333333333333,0.9594034797017399
2019-11-07,664,0.6,-5.1,0.9,0.63,29.0,0,0,0,0,0,603.5,-4.8933333333333335,1.1002485501242751
2019-11-21,663,13.0,4.6,6.2,0.0,41.8,0,0,0,0,0,603.5,7.506666666666667,1.0985915492957747
2019-11-29,649,3.6,2.6,0.8,0.0,14.3,0,0,0,0,0,736.6,-1.893333333333333,0.8810752104262829
2019-11-08,681,0.4,-6.8,0.0,0.0,19.9,0,0,0,0,0,736.6,-5.093333333333333,0.9245180559326636
2019-11-15,761,5.6,-5.7,0.0,0.0,17.3,0,0,0,0,0,736.6,0.10666666666666647,1.0331251696986152
2019-11-22,727,4.4,-2.5,0.0,0.0,24.5,0,0,0,0,0,736.6,-1.0933333333333328,0.9869671463480858
2019-11-01,865,7.1,-4.7,0.4,0.0,26.6,0,0,0,0,0,736.6,1.6066666666666665,1.1743144175943523
2019-11-16,664,3.6,-0.4,0.0,0.0,20.5,0,0,0,0,0,680.8,-1.893333333333333,0.9753231492361928
2019-11-02,666,6.1,0.4,0.4,0.0,32.0,0,0,0,0,0,680.8,0.6066666666666665,0.9782608695652174
2019-11-30,663,3.8,2.5,13.2,0.0,35.6,1,0,0,0,0,680.8,-1.6933333333333334,0.9738542890716805
2019-11-23,701,5.4,-4.2,0.0,0.0,20.7,0,0,0,0,0,680.8,-0.09333333333333282,1.0296709753231492
2019-11-09,710,7.9,-2.9,0.0,0.0,25.2,0,0,0,0,0,680.8,2.406666666666667,1.0428907168037604
2019-12-29,689,15.2,8.9,17.8,0.0,33.7,1,0,0,0,0,685.4,9.65806451612903,1.0052524073533704
2019-12-15,658,-2.2,-7.6,0.3,0.21,22.9,0,0,0,0,0,685.4,-7.741935483870968,0.9600233440326816
2019-12-22,681,9.7,0.3,0.0,0.0,22.5,0,0,0,0,0,685.4,4.1580645161290315,0.9935803910125475
2019-12-08,671,8.1,0.5,0.0,0.0,26.5,0,0,0,0,0,685.4,2.558064516129032,0.9789903705865188
2019-12-01,728,4.8,-0.2,8.7,0.7,26.5,0,0,0,0,0,685.4,-0.741935483870968,1.0621534870148819
2019-12-09,707,9.2,-2.7,6.6,0.0,35.5,0,0,0,0,0,669.8,3.6580645161290315,1.055538966855778
2019-12-16,624,0.0,-4.0,0.7,0.49,19.9,0,0,0,0,0,669.8,-5.541935483870968,0.9316213795162736
2019-12-23,691,10.4,1.0,0.0,0.0,23.2,0,0,0,0,0,669.8,4.858064516129033,1.0316512391758734
2019-12-02,710,2.1,-1.3,0.3,0.21,30.3,0,0,0,0,0,669.8,-3.4419354838709677,1.06001791579576
2019-12-30,617,9.5,-1.5,7.0,0.7,40.4,0,0,0,0,0,669.8,3.958064516129032,0.9211704986563154
2019-12-31,550,-0.5,-4.3,2.8,1.96,39.2,0,0,0,0,0,642.2,-6.041935483870968,0.8564310183743381
2019-12-10,675,-3.6,-8.3,0.0,0.0,32.0,0,0,0,0,0,642.2,-9.141935483870968,1.0510744316412333
2019-12-24,624,11.0,-1.0,0.0,0.0,24.5,0,0,0,0,0,642.2,5.458064516129032,0.97165991902834
2019-12-03,692,5.2,-3.5,0.0,0.0,26.1,0,0,0,0,0,642.2,-0.3419354838709676,1.0775459358455308
2019-12-17,670,0.5,-6.5,0.0,0.0,25.1,0,0,0,0,0,642.2,-5.041935483870968,1.0432886951105573
2019-12-18,654,-2.6,-10.5,0.1,0.07,27.1,0,0,0,0,0,629.25,-8.141935483870968,1.0393325387365913
2019-12-25,511,13.6,3.1,0.0,0.0,22.8,0,0,0,0,0,629.25,8.058064516129033,0.812077870480731
2019-12-11,606,-3.4,-9.2,0.3,0.21,21.4,0,0,0,0,0,629.25,-8.941935483870967,0.9630512514898689
2019-12-04,746,6.0,-0.9,0.0,0.0,30.3,0,0,0,0,0,629.25,0.4580645161290322,1.185538339292809
2019-12-26,610,16.1,6.6,0.0,0.0,26.8,0,0,0,0,0,662.5,10.558064516129033,0.9207547169811321
2019-12-12,656,7.3,-6.5,0.0,0.0,36.1,0,0,0,0,0,662.5,1.758064516129032,0.990188679245283
2019-12-05,700,7.2,-3.2,0.0,0.0,18.3,0,0,0,0,0,662.5,1.6580645161290324,1.0566037735849056
2019-12-19,684,4.8,-8.0,0.0,0.0,27.3,0,0,0,0,0,662.5,-0.741935483870968,1.0324528301886793
2019-12-06,737,4.6,-1.3,0.0,0.0,29.9,0,0,0,0,0,722.5,-0.9419354838709681,1.0200692041522492
2019-12-20,726,5.5,-6.1,0.0,0.0,18.5,0,0,0,0,0,722.5,-0.041935483870967794,1.0048442906574395
2019-12-27,695,6.0,-2.0,0.0,0.0,18.9,0,0,0,0,0,722.5,0.4580645161290322,0.9619377162629758
2019-12-13,732,6.5,-0.8,0.0,0.0,23.7,0,0,0,0,0,722.5,0.9580645161290322,1.0131487889273356
2019-12-28,640,8.1,-2.3,1.1,0.0,24.5,0,0,0,0,0,692.5,2.558064516129032,0.924187725631769
2019-12-14,681,1.6,-3.2,0.0,0.0,22.9,0,0,0,0,0,692.5,-3.9419354838709677,0.9833935018050541
2019-12-21,747,7.7,-1.7,0.0,0.0,20.7,0,0,0,0,0,692.5,2.1580645161290324,1.0787003610108303
2019-12-07,702,3.4,-3.6,0.0,0.0,23.8,0,0,0,0,0,692.5,-2.141935483870968,1.0137184115523465
2020-01-26,605,1.9,-1.9,0.2,0.14,21.1,0,0,0,0,0,577.25,-0.5580645161290314,1.0480727587700303
2020-01-19,504,-6.4,-16.3,0.0,0.0,38.5,0,0,0,1,0,577.25,-8.858064516129032,0.8731052403637939
2020-01-12,575,-0.2,-3.8,0.3,0.21,29.2,0,0,0,0,0,577.25,-2.6580645161290315,0.996102208748376
2020-01-05,625,7.2,-4.8,0.1,0.07,36.0,0,0,0,0,0,577.25,4.741935483870969,1.0827197921178
2020-01-20,621,-1.6,-6.7,0.3,0.21,21.7,0,0,0,0,0,665.0,-4.058064516129031,0.9338345864661655
2020-01-06,692,4.5,-3.4,0.0,0.0,23.3,0,0,0,0,0,665.0,2.0419354838709687,1.0406015037593985
2020-01-13,650,1.4,-0.6,0.0,0.0,17.6,0,0,0,0,0,665.0,-1.0580645161290314,0.9774436090225563
2020-01-27,697,1.8,-2.1,0.0,0.0,13.3,0,0,0,0,0,665.0,-0.6580645161290313,1.0481203007518798
2020-01-07,629,4.8,-2.3,0.2,0.14,26.0,0,0,0,0,0,639.75,2.3419354838709685,0.9831965611567018
2020-01-14,663,6.4,-1.8,0.0,0.0,27.9,0,0,0,0,0,639.75,3.941935483870969,1.0363423212192262
2020-01-21,585,-0.2,-10.1,0.0,0.0,21.6,0,0,0,0,0,639.75,-2.6580645161290315,0.9144196951934349
2020-01-28,682,0.9,-1.1,0.2,0.14,10.7,0,0,0,0,0,639.75,-1.5580645161290314,1.066041422430637
2020-01-22,633,2.1,-5.5,0.0,0.0,27.5,0,0,0,0,0,708.2,-0.35806451612903123,0.8938153064106185
2020-01-15,655,2.1,-2.8,0.7,0.0,22.3,0,0,0,0,0,708.2,-0.35806451612903123,0.9248799774075119
2020-01-08,647,-1.6,-8.5,0.0,0.0,30.3,0,0,0,0,0,708.2,-4.058064516129031,0.9135837334086415
2020-01-29,620,0.6,-1.2,0.0,0.0,12.1,0,0,0,0,0,708.2,-1.8580645161290312,0.875458909912454
2020-01-01,986,5.0,-6.1,0.0,0.0,35.7,0,0,0,0,0,708.2,2.5419354838709687,1.3922620728607737
2020-01-16,676,-0.2,-8.0,0.0,0.0,27.6,0,0,0,0,0,631.2,-2.6580645161290315,1.0709759188846641
2020-01-30,619,1.8,-1.8,0.0,0.0,12.3,0,0,0,0,0,631.2,-0.6580645161290313,0.9806717363751584
2020-01-09,632,9.1,-4.4,0.3,0.0,42.4,0,0,0,0,0,631.2,6.641935483870968,1.0012674271229403
2020-01-02,637,9.5,2.5,0.0,0.0,32.7,0,0,0,0,0,631.2,7.041935483870969,1.0091888466413181
2020-01-23,592,0.9,-1.4,5.7,3.78,19.9,0,1,0,0,0,631.2,-1.5580645161290314,0.9378960709759189
2020-01-31,710,3.8,-1.3,0.8,0.56,12.7,0,0,0,0,0,654.8,1.3419354838709685,1.0843005497861944
2020-01-24,659,3.2,0.6,10.5,1.82,17.7,1,0,0,0,0,654.8,0.7419354838709689,1.006414172266341
2020-01-03,699,4.4,0.2,0.0,0.0,13.4,0,0,0,0,0,654.8,1.941935483870969,1.067501527183873
2020-01-10,624,8.2,2.8,10.4,0.0,33.2,1,0,0,0,0,654.8,5.741935483870968,0.9529627367135004
2020-01-17,582,-1.7,-7.8,5.6,3.92,38.9,0,1,0,0,0,654.8,-4.1580645161290315,0.8888210140500917
2020-01-04,638,1.7,-2.0,2.0,1.4,21.8,0,0,0,0,0,605.5,-0.7580645161290314,1.0536746490503717
2020-01-11,560,2.8,-0.5,37.8,4.48,47.8,1,1,0,0,1,605.5,0.3419354838709685,0.9248554913294798
2020-01-18,561,2.4,-12.1,9.2,1.33,43.4,0,0,0,0,0,605.5,-0.05806451612903141,0.9265070189925682
2020-01-25,663,1.6,0.2,7.6,4.41,21.8,0,1,0,0,0,605.5,-0.8580645161290312,1.0949628406275804
2020-02-09,564,1.9,-9.9,4.6,3.01,31.1,0,1,0,0,0,627.5,0.23793103448275876,0.8988047808764941
2020-02-16,619,-0.1,-9.2,0.0,0.0,19.6,0,0,0,0,0,627.5,-1.7620689655172412,0.9864541832669322
2020-02-23,660,12.0,-0.9,0.0,0.0,26.5,0,0,0,0,0,627.5,10.337931034482759,1.051792828685259
2020-02-02,667,11.6,1.0,0.0,0.0,38.4,0,0,0,0,0,627.5,9.937931034482759,1.0629482071713148
2020-02-10,630,1.5,-4.0,0.0,0.0,23.1,0,0,0,0,0,644.75,-0.16206896551724115,0.97712291585886
2020-02-17,603,3.2,-5.7,5.6,0.7,28.3,0,0,0,0,0,644.75,1.537931034482759,0.9352462194649089
2020-02-24,601,3.3,0.1,1.2,0.0,23.3,0,0,0,0,0,644.75,1.6379310344827587,0.9321442419542458
2020-02-03,745,4.7,-1.5,0.0,0.0,28.2,0,0,0,0,0,644.75,3.0379310344827593,1.1554866227219853
2020-02-04,648,2.2,-0.9,0.0,0.0,40.1,0,0,0,0,0,619.5,0.537931034482759,1.0460048426150121
2020-02-25,518,2.0,0.5,4.8,3.01,39.0,0,1,0,0,0,619.5,0.33793103448275885,0.8361581920903954
2020-02-18,669,3.2,-4.1,1.1,0.0,29.2,0,0,0,0,0,619.5,1.537931034482759,1.0799031476997578
2020-02-11,643,2.1,-4.7,0.0,0.0,31.2,0,0,0,0,0,619.5,0.43793103448275894,1.0379338175948345
2020-02-26,603,0.3,-4.0,3.4,2.38,39.1,0,1,0,0,0,612.0,-1.362068965517241,0.9852941176470589
2020-02-05,634,-1.1,-2.4,3.4,2.31,26.3,0,1,0,0,0,612.0,-2.7620689655172415,1.0359477124183007
2020-02-12,629,3.2,-5.8,5.6,3.85,19.9,0,1,0,0,0,612.0,1.537931034482759,1.0277777777777777
2020-02-19,582,-3.1,-9.2,0.0,0.0,19.8,0,0,0,0,0,612.0,-4.7620689655172415,0.9509803921568627
2020-02-20,606,-5.4,-12.2,0.0,0.0,21.8,0,0,0,1,0,568.5,-7.062068965517241,1.0659630606860158
2020-02-06,555,-1.1,-2.3,4.8,3.36,28.2,0,1,0,0,0,568.5,-2.7620689655172415,0.9762532981530343
2020-02-13,548,-1.0,-15.5,3.1,2.17,33.0,0,1,0,0,0,568.5,-2.662068965517241,0.9639401934916447
2020-02-27,565,-0.4,-6.0,0.0,0.0,29.7,0,0,0,0,0,568.5,-2.0620689655172413,0.9938434476693052
2020-02-07,695,0.8,-4.9,1.2,0.84,21.8,0,0,0,0,0,649.0,-0.8620689655172411,1.0708782742681047
2020-02-21,657,3.3,-10.8,0.0,0.0,29.8,0,0,0,0,0,649.0,1.6379310344827587,1.012326656394453
2020-02-28,658,-1.3,-8.5,0.0,0.0,23.9,0,0,0,0,0,649.0,-2.962068965517241,1.0138674884437597
2020-02-14,586,-11.5,-22.1,0.0,0.0,21.5,0,0,0,1,0,649.0,-13.162068965517241,0.9029275808936826
2020-02-22,685,9.1,-3.9,0.0,0.0,28.4,0,0,0,0,0,661.4,7.437931034482759,1.0356818869065618
2020-02-01,812,3.6,-0.5,1.1,0.56,30.5,0,0,0,0,0,661.4,1.937931034482759,1.227698820683399
2020-02-15,596,1.1,-15.8,0.0,0.0,32.1,0,0,0,0,0,661.4,-0.5620689655172411,0.9011188388267312
2020-02-29,588,3.1,-9.4,0.0,0.0,20.2,0,0,0,0,0,661.4,1.437931034482759,0.8890232839431509
2020-02-08,626,1.0,-7.4,0.0,0.0,16.4,0,0,0,0,0,661.4,-0.6620689655172411,0.9464771696401573
2020-03-22,377,2.2,-2.8,4.9,3.43,23.9,0,1,0,0,0,573.6,-6.729032258064515,0.657252440725244
2020-03-08,639,15.5,2.5,0.0,0.0,37.3,0,0,0,0,0,573.6,6.570967741935485,1.1140167364016735
2020-03-29,502,17.4,6.3,0.8,0.0,49.6,0,0,0,0,1,573.6,8.470967741935484,0.8751743375174337
2020-03-01,756,14.1,-3.1,0.0,0.0,30.9,0,0,0,0,0,573.6,5.170967741935485,1.3179916317991631
2020-03-15,594,2.3,-0.6,0.0,0.0,21.2,0,0,0,0,0,573.6,-6.629032258064515,1.0355648535564854
2020-03-09,571,12.6,8.5,15.2,0.0,36.9,1,0,0,0,0,510.4,3.6709677419354847,1.118730407523511
2020-03-30,450,8.9,2.8,0.0,0.0,30.1,0,0,0,0,0,510.4,-0.029032258064514593,0.8816614420062696
2020-03-02,603,8.1,0.1,0.0,0.0,18.5,0,0,0,0,0,510.4,-0.8290322580645153,1.1814263322884013
2020-03-23,397,4.7,-0.1,1.5,1.05,16.3,0,0,0,0,0,510.4,-4.229032258064515,0.7778213166144201
2020-03-16,531,4.6,-1.2,1.0,0.14,16.4,0,0,0,0,0,510.4,-4.329032258064515,1.0403605015673982
2020-03-17,578,5.2,0.4,0.0,0.0,18.4,0,0,0,0,0,518.6,-3.7290322580645148,1.1145391438488237
2020-03-03,637,9.4,-1.3,0.3,0.0,34.7,0,0,0,0,0,518.6,0.4709677419354854,1.2283069803316622
2020-03-10,565,11.2,-0.7,2.4,0.0,28.5,0,0,0,0,0,518.6,2.2709677419354843,1.0894716544543
2020-03-31,388,3.9,1.9,0.0,0.0,26.8,0,0,0,0,0,518.6,-5.029032258064515,0.7481681450057848
2020-03-24,425,4.6,-1.8,0.0,0.0,16.3,0,0,0,0,0,518.6,-4.329032258064515,0.8195140763594292
2020-03-18,530,7.6,1.3,10.4,0.0,18.4,1,0,0,0,0,545.75,-1.3290322580645153,0.9711406321575813
2020-03-25,438,15.2,-1.5,0.1,0.0,23.0,0,0,0,0,0,545.75,6.270967741935484,0.8025652771415483
2020-03-11,591,8.6,0.2,0.1,0.07,13.8,0,0,0,0,0,545.75,-0.3290322580645153,1.0829134218964727
2020-03-04,624,6.8,-1.0,1.3,0.56,19.6,0,0,0,0,0,545.75,-2.129032258064515,1.1433806688043977
2020-03-12,633,15.1,2.1,0.3,0.0,29.5,0,0,0,0,0,530.25,6.170967741935485,1.1937765205091937
2020-03-26,425,9.2,2.4,7.0,0.0,25.1,0,0,0,0,0,530.25,0.27096774193548434,0.8015087223008015
2020-03-05,589,10.7,-1.7,0.1,0.0,39.3,0,0,0,0,0,530.25,1.7709677419354843,1.1107967939651109
2020-03-19,474,15.9,2.1,12.3,0.0,33.1,1,0,0,0,0,530.25,6.970967741935485,0.8939179632248939
2020-03-27,426,8.5,2.2,7.0,0.0,24.8,0,0,0,0,0,577.75,-0.42903225806451495,0.7373431414971874
2020-03-06,708,1.8,-3.1,0.3,0.07,40.6,0,0,0,0,0,577.75,-7.129032258064515,1.2254435309389875
2020-03-13,677,8.6,0.3,0.0,0.0,31.9,0,0,0,0,0,577.75,-0.3290322580645153,1.171787105149286
2020-03-20,500,15.1,0.0,9.1,0.0,34.6,0,0,0,0,0,577.75,6.170967741935485,0.8654262224145391
2020-03-07,589,9.2,-6.1,0.0,0.0,28.0,0,0,0,0,0,529.5,0.27096774193548434,1.1123701605288008
2020-03-14,619,2.7,0.0,2.1,1.47,27.9,0,0,0,0,0,529.5,-6.229032258064515,1.1690273843248347
2020-03-28,470,17.7,5.8,9.9,0.0,37.8,0,0,0,0,0,529.5,8.770967741935484,0.8876298394711992
2020-03-21,440,-0.6,-3.8,0.0,0.0,28.8,0,0,0,0,0,529.5,-9.529032258064515,0.8309726156751652
2020-04-19,344,13.5,3.4,0.2,0.0,31.2,0,0,0,0,0,390.0,1.8399999999999999,0.882051282051282
2020-04-26,423,11.5,4.4,0.0,0.0,28.1,0,0,0,0,0,390.0,-0.16000000000000014,1.0846153846153845
2020-04-12,386,18.4,8.1,3.1,0.0,26.7,0,0,0,0,0,390.0,6.739999999999998,0.9897435897435898
2020-04-05,407,5.5,1.3,0.0,0.0,19.2,0,0,0,0,0,390.0,-6.16,1.0435897435897437
2020-04-13,398,12.3,0.8,1.1,0.0,36.8,0,0,0,0,0,438.0,0.6400000000000006,0.908675799086758
2020-04-27,400,18.4,2.1,3.2,0.0,30.4,0,0,0,0,0,438.0,6.739999999999998,0.91324200913242
2020-04-06,451,13.2,0.6,1.5,0.0,17.4,0,0,0,0,0,438.0,1.5399999999999991,1.0296803652968036
2020-04-20,503,15.6,-0.1,1.1,0.0,34.4,0,0,0,0,0,438.0,3.9399999999999995,1.1484018264840183
2020-04-14,368,5.0,-2.4,1.0,0.7,33.5,0,0,0,0,0,427.75,-6.66,0.8603156049094097
2020-04-07,458,23.9,11.6,14.3,0.0,29.2,1,0,0,0,0,427.75,12.239999999999998,1.070718877849211
2020-04-21,420,9.6,2.4,0.0,0.0,29.5,0,0,0,0,0,427.75,-2.0600000000000005,0.9818819403857393
2020-04-28,465,19.6,8.2,11.0,0.0,25.6,1,0,0,0,0,427.75,7.940000000000001,1.08708357685564
2020-04-15,414,3.7,-2.8,2.5,1.75,25.4,0,0,0,0,0,450.2,-7.96,0.9195912927587739
2020-04-22,432,14.1,1.9,2.9,0.42,22.2,0,0,0,0,0,450.2,2.4399999999999995,0.9595735228787206
2020-04-08,445,13.5,5.9,2.5,0.0,29.2,0,0,0,0,0,450.2,1.8399999999999999,0.9884495779653487
2020-04-29,424,16.1,6.1,41.6,0.0,31.6,1,0,0,0,0,450.2,4.440000000000001,0.941803642825411
2020-04-01,536,7.2,1.9,0.0,0.0,19.3,0,0,0,0,0,450.2,-4.46,1.1905819635717458
2020-04-30,425,8.9,4.8,9.6,0.0,38.5,0,0,0,0,0,415.0,-2.76,1.0240963855421688
2020-04-09,428,8.3,2.0,0.2,0.0,43.6,0,0,0,0,0,415.0,-3.3599999999999994,1.0313253012048194
2020-04-02,376,7.6,0.7,0.0,0.0,15.9,0,0,0,0,0,415.0,-4.0600000000000005,0.9060240963855422
2020-04-23,441,12.6,5.0,1.2,0.0,22.0,0,0,0,0,0,415.0,0.9399999999999995,1.0626506024096385
2020-04-16,405,8.2,-3.4,0.0,0.0,23.4,0,0,0,0,0,415.0,-3.460000000000001,0.9759036144578314
2020-04-10,427,7.5,0.0,0.0,0.0,25.3,0,0,0,0,0,450.0,-4.16,0.9488888888888889
2020-04-24,440,7.2,4.3,1.0,0.0,22.3,0,0,0,0,0,450.0,-4.46,0.9777777777777777
2020-04-03,509,14.8,4.5,0.1,0.0,18.8,0,0,0,0,0,450.0,3.1400000000000006,1.1311111111111112
2020-04-17,424,3.5,0.9,7.5,4.9,21.1,0,1,0,0,0,450.0,-8.16,0.9422222222222222
2020-04-18,464,13.2,-0.4,0.0,0.0,35.9,0,0,0,0,0,441.0,1.5399999999999991,1.0521541950113378
2020-04-04,450,13.4,2.0,2.4,0.0,21.6,0,0,0,0,0,441.0,1.7400000000000002,1.0204081632653061
2020-04-11,450,16.4,3.9,2.7,0.0,23.5,0,0,0,0,0,441.0,4.739999999999998,1.0204081632653061
2020-04-25,400,7.1,4.4,17.5,0.0,31.7,1,0,0,0,0,441.0,-4.5600000000000005,0.9070294784580499
2020-05-10,473,10.6,3.5,7.6,0.0,41.0,0,0,0,0,0,773.8,-6.648387096774192,0.6112690617730681
2020-05-24,566,27.7,16.1,0.0,0.0,22.2,0,0,0,0,0,773.8,10.451612903225808,0.7314551563711554
2020-05-17,440,20.2,10.8,61.4,0.0,28.7,1,0,0,0,0,773.8,2.951612903225808,0.5686223830447145
2020-05-03,491,19.8,7.4,0.0,0.0,29.2,0,0,0,0,0,773.8,2.5516129032258092,0.6345308865339881
2020-05-31,1899,14.6,9.5,0.0,0.0,22.3,0,0,0,0,0,773.8,-2.648387096774192,2.4541225122770745
2020-05-04,438,7.3,3.7,0.0,0.0,30.4,0,0,0,0,0,509.0,-9.94838709677419,0.8605108055009824
2020-05-25,645,27.4,19.6,1.1,0.0,18.8,0,0,0,0,0,509.0,10.151612903225807,1.2671905697445973
2020-05-11,452,8.2,3.1,0.1,0.0,19.4,0,0,0,0,0,509.0,-9.048387096774192,0.888015717092338
2020-05-18,501,18.0,9.7,0.3,0.0,19.7,0,0,0,0,0,509.0,0.7516129032258085,0.9842829076620825
2020-05-12,455,14.0,2.9,0.0,0.0,21.0,0,0,0,0,0,487.75,-3.2483870967741915,0.9328549461814454
2020-05-05,443,8.0,4.8,6.1,0.0,20.5,0,0,0,0,0,487.75,-9.248387096774191,0.9082521783700667
2020-05-19,474,14.6,9.9,1.9,0.0,28.2,0,0,0,0,0,487.75,-2.648387096774192,0.9718093285494618
2020-05-26,579,26.4,20.0,2.7,0.0,22.3,0,0,0,0,0,487.75,9.151612903225807,1.1870835468990262
2020-05-20,540,15.4,10.1,0.0,0.0,24.6,0,0,0,0,0,523.25,-1.848387096774191,1.0320114667940754
2020-05-13,522,17.4,5.4,0.0,0.0,22.9,0,0,0,0,0,523.25,0.15161290322580712,0.9976110845676063
2020-05-06,463,12.5,3.6,0.0,0.0,19.8,0,0,0,0,0,523.25,-4.7483870967741915,0.884854276158624
2020-05-27,568,25.4,19.2,3.9,0.0,20.4,0,0,0,0,0,523.25,8.151612903225807,1.0855231724796943
2020-05-14,469,22.0,10.8,17.6,0.0,25.3,1,0,0,0,0,484.25,4.7516129032258085,0.9685080020650491
2020-05-28,553,24.2,14.7,13.8,0.0,21.9,1,0,0,0,0,484.25,6.951612903225808,1.1419721218378935
2020-05-07,420,17.6,6.1,0.0,0.0,31.3,0,0,0,0,0,484.25,0.35161290322580996,0.8673205988642231
2020-05-21,495,15.8,10.1,0.3,0.0,18.8,0,0,0,0,0,484.25,-1.4483870967741908,1.0221992772328343
2020-05-22,537,16.6,10.1,0.0,0.0,13.2,0,0,0,0,0,540.0,-0.64838709677419,0.9944444444444445
2020-05-29,583,22.2,15.3,6.0,0.0,20.4,0,0,0,0,0,540.0,4.951612903225808,1.0796296296296297
2020-05-01,584,14.6,1.6,0.4,0.0,19.2,0,0,0,0,0,540.0,-2.648387096774192,1.0814814814814815
2020-05-08,445,6.0,1.4,0.0,0.0,38.8,0,0,0,0,0,540.0,-11.248387096774191,0.8240740740740741
2020-05-15,551,19.7,8.8,8.0,0.0,25.5,0,0,0,0,0,540.0,2.451612903225808,1.0203703703703704
2020-05-09,463,12.8,-1.3,0.0,0.0,26.1,0,0,0,0,0,602.2,-4.448387096774191,0.7688475589505147
2020-05-02,493,23.8,11.3,0.0,0.0,23.8,0,0,0,0,0,602.2,6.551612903225809,0.8186648953835934
2020-05-30,924,17.0,11.2,1.3,0.0,16.6,0,0,0,0,0,602.2,-0.24838709677419146,1.5343739621388242
2020-05-23,554,22.2,10.6,19.0,0.0,23.6,1,0,0,0,0,602.2,4.951612903225808,0.9199601461308534
2020-05-16,577,12.7,7.2,0.2,0.0,22.4,0,0,0,0,0,602.2,-4.548387096774192,0.9581534373962138
2020-06-07,558,21.4,12.6,0.0,0.0,21.5,0,0,0,0,0,579.25,-4.300000000000004,0.963314630988347
2020-06-21,595,25.0,21.0,8.9,0.0,17.4,0,0,0,0,0,579.25,-0.7000000000000028,1.027190332326284
2020-06-28,625,24.2,21.2,5.8,0.0,15.8,0,0,0,0,0,579.25,-1.5000000000000036,1.0789814415192058
2020-06-14,539,17.8,12.7,0.0,0.0,22.3,0,0,0,0,0,579.25,-7.900000000000002,0.9305135951661632
2020-06-22,674,28.1,20.1,23.8,0.0,21.1,1,0,0,0,0,654.6,2.3999999999999986,1.02963641918729
2020-06-08,526,28.5,17.0,0.0,0.0,20.7,0,0,0,0,0,654.6,2.799999999999997,0.8035441490986862
2020-06-29,556,29.3,21.2,3.4,0.0,19.2,0,0,0,0,0,654.6,3.599999999999998,0.8493736633058356
2020-06-15,578,19.9,12.0,0.0,0.0,20.2,0,0,0,0,0,654.6,-5.800000000000004,0.8829819737244118
2020-06-01,939,20.8,10.4,1.2,0.0,27.8,0,0,0,0,0,654.6,-4.900000000000002,1.4344637946837764
2020-06-16,553,25.2,14.2,0.0,0.0,21.6,0,0,0,0,0,576.2,-0.5000000000000036,0.9597362027073932
2020-06-23,578,24.1,16.9,2.5,0.0,25.9,0,0,0,0,0,576.2,-1.6000000000000014,1.003123915307185
2020-06-09,497,30.0,20.3,15.1,0.0,38.5,1,0,1,0,0,576.2,4.299999999999997,0.8625477264838597
2020-06-02,681,30.0,18.4,0.0,0.0,29.1,0,0,1,0,0,576.2,4.299999999999997,1.181881291218327
2020-06-30,572,27.2,21.8,5.9,0.0,16.2,0,0,0,0,0,576.2,1.4999999999999964,0.992710864283235
2020-06-17,605,27.5,16.2,0.0,0.0,19.7,0,0,0,0,0,577.75,1.7999999999999972,1.0471657291215923
2020-06-03,623,26.0,21.0,1.6,0.0,22.7,0,0,0,0,0,577.75,0.29999999999999716,1.0783210731285158
2020-06-24,582,23.9,15.4,3.0,0.0,17.5,0,0,0,0,0,577.75,-1.8000000000000043,1.0073561228905237
2020-06-10,501,28.1,17.0,2.1,0.0,41.7,0,0,0,0,0,577.75,2.3999999999999986,0.8671570748593682
2020-06-11,554,25.2,14.5,0.0,0.0,27.4,0,0,0,0,0,574.5,-0.5000000000000036,0.9643167972149695
2020-06-25,613,23.7,16.2,0.5,0.0,20.9,0,0,0,0,0,574.5,-2.0000000000000036,1.0670147954743254
2020-06-04,530,26.6,18.1,0.6,0.0,15.9,0,0,0,0,0,574.5,0.8999999999999986,0.9225413402959095
2020-06-18,601,28.2,17.1,0.0,0.0,18.9,0,0,0,0,0,574.5,2.4999999999999964,1.0461270670147955
2020-06-19,605,30.9,19.1,0.0,0.0,21.2,0,0,1,0,0,578.0,5.199999999999996,1.046712802768166
2020-06-05,543,29.8,17.2,0.2,0.0,18.4,0,0,0,0,0,578.0,4.099999999999998,0.9394463667820069
2020-06-12,606,21.6,13.3,0.0,0.0,26.2,0,0,0,0,0,578.0,-4.100000000000001,1.0484429065743945
2020-06-26,558,30.1,17.7,18.9,0.0,29.6,1,0,1,0,0,578.0,4.399999999999999,0.9653979238754326
2020-06-13,505,16.6,12.4,1.9,0.0,28.4,0,0,0,0,0,567.5,-9.100000000000001,0.8898678414096917
2020-06-27,579,29.2,21.0,1.0,0.0,20.9,0,0,0,0,0,567.5,3.4999999999999964,1.0202643171806167
2020-06-06,531,20.5,13.6,0.0,0.0,22.7,0,0,0,0,0,567.5,-5.200000000000003,0.9356828193832599
2020-06-20,655,31.6,20.6,7.3,0.0,25.6,0,0,1,0,0,567.5,5.899999999999999,1.1541850220264318
2020-07-12,599,22.8,19.2,6.5,0.0,28.2,0,0,0,0,0,652.75,-5.6354838709677395,0.9176560704710839
2020-07-26,660,32.8,22.6,4.1,0.0,24.0,0,0,1,0,0,652.75,4.364516129032257,1.011106855610877
2020-07-05,725,29.5,19.8,0.0,0.0,15.8,0,0,0,0,0,652.75,1.0645161290322598,1.1106855610877058
2020-07-19,627,31.0,22.1,13.1,0.0,36.7,1,0,1,0,0,652.75,2.56451612903226,0.9605515128303332
2020-07-27,620,28.7,21.8,15.7,0.0,17.0,1,0,0,0,0,642.5,0.2645161290322591,0.9649805447470817
2020-07-20,650,26.3,20.2,0.0,0.0,17.9,0,0,0,0,0,642.5,-2.1354838709677395,1.0116731517509727
2020-07-13,666,24.8,16.9,0.6,0.0,16.0,0,0,0,0,0,642.5,-3.6354838709677395,1.0365758754863814
2020-07-06,634,32.5,21.2,0.3,0.0,14.7,0,0,1,0,0,642.5,4.06451612903226,0.9867704280155642
2020-07-07,558,32.2,23.4,3.2,0.0,15.5,0,0,1,0,0,605.5,3.7645161290322626,0.921552436003303
2020-07-14,605,29.7,17.9,0.0,0.0,23.2,0,0,0,0,0,605.5,1.264516129032259,0.9991742361684558
2020-07-21,634,27.3,21.9,4.7,0.0,19.5,0,0,0,0,0,605.5,-1.1354838709677395,1.047068538398018
2020-07-28,625,28.8,19.3,0.1,0.0,22.2,0,0,0,0,0,605.5,0.3645161290322605,1.0322047894302229
2020-07-01,709,26.3,21.4,0.0,0.0,19.1,0,0,0,0,0,621.0,-2.1354838709677395,1.14170692431562
2020-07-29,621,29.0,21.3,1.3,0.0,22.8,0,0,0,0,0,621.0,0.5645161290322598,1.0
2020-07-15,610,29.9,21.0,58.1,0.0,28.2,1,0,0,0,0,621.0,1.4645161290322584,0.9822866344605475
2020-07-22,610,28.6,21.5,1.5,0.0,16.7,0,0,0,0,0,621.0,0.1645161290322612,0.9822866344605475
2020-07-08,555,30.5,24.0,0.5,0.0,16.5,0,0,1,0,0,621.0,2.06451612903226,0.893719806763285
2020-07-16,595,24.3,21.3,12.1,0.0,34.1,1,0,0,0,0,594.0,-4.1354838709677395,1.0016835016835017
2020-07-23,568,24.2,19.5,0.1,0.0,20.0,0,0,0,0,0,594.0,-4.235483870967741,0.9562289562289562
2020-07-02,641,27.2,19.5,0.0,0.0,18.2,0,0,0,0,0,594.0,-1.235483870967741,1.0791245791245792
2020-07-30,606,25.3,20.0,1.6,0.0,33.7,0,0,0,0,0,594.0,-3.1354838709677395,1.02020202020202
2020-07-09,560,33.8,24.4,3.1,0.0,24.5,0,0,1,0,0,594.0,5.364516129032257,0.9427609427609428
2020-07-10,672,28.5,21.8,19.0,0.0,27.4,1,0,0,0,0,656.4,0.06451612903225978,1.023765996343693
2020-07-31,632,24.5,19.3,0.0,0.0,23.7,0,0,0,0,0,656.4,-3.93548387096774,0.9628275441803779
2020-07-03,688,28.7,18.5,0.0,0.0,13.6,0,0,0,0,0,656.4,0.2645161290322591,1.048141377209019
2020-07-24,630,25.5,18.1,0.0,0.0,16.2,0,0,0,0,0,656.4,-2.93548387096774,0.9597806215722121
2020-07-17,660,29.7,18.5,0.0,0.0,18.9,0,0,0,0,0,656.4,1.264516129032259,1.0054844606946984
2020-07-18,650,32.6,22.8,0.0,0.0,28.8,0,0,1,0,0,668.75,4.164516129032261,0.9719626168224299
2020-07-25,651,30.3,18.9,0.0,0.0,14.8,0,0,1,0,0,668.75,1.8645161290322605,0.9734579439252337
2020-07-04,744,26.7,20.4,0.0,0.0,20.0,0,0,0,0,0,668.75,-1.735483870967741,1.1125233644859813
2020-07-11,630,29.5,20.2,1.9,0.0,22.5,0,0,0,0,0,668.75,1.0645161290322598,0.9420560747663551
2020-08-30,662,23.1,18.8,0.0,0.0,19.1,0,0,0,0,0,636.0,-4.37096774193548,1.0408805031446542
2020-08-23,626,31.6,19.6,0.7,0.0,19.2,0,0,1,0,0,636.0,4.12903225806452,0.9842767295597484
2020-08-16,670,25.3,18.4,0.2,0.0,22.3,0,0,0,0,0,636.0,-2.170967741935481,1.0534591194968554
2020-08-02,568,27.0,19.7,10.9,0.0,17.3,1,0,0,0,0,636.0,-0.47096774193548185,0.8930817610062893
2020-08-09,654,33.0,22.0,12.8,0.0,26.7,1,0,1,0,0,636.0,5.529032258064518,1.028301886792453
2020-08-17,642,26.2,18.8,0.0,0.0,16.6,0,0,0,0,0,706.8,-1.2709677419354826,0.9083191850594228
2020-08-31,697,30.5,18.4,0.3,0.0,22.8,0,0,1,0,0,706.8,3.029032258064518,0.9861346915676288
2020-08-10,950,29.6,21.3,7.5,0.0,23.5,0,0,0,0,0,706.8,2.1290322580645196,1.3440860215053765
2020-08-03,608,20.9,17.9,1.4,0.0,33.0,0,0,0,0,0,706.8,-6.570967741935483,0.8602150537634409
2020-08-24,637,35.4,21.3,0.2,0.0,22.0,0,0,1,0,0,706.8,7.929032258064517,0.9012450481041313
2020-08-11,596,25.3,18.9,0.0,0.0,15.2,0,0,0,0,0,599.5,-2.170967741935481,0.994161801501251
2020-08-04,543,19.7,15.7,0.3,0.0,27.8,0,0,0,0,0,599.5,-7.770967741935483,0.9057547956630525
2020-08-25,640,26.5,22.1,4.0,0.0,34.5,0,0,0,0,0,599.5,-0.9709677419354819,1.067556296914095
2020-08-18,619,22.7,19.1,0.0,0.0,24.0,0,0,0,0,0,599.5,-4.770967741935483,1.0325271059216012
2020-08-12,604,25.3,16.8,0.0,0.0,14.3,0,0,0,0,0,614.75,-2.170967741935481,0.9825132167547783
2020-08-26,652,33.6,22.6,0.0,0.0,24.4,0,0,1,0,0,614.75,6.12903225806452,1.060593737291582
2020-08-19,629,24.3,16.2,0.0,0.0,22.4,0,0,0,0,0,614.75,-3.170967741935481,1.0231801545343635
2020-08-05,574,23.3,12.4,0.0,0.0,12.6,0,0,0,0,0,614.75,-4.170967741935481,0.9337128914192762
2020-08-13,649,25.9,19.5,0.0,0.0,16.6,0,0,0,0,0,620.5,-1.5709677419354833,1.0459307010475423
2020-08-27,590,32.1,24.0,3.3,0.0,24.0,0,0,1,0,0,620.5,4.62903225806452,0.9508460918614021
2020-08-06,604,24.4,15.6,0.0,0.0,15.3,0,0,0,0,0,620.5,-3.0709677419354833,0.9734085414987913
2020-08-20,639,29.4,15.3,0.0,0.0,13.9,0,0,0,0,0,620.5,1.9290322580645167,1.0298146655922642
2020-08-07,595,26.1,15.4,0.0,0.0,17.1,0,0,0,0,0,641.25,-1.3709677419354804,0.9278752436647173
2020-08-21,658,29.5,17.6,0.0,0.0,11.9,0,0,0,0,0,641.25,2.029032258064518,1.026120857699805
2020-08-28,668,31.2,23.5,2.2,0.0,20.7,0,0,1,0,0,641.25,3.7290322580645174,1.0417153996101365
2020-08-14,644,27.3,19.9,0.0,0.0,19.3,0,0,0,0,0,641.25,-0.17096774193548114,1.0042884990253411
2020-08-08,670,31.7,18.6,0.0,0.0,25.5,0,0,1,0,0,658.6,4.229032258064517,1.0173094442757364
2020-08-15,626,28.6,19.9,1.2,0.0,18.9,0,0,0,0,0,658.6,1.1290322580645196,0.9505010628606134
2020-08-29,646,27.1,20.4,0.5,0.0,26.3,0,0,0,0,0,658.6,-0.37096774193548043,0.9808685089583966
2020-08-22,643,31.1,18.0,0.0,0.0,19.0,0,0,1,0,0,658.6,3.6290322580645196,0.9763133920437291
2020-08-01,708,23.9,20.5,4.5,0.0,16.1,0,0,0,0,0,658.6,-3.5709677419354833,1.0750075918615245
2020-09-20,604,20.8,10.0,0.0,0.0,20.4,0,0,0,0,0,622.0,-1.9233333333333391,0.9710610932475884
2020-09-27,654,26.1,14.9,0.1,0.0,34.2,0,0,0,0,0,622.0,3.3766666666666616,1.0514469453376205
2020-09-06,646,27.6,16.0,19.6,0.0,37.5,1,0,0,0,0,622.0,4.876666666666662,1.0385852090032155
2020-09-13,584,23.0,15.0,0.0,0.0,17.4,0,0,0,0,0,622.0,0.2766666666666602,0.9389067524115756
2020-09-14,590,21.6,15.8,0.0,0.0,12.8,0,0,0,0,0,578.0,-1.1233333333333384,1.0207612456747406
2020-09-28,548,17.3,11.4,7.6,0.0,26.1,0,0,0,0,0,578.0,-5.423333333333339,0.9480968858131488
2020-09-21,568,22.8,11.4,0.0,0.0,20.1,0,0,0,0,0,578.0,0.07666666666666089,0.9826989619377162
2020-09-07,606,22.7,17.1,3.0,0.0,34.7,0,0,0,0,0,578.0,-0.023333333333340533,1.0484429065743945
2020-09-15,608,24.9,14.4,0.0,0.0,21.0,0,0,0,0,0,578.8,2.1766666666666588,1.050449205252246
2020-09-22,545,25.1,11.9,0.0,0.0,15.5,0,0,0,0,0,578.8,2.3766666666666616,0.9416033172080167
2020-09-08,546,18.8,16.7,33.0,0.0,32.0,1,0,0,0,0,578.8,-3.923333333333339,0.9433310297166552
2020-09-01,676,22.5,20.4,4.9,0.0,19.9,0,0,0,0,0,578.8,-0.22333333333333982,1.1679336558396685
2020-09-29,519,15.6,8.4,0.0,0.0,22.0,0,0,0,0,0,578.8,-7.12333333333334,0.896682791983414
2020-09-23,639,25.0,14.0,0.0,0.0,17.3,0,0,0,0,0,592.8,2.27666666666666,1.0779352226720649
2020-09-09,543,19.0,16.5,4.7,0.0,27.2,0,0,0,0,0,592.8,-3.72333333333334,0.9159919028340082
2020-09-02,581,29.3,19.6,0.0,0.0,26.8,0,0,0,0,0,592.8,6.576666666666661,0.9800944669365723
2020-09-30,582,18.3,10.9,0.4,0.0,43.2,0,0,0,0,0,592.8,-4.423333333333339,0.9817813765182187
2020-09-16,619,26.7,15.0,0.3,0.0,23.4,0,0,0,0,0,592.8,3.9766666666666595,1.0441970310391364
2020-09-24,573,25.6,14.1,0.0,0.0,20.4,0,0,0,0,0,562.0,2.8766666666666616,1.019572953736655
2020-09-17,535,20.1,15.3,0.3,0.0,28.3,0,0,0,0,0,562.0,-2.6233333333333384,0.9519572953736655
2020-09-03,575,29.8,18.1,0.0,0.0,39.1,0,0,0,0,0,562.0,7.076666666666661,1.0231316725978647
2020-09-10,565,17.8,16.5,6.0,0.0,27.3,0,0,0,0,0,562.0,-4.923333333333339,1.0053380782918149
2020-09-04,651,25.6,13.2,0.0,0.0,26.0,0,0,0,0,0,641.75,2.8766666666666616,1.0144137125048696
2020-09-11,660,20.1,16.7,3.1,0.0,22.3,0,0,0,0,0,641.75,-2.6233333333333384,1.02843786521231
2020-09-18,576,15.3,10.4,0.1,0.0,28.0,0,0,0,0,0,641.75,-7.423333333333339,0.8975457732761979
2020-09-25,680,26.7,14.3,0.0,0.0,23.1,0,0,0,0,0,641.75,3.9766666666666595,1.0596026490066226
2020-09-12,564,22.4,17.2,30.9,0.0,22.2,1,0,0,0,0,614.75,-0.32333333333334124,0.917446116307442
2020-09-19,592,15.6,8.8,0.0,0.0,14.2,0,0,0,0,0,614.75,-7.12333333333334,0.9629930866205775
2020-09-26,630,28.4,16.9,0.0,0.0,37.6,0,0,0,0,0,614.75,5.676666666666659,1.024806832045547
2020-09-05,673,27.2,17.0,0.0,0.0,32.4,0,0,0,0,0,614.75,4.4766666666666595,1.0947539650264335
2020-10-11,653,19.4,14.0,0.9,0.0,25.5,0,0,0,0,0,612.5,4.487096774193548,1.0661224489795917
2020-10-18,561,14.0,4.7,7.4,0.0,33.1,0,0,0,0,0,612.5,-0.9129032258064509,0.9159183673469388
2020-10-04,583,11.7,6.4,2.4,0.0,27.2,0,0,0,0,0,612.5,-3.2129032258064516,0.9518367346938775
2020-10-25,653,8.2,5.8,0.4,0.0,23.8,0,0,0,0,0,612.5,-6.712903225806452,1.0661224489795917
2020-10-05,567,15.3,3.2,0.0,0.0,29.1,0,0,0,0,0,554.5,0.3870967741935498,1.0225428313796212
2020-10-19,529,9.9,4.8,5.4,0.0,23.0,0,0,0,0,0,554.5,-5.0129032258064505,0.9540126239855726
2020-10-12,576,22.4,10.4,8.2,0.0,38.5,0,0,0,0,0,554.5,7.487096774193548,1.0387736699729486
2020-10-26,546,7.1,2.3,2.9,0.56,29.6,0,0,0,0,0,554.5,-7.812903225806451,0.9846708746618575
2020-10-13,591,20.2,7.6,0.0,0.0,36.2,0,0,0,0,0,565.25,5.287096774193548,1.0455550641309155
2020-10-27,519,3.1,1.7,2.4,1.33,16.1,0,0,0,0,0,565.25,-11.812903225806451,0.9181777974347634
2020-10-06,595,21.5,10.2,0.0,0.0,25.3,0,0,0,0,0,565.25,6.587096774193549,1.0526315789473684
2020-10-20,556,11.9,6.0,3.2,0.0,23.6,0,0,0,0,0,565.25,-3.0129032258064505,0.9836355594869527
2020-10-21,583,12.5,8.1,1.7,0.0,23.2,0,0,0,0,0,599.25,-2.412903225806451,0.9728827701293283
2020-10-07,614,22.5,13.3,0.0,0.0,32.6,0,0,0,0,0,599.25,7.587096774193549,1.0246141009595326
2020-10-28,549,10.6,-0.2,0.0,0.0,21.9,0,0,0,0,0,599.25,-4.312903225806451,0.9161451814768461
2020-10-14,651,21.9,6.8,0.0,0.0,40.1,0,0,0,0,0,599.25,6.987096774193548,1.0863579474342928
2020-10-22,606,24.0,11.3,15.3,0.0,35.4,1,0,0,0,0,609.0,9.087096774193549,0.9950738916256158
2020-10-29,582,9.2,3.6,0.2,0.0,41.5,0,0,0,0,0,609.0,-5.712903225806452,0.9556650246305419
2020-10-08,563,18.2,8.5,0.0,0.0,20.8,0,0,0,0,0,609.0,3.2870967741935484,0.9244663382594417
2020-10-01,647,13.8,8.5,5.2,0.0,23.8,0,0,0,0,0,609.0,-1.1129032258064502,1.0623973727422003
2020-10-15,647,16.5,6.0,0.2,0.0,36.0,0,0,0,0,0,609.0,1.587096774193549,1.0623973727422003
2020-10-09,657,26.1,10.9,0.0,0.0,34.2,0,0,0,0,0,596.8,11.18709677419355,1.1008713136729222
2020-10-16,570,11.0,3.5,0.0,0.0,27.5,0,0,0,0,0,596.8,-3.912903225806451,0.9550938337801609
2020-10-23,583,20.3,4.7,16.5,0.0,32.4,1,0,0,0,0,596.8,5.38709677419355,0.9768766756032172
2020-10-02,554,12.7,7.8,0.1,0.0,22.7,0,0,0,0,0,596.8,-2.2129032258064516,0.9282841823056301
2020-10-30,620,4.6,0.2,0.0,0.0,23.0,0,0,0,0,0,596.8,-10.312903225806451,1.0388739946380698
2020-10-03,607,13.9,6.5,2.8,0.0,15.8,0,0,0,0,0,617.0,-1.0129032258064505,0.9837925445705025
2020-10-17,620,16.6,3.2,0.0,0.0,42.8,0,0,0,0,0,617.0,1.6870967741935505,1.0048622366288493
2020-10-31,625,12.9,0.3,0.0,0.0,35.9,0,0,0,0,0,617.0,-2.0129032258064505,1.012965964343598
2020-10-24,554,6.4,2.8,0.0,0.0,23.3,0,0,0,0,0,617.0,-8.51290322580645,0.8978930307941653
2020-10-10,679,23.9,13.8,0.2,0.0,28.0,0,0,0,0,0,617.0,8.987096774193548,1.100486223662885
2020-11-15,522,12.3,2.1,6.0,0.0,54.6,0,0,0,0,1,572.0,0.1566666666666663,0.9125874125874126
2020-11-01,693,11.6,-0.4,0.0,0.0,41.2,0,0,0,0,0,572.0,-0.5433333333333348,1.2115384615384615
2020-11-22,512,7.2,3.9,3.5,0.0,18.5,0,0,0,0,0,572.0,-4.943333333333334,0.8951048951048951
2020-11-29,536,9.3,2.5,0.0,0.0,28.0,0,0,0,0,0,572.0,-2.8433333333333337,0.9370629370629371
2020-11-08,597,23.4,12.6,0.2,0.0,26.0,0,0,0,0,0,572.0,11.256666666666664,1.0437062937062938
2020-11-09,625,22.3,16.4,0.1,0.0,32.6,0,0,0,0,0,556.0,10.156666666666666,1.1241007194244603
2020-11-02,604,9.1,-3.0,0.0,0.0,32.7,0,0,0,0,0,556.0,-3.043333333333335,1.0863309352517985
2020-11-16,519,7.8,-0.6,0.8,0.0,29.3,0,0,0,0,0,556.0,-4.343333333333335,0.9334532374100719
2020-11-23,539,6.2,2.1,0.0,0.0,20.4,0,0,0,0,0,556.0,-5.943333333333334,0.9694244604316546
2020-11-30,493,3.3,-1.9,1.0,0.7,37.8,0,0,0,0,0,556.0,-8.843333333333334,0.8866906474820144
2020-11-24,510,6.5,1.6,11.5,1.12,29.5,1,0,0,0,0,557.5,-5.643333333333334,0.9147982062780269
2020-11-10,600,22.8,10.6,7.6,0.0,41.7,0,0,0,0,0,557.5,10.656666666666666,1.0762331838565022
2020-11-03,616,17.6,3.9,0.0,0.0,26.8,0,0,0,0,0,557.5,5.456666666666667,1.104932735426009
2020-11-17,504,5.0,-1.7,0.0,0.0,29.7,0,0,0,0,0,557.5,-7.143333333333334,0.9040358744394619
2020-11-11,488,8.2,1.4,0.0,0.0,35.9,0,0,0,0,0,535.0,-3.943333333333335,0.9121495327102803
2020-11-18,505,9.5,-1.9,0.0,0.0,36.5,0,0,0,0,0,535.0,-2.6433333333333344,0.9439252336448598
2020-11-04,660,20.2,10.2,0.0,0.0,30.0,0,0,0,0,0,535.0,8.056666666666665,1.233644859813084
2020-11-25,487,8.0,6.0,10.8,0.0,21.5,1,0,0,0,0,535.0,-4.143333333333334,0.9102803738317757
2020-11-05,646,19.4,12.7,0.0,0.0,24.2,0,0,0,0,0,520.75,7.256666666666664,1.240518482957273
2020-11-12,522,11.0,0.8,0.3,0.0,17.4,0,0,0,0,0,520.75,-1.1433333333333344,1.00240038406145
2020-11-19,521,17.2,7.3,0.0,0.0,40.7,0,0,0,0,0,520.75,5.056666666666665,1.00048007681229
2020-11-26,394,8.5,3.0,0.0,0.0,23.4,0,0,0,0,0,520.75,-3.6433333333333344,0.756601056168987
2020-11-20,646,14.9,7.6,0.0,0.0,31.5,0,0,0,0,0,606.25,2.756666666666666,1.0655670103092783
2020-11-06,667,21.5,9.6,0.0,0.0,23.8,0,0,0,0,0,606.25,9.356666666666666,1.1002061855670102
2020-11-13,533,6.7,-1.1,0.6,0.0,25.0,0,0,0,0,0,606.25,-5.443333333333334,0.8791752577319588
2020-11-27,579,7.6,0.5,0.0,0.0,18.0,0,0,0,0,0,606.25,-4.543333333333335,0.9550515463917526
2020-11-21,537,6.9,3.6,0.0,0.0,20.7,0,0,0,0,0,531.25,-5.243333333333334,1.0108235294117647
2020-11-07,623,21.1,11.1,0.0,0.0,24.8,0,0,0,0,0,531.25,8.956666666666667,1.1727058823529413
2020-11-28,493,9.3,-2.5,0.0,0.0,27.9,0,0,0,0,0,531.25,-2.8433333333333337,0.928
2020-11-14,472,9.9,-2.3,2.1,0.0,36.7,0,0,0,0,0,531.25,-2.243333333333334,0.8884705882352941
2020-12-06,567,2.1,1.0,0.1,0.0,12.4,0,0,0,0,0,542.25,-1.5161290322580645,1.045643153526971
2020-12-20,556,4.3,0.2,0.0,0.0,25.0,0,0,0,0,0,542.25,0.6838709677419352,1.0253573075149838
2020-12-27,496,7.5,-4.5,0.2,0.0,26.6,0,0,0,0,0,542.25,3.8838709677419354,0.9147072383586906
2020-12-13,550,2.3,-2.6,0.0,0.0,22.6,0,0,0,0,0,542.25,-1.3161290322580648,1.0142923005993545
2020-12-21,614,7.6,-0.5,0.3,0.0,33.8,0,0,0,0,0,562.5,3.983870967741935,1.0915555555555556
2020-12-14,553,-0.6,-4.6,0.0,0.0,23.9,0,0,0,0,0,562.5,-4.216129032258064,0.9831111111111112
2020-12-07,555,2.4,0.1,0.0,0.0,15.7,0,0,0,0,0,562.5,-1.2161290322580647,0.9866666666666667
2020-12-28,528,0.4,-5.3,0.0,0.0,26.3,0,0,0,0,0,562.5,-3.2161290322580647,0.9386666666666666
2020-12-08,549,3.2,-0.5,0.0,0.0,23.2,0,0,0,0,0,548.6,-0.4161290322580644,1.0007291286912139
2020-12-22,580,5.0,-0.9,0.0,0.0,31.4,0,0,0,0,0,548.6,1.3838709677419354,1.0572366022602988
2020-12-29,429,-0.5,-8.3,4.2,2.59,33.4,0,1,0,0,0,548.6,-4.116129032258065,0.7819905213270142
2020-12-01,607,1.1,-3.9,0.0,0.0,25.5,0,0,0,0,0,548.6,-2.5161290322580645,1.1064527889172437
2020-12-15,578,-0.1,-5.4,0.0,0.0,24.4,0,0,0,0,0,548.6,-3.7161290322580647,1.053590958804229
2020-12-23,586,11.7,1.9,5.7,0.0,46.2,0,0,0,0,1,525.0,8.083870967741934,1.1161904761904762
2020-12-02,511,7.5,-4.2,0.0,0.0,23.0,0,0,0,0,0,525.0,3.8838709677419354,0.9733333333333334
2020-12-16,527,0.5,-2.0,0.5,0.35,25.7,0,0,0,0,0,525.0,-3.1161290322580646,1.0038095238095237
2020-12-30,474,2.3,-4.4,9.1,0.0,30.3,0,0,0,0,0,525.0,-1.3161290322580648,0.9028571428571428
2020-12-09,527,10.3,0.1,0.0,0.0,22.3,0,0,0,0,0,525.0,6.683870967741936,1.0038095238095237
2020-12-31,555,-1.0,-7.3,0.0,0.0,16.6,0,0,0,0,0,525.6,-4.616129032258065,1.0559360730593608
2020-12-10,580,10.9,-0.7,0.0,0.0,17.5,0,0,0,0,0,525.6,7.283870967741936,1.1035007610350076
2020-12-03,476,6.7,-2.1,0.0,0.0,26.1,0,0,0,0,0,525.6,3.0838709677419356,0.9056316590563166
2020-12-17,518,1.3,-1.4,0.4,0.28,12.2,0,0,0,0,0,525.6,-2.3161290322580648,0.9855403348554033
2020-12-24,499,-0.7,-10.1,0.1,0.07,43.3,0,0,0,0,0,525.6,-4.316129032258065,0.9493911719939117
2020-12-25,400,-5.4,-12.6,0.2,0.14,28.7,0,0,0,1,0,510.5,-9.016129032258064,0.7835455435847208
2020-12-18,565,2.9,-4.6,0.0,0.0,28.9,0,0,0,0,0,510.5,-0.7161290322580647,1.1067580803134183
2020-12-11,498,6.0,1.3,10.4,0.0,31.6,1,0,0,0,0,510.5,2.3838709677419354,0.9755142017629774
2020-12-04,579,6.8,0.1,0.0,0.0,26.7,0,0,0,0,0,510.5,3.1838709677419352,1.1341821743388834
2020-12-26,440,1.3,-7.3,0.0,0.0,26.9,0,0,0,0,0,510.75,-2.3161290322580648,0.8614782183064121
2020-12-05,567,3.4,0.9,0.0,0.0,19.5,0,0,0,0,0,510.75,-0.21612903225806468,1.1101321585903083
2020-12-19,533,7.9,0.5,0.0,0.0,28.4,0,0,0,0,0,510.75,4.283870967741936,1.043563387175722
2020-12-12,503,5.0,0.7,25.4,0.28,34.2,1,0,0,0,0,510.75,1.3838709677419354,0.9848262359275575
2021-01-24,509,2.3,-2.5,2.2,1.54,19.8,0,0,0,0,0,493.0,1.158064516129032,1.0324543610547667
2021-01-10,558,-1.2,-3.5,0.0,0.0,15.5,0,0,0,0,0,493.0,-2.3419354838709676,1.13184584178499
2021-01-31,341,0.4,-1.4,14.7,10.22,37.1,1,1,0,0,0,493.0,-0.7419354838709679,0.691683569979716
2021-01-03,515,2.4,-2.5,3.2,2.24,15.1,0,1,0,0,0,493.0,1.258064516129032,1.0446247464503042
2021-01-17,542,0.2,-2.7,3.2,2.17,13.9,0,1,0,0,0,493.0,-0.9419354838709679,1.0993914807302232
2021-01-18,473,-0.5,-4.3,0.0,0.0,20.3,0,0,0,0,0,507.75,-1.6419354838709679,0.931560807483998
2021-01-11,488,-1.3,-5.2,0.0,0.0,26.3,0,0,0,0,0,507.75,-2.441935483870968,0.9611029049729197
2021-01-04,532,1.6,-4.5,0.1,0.07,17.1,0,0,0,0,0,507.75,0.4580645161290322,1.0477597242737569
2021-01-25,538,0.6,-1.3,3.6,2.52,35.3,0,1,0,0,0,507.75,-0.5419354838709679,1.0595765632693255
2021-01-19,522,-0.4,-7.5,2.4,1.68,26.6,0,0,0,0,0,517.0,-1.5419354838709678,1.009671179883946
2021-01-26,440,-0.5,-3.0,12.5,8.68,34.4,1,1,0,0,0,517.0,-1.6419354838709679,0.851063829787234
2021-01-05,540,3.5,-4.4,0.0,0.0,15.1,0,0,0,0,0,517.0,2.358064516129032,1.0444874274661509
2021-01-12,566,4.5,-3.4,0.0,0.0,24.1,0,0,0,0,0,517.0,3.358064516129032,1.0947775628626693
2021-01-13,517,6.8,-1.3,0.0,0.0,22.0,0,0,0,0,0,514.5,5.658064516129032,1.0048590864917395
2021-01-27,517,-2.5,-9.0,0.7,0.49,28.8,0,0,0,0,0,514.5,-3.641935483870968,1.0048590864917395
2021-01-06,485,1.8,-2.5,0.0,0.0,12.8,0,0,0,0,0,514.5,0.6580645161290322,0.9426627793974732
2021-01-20,539,0.1,-9.5,0.0,0.0,37.4,0,0,0,0,0,514.5,-1.0419354838709678,1.0476190476190477
2021-01-14,534,4.9,-1.0,4.2,0.0,23.0,0,0,0,0,0,545.5,3.7580645161290325,0.9789184234647113
2021-01-21,591,4.4,-0.9,0.0,0.0,36.4,0,0,0,0,0,545.5,3.2580645161290325,1.083409715857012
2021-01-07,578,3.0,-0.2,0.0,0.0,19.9,0,0,0,0,0,545.5,1.8580645161290321,1.0595783684692943
2021-01-28,479,-6.1,-14.7,0.0,0.0,22.3,0,0,0,1,0,545.5,-7.241935483870968,0.8780934922089826
2021-01-15,582,2.9,-2.5,1.8,0.84,22.2,0,0,0,0,0,588.8,1.758064516129032,0.9884510869565218
2021-01-01,762,0.9,-3.7,15.7,8.61,34.0,1,1,0,0,0,588.8,-0.24193548387096786,1.2941576086956523
2021-01-08,588,1.7,-0.3,0.0,0.0,26.9,0,0,0,0,0,588.8,0.5580645161290321,0.9986413043478262
2021-01-29,492,-1.3,-16.3,0.0,0.0,21.8,0,0,0,0,0,588.8,-2.441935483870968,0.8355978260869565
2021-01-22,520,-0.1,-9.8,0.0,0.0,28.5,0,0,0,0,0,588.8,-1.241935483870968,0.8831521739130436
2021-01-23,525,-0.2,-12.1,0.0,0.0,17.7,0,0,0,0,0,482.8,-1.3419354838709678,1.0874067937033969
2021-01-02,449,1.3,-1.6,0.9,0.49,30.0,0,0,0,0,0,482.8,0.15806451612903216,0.9299917149958574
2021-01-30,461,1.1,-3.4,9.0,6.3,36.6,0,1,0,0,0,482.8,-0.041935483870967794,0.9548467274233637
2021-01-16,485,3.4,-3.3,1.9,1.19,22.1,0,0,0,0,0,482.8,2.258064516129032,1.004556752278376
2021-01-09,494,1.7,-2.5,0.0,0.0,18.9,0,0,0,0,0,482.8,0.5580645161290321,1.0231980115990058
2021-02-21,464,1.5,-10.2,4.1,2.31,38.3,0,1,0,0,0,453.0,4.957142857142857,1.0242825607064017
2021-02-14,403,-15.4,-20.2,1.5,0.98,27.8,0,0,0,1,0,453.0,-11.942857142857143,0.8896247240618101
2021-02-07,382,-14.9,-21.9,0.0,0.0,23.3,0,0,0,1,0,453.0,-11.442857142857143,0.8432671081677704
2021-02-28,563,12.3,1.2,0.9,0.0,36.0,0,0,0,0,0,453.0,15.757142857142858,1.2428256070640176
2021-02-01,544,0.2,-4.7,0.0,0.0,31.9,0,0,0,0,0,447.5,3.657142857142857,1.2156424581005587
2021-02-15,337,-7.7,-16.7,9.7,6.79,43.5,0,1,0,1,0,447.5,-4.242857142857144,0.753072625698324
2021-02-08,414,-10.7,-20.5,1.9,1.33,19.4,0,0,0,1,0,447.5,-7.242857142857142,0.9251396648044693
2021-02-22,495,2.8,-2.9,1.0,0.0,35.3,0,0,0,0,0,447.5,6.257142857142856,1.106145251396648
2021-02-16,366,-7.1,-12.0,5.0,3.43,30.6,0,1,0,1,0,463.5,-3.642857142857143,0.7896440129449838
2021-02-09,439,-10.3,-16.2,0.0,0.0,25.2,0,0,0,1,0,463.5,-6.842857142857143,0.9471413160733549
2021-02-23,546,4.8,-0.1,0.0,0.0,37.0,0,0,0,0,0,463.5,8.257142857142856,1.1779935275080906
2021-02-02,503,-0.3,-5.8,0.0,0.0,24.8,0,0,0,0,0,463.5,3.157142857142857,1.0852211434735706
2021-02-24,519,5.2,-3.7,0.0,0.0,32.1,0,0,0,0,0,469.75,8.657142857142857,1.104843001596594
2021-02-03,501,-1.7,-11.4,0.0,0.0,20.7,0,0,0,0,0,469.75,1.757142857142857,1.0665247472059607
2021-02-17,435,-7.3,-15.2,0.0,0.0,19.7,0,0,0,1,0,469.75,-3.842857142857143,0.9260244811069718
2021-02-10,424,-8.1,-16.2,0.7,0.49,27.7,0,0,0,1,0,469.75,-4.642857142857142,0.9026077700904737
2021-02-04,435,1.3,-4.5,8.5,5.25,41.9,0,1,0,0,0,463.0,4.757142857142857,0.9395248380129589
2021-02-11,438,-5.1,-12.1,0.6,0.42,28.2,0,0,0,1,0,463.0,-1.6428571428571428,0.9460043196544277
2021-02-25,533,2.6,-9.2,0.0,0.0,16.0,0,0,0,0,0,463.0,6.057142857142857,1.1511879049676026
2021-02-18,446,-5.2,-9.2,1.1,0.77,14.5,0,0,0,1,0,463.0,-1.7428571428571433,0.9632829373650108
2021-02-12,486,-6.2,-12.3,1.5,0.98,23.9,0,0,0,1,0,507.5,-2.7428571428571433,0.9576354679802955
2021-02-05,483,-5.7,-13.1,0.1,0.07,41.9,0,0,0,1,0,507.5,-2.2428571428571433,0.9517241379310345
2021-02-19,490,-7.5,-14.5,0.0,0.0,21.3,0,0,0,1,0,507.5,-4.042857142857143,0.9655172413793104
2021-02-26,571,3.5,-9.4,0.4,0.0,18.4,0,0,0,0,0,507.5,6.957142857142857,1.1251231527093597
2021-02-13,423,-10.6,-16.9,3.4,2.31,27.1,0,1,0,1,0,466.25,-7.142857142857142,0.9072386058981233
2021-02-20,471,-6.6,-18.8,0.0,0.0,18.6,0,0,0,1,0,466.25,-3.142857142857143,1.0101876675603216
2021-02-06,403,-11.0,-17.7,2.0,1.4,29.3,0,0,0,1,0,466.25,-7.542857142857143,0.864343163538874
2021-02-27,568,10.4,-0.9,2.2,0.28,19.0,0,0,0,0,0,466.25,13.857142857142858,1.218230563002681
2021-03-28,540,11.3,0.7,0.0,0.0,37.6,0,0,0,0,0,509.75,1.2032258064516093,1.0593428151054438
2021-03-07,490,8.0,-4.0,0.0,0.0,23.0,0,0,0,0,0,509.75,-2.0967741935483915,0.9612555174104953
2021-03-21,551,16.1,1.7,0.0,0.0,23.9,0,0,0,0,0,509.75,6.00322580645161,1.0809220205983325
2021-03-14,458,5.6,1.6,0.0,0.0,35.4,0,0,0,0,0,509.75,-4.496774193548392,0.8984796468857283
2021-03-01,625,0.4,-5.5,0.0,0.0,24.3,0,0,0,0,0,552.8,-9.696774193548391,1.1306078147612157
2021-03-22,607,18.5,6.3,0.0,0.0,24.0,0,0,0,0,0,552.8,8.403225806451609,1.0980463096960926
2021-03-29,500,15.5,-1.9,0.0,0.0,40.4,0,0,0,0,0,552.8,5.4032258064516085,0.9044862518089726
2021-03-15,495,3.1,-0.3,5.3,3.71,35.9,0,1,0,0,0,552.8,-6.996774193548392,0.8954413892908829
2021-03-08,537,16.5,5.1,0.0,0.0,27.9,0,0,0,0,0,552.8,6.4032258064516085,0.9714182344428366
2021-03-02,506,6.2,-9.1,0.0,0.0,29.2,0,0,0,0,0,520.8,-3.8967741935483913,0.9715821812596007
2021-03-09,590,17.1,4.3,0.0,0.0,29.2,0,0,0,0,0,520.8,7.00322580645161,1.1328725038402458
2021-03-30,529,19.5,8.3,0.5,0.0,36.8,0,0,0,0,0,520.8,9.403225806451609,1.0157450076804917
2021-03-16,484,3.5,-0.5,0.0,0.0,15.7,0,0,0,0,0,520.8,-6.5967741935483915,0.9293394777265745
2021-03-23,495,16.2,9.2,7.6,0.0,29.1,0,0,0,0,0,520.8,6.103225806451608,0.9504608294930876
2021-03-17,519,3.9,-0.8,10.1,0.0,35.8,1,0,0,0,0,528.4,-6.196774193548391,0.9822104466313399
2021-03-10,558,19.0,11.1,0.3,0.0,41.6,0,0,0,0,0,528.4,8.903225806451609,1.0560181680545042
2021-03-03,567,10.2,0.4,0.0,0.0,26.5,0,0,0,0,0,528.4,0.10322580645160784,1.0730507191521574
2021-03-31,491,7.6,1.3,0.1,0.07,26.7,0,0,0,0,0,528.4,-2.496774193548392,0.9292202876608631
2021-03-24,507,15.6,8.9,2.9,0.0,39.2,0,0,0,0,0,528.4,5.503225806451608,0.9595003785011356
2021-03-25,472,7.9,3.2,5.4,0.0,36.4,0,0,0,0,0,488.75,-2.196774193548391,0.9657289002557545
2021-03-18,453,5.1,2.1,9.1,0.0,44.0,0,0,0,0,0,488.75,-4.996774193548392,0.9268542199488491
2021-03-04,531,0.6,-2.1,0.0,0.0,27.9,0,0,0,0,0,488.75,-9.496774193548392,1.0864450127877239
2021-03-11,499,15.8,5.1,1.7,0.0,43.0,0,0,0,0,0,488.75,5.703225806451609,1.0209718670076726
2021-03-19,506,3.9,-1.3,0.0,0.0,29.3,0,0,0,0,0,521.25,-6.196774193548391,0.9707434052757794
2021-03-05,532,6.3,-4.5,0.0,0.0,18.1,0,0,0,0,0,521.25,-3.7967741935483916,1.0206235011990408
2021-03-26,510,4.8,1.7,4.3,0.0,35.3,0,0,0,0,0,521.25,-5.296774193548392,0.9784172661870504
2021-03-12,537,8.2,0.9,0.0,0.0,16.5,0,0,0,0,0,521.25,-1.8967741935483922,1.0302158273381294
2021-03-13,509,13.3,-1.7,0.0,0.0,14.8,0,0,0,0,0,501.75,3.2032258064516093,1.014449427005481
2021-03-27,476,18.8,3.0,2.4,0.0,27.7,0,0,0,0,0,501.75,8.70322580645161,0.9486796213253612
2021-03-06,526,3.9,-4.7,0.0,0.0,18.0,0,0,0,0,0,501.75,-6.196774193548391,1.0483308420528152
2021-03-20,496,10.6,-1.7,0.0,0.0,15.7,0,0,0,0,0,501.75,0.5032258064516082,0.9885401096163428
2021-04-11,483,11.1,5.9,0.1,0.0,19.9,0,0,0,0,0,496.75,-3.573333333333334,0.9723200805234021
2021-04-18,455,16.3,1.0,0.2,0.0,17.7,0,0,0,0,0,496.75,1.626666666666667,0.9159536990437847
2021-04-04,544,19.0,4.1,0.0,0.0,20.2,0,0,0,0,0,496.75,4.326666666666666,1.0951182687468546
2021-04-25,505,9.3,3.5,0.0,0.0,27.7,0,0,0,0,0,496.75,-5.373333333333333,1.0166079516859587
2021-04-19,444,11.5,5.7,2.8,0.0,23.5,0,0,0,0,0,509.75,-3.173333333333334,0.8710152035311427
2021-04-05,529,22.6,12.5,0.3,0.0,26.3,0,0,0,0,0,509.75,7.926666666666668,1.037763609612555
2021-04-26,535,24.2,3.4,0.0,0.0,38.9,0,0,0,0,0,509.75,9.526666666666666,1.049534085335949
2021-04-12,531,16.7,8.2,1.8,0.0,30.3,0,0,0,0,0,509.75,2.0266666666666655,1.041687101520353
2021-04-13,518,12.9,5.0,0.0,0.0,29.2,0,0,0,0,0,529.25,-1.7733333333333334,0.9787435049598489
2021-04-20,440,5.1,1.6,2.9,2.03,20.6,0,1,0,0,0,529.25,-9.573333333333334,0.8313651393481342
2021-04-06,550,26.6,13.2,0.0,0.0,28.9,0,0,0,0,0,529.25,11.926666666666668,1.0392064241851677
2021-04-27,609,29.8,13.7,0.0,0.0,32.4,0,0,0,0,0,529.25,15.126666666666667,1.1506849315068493
2021-04-07,587,25.7,14.3,1.3,0.0,29.6,0,0,0,0,0,511.0,11.026666666666666,1.1487279843444227
2021-04-21,460,8.5,-1.6,2.5,1.12,18.5,0,0,0,0,0,511.0,-6.173333333333334,0.9001956947162426
2021-04-14,468,9.2,1.9,0.0,0.0,22.2,0,0,0,0,0,511.0,-5.4733333333333345,0.9158512720156555
2021-04-28,529,20.8,6.6,8.8,0.0,23.7,0,0,0,0,0,511.0,6.126666666666667,1.0352250489236792
2021-04-08,489,17.4,11.1,13.7,0.0,29.3,1,0,0,0,0,518.0,2.726666666666665,0.944015444015444
2021-04-22,499,13.6,-1.2,0.0,0.0,24.5,0,0,0,0,0,518.0,-1.0733333333333341,0.9633204633204633
2021-04-01,630,1.4,-3.3,0.0,0.0,31.0,0,0,0,0,0,518.0,-13.273333333333333,1.2162162162162162
2021-04-29,454,13.5,6.6,5.0,0.0,26.4,0,0,0,0,0,518.0,-1.1733333333333338,0.8764478764478765
2021-04-15,518,8.8,2.3,0.0,0.0,24.3,0,0,0,0,0,518.0,-5.873333333333333,1.0
2021-04-16,528,8.2,3.6,0.0,0.0,17.7,0,0,0,0,0,536.8,-6.4733333333333345,0.9836065573770493
2021-04-09,531,17.3,10.0,1.4,0.0,35.9,0,0,0,0,0,536.8,2.626666666666667,0.9891952309985098
2021-04-30,601,12.3,5.1,0.0,0.0,37.0,0,0,0,0,0,536.8,-2.373333333333333,1.1195976154992549
2021-04-02,509,8.8,-4.8,0.0,0.0,23.5,0,0,0,0,0,536.8,-5.873333333333333,0.9482116244411327
2021-04-23,515,16.7,4.8,0.0,0.0,29.3,0,0,0,0,0,536.8,2.0266666666666655,0.9593889716840537
2021-04-03,538,18.9,2.5,0.0,0.0,33.4,0,0,0,0,0,526.0,4.226666666666665,1.0228136882129277
2021-04-10,516,12.1,7.0,10.1,0.0,22.1,1,0,0,0,0,526.0,-2.573333333333334,0.9809885931558935
2021-04-17,515,8.6,3.5,0.0,0.0,19.1,0,0,0,0,0,526.0,-6.073333333333334,0.9790874524714829
2021-04-24,535,13.3,8.7,2.2,0.0,24.5,0,0,0,0,0,526.0,-1.373333333333333,1.0171102661596958
2021-05-30,590,17.9,6.3,0.0,0.0,16.2,0,0,0,0,0,591.0,-1.364516129032257,0.9983079526226735
2021-05-16,564,20.7,9.3,0.0,0.0,18.7,0,0,0,0,0,591.0,1.4354838709677438,0.9543147208121827
2021-05-09,528,9.3,4.1,20.7,0.07,31.1,1,0,0,0,0,591.0,-9.964516129032255,0.8934010152284264
2021-05-02,622,28.0,16.0,0.1,0.0,38.5,0,0,0,0,0,591.0,8.735483870967744,1.0524534686971234
2021-05-23,651,27.5,13.6,6.6,0.0,16.6,0,0,0,0,0,591.0,8.235483870967744,1.101522842639594
2021-05-17,599,18.7,12.7,0.0,0.0,16.7,0,0,0,0,0,577.6,-0.5645161290322562,1.0370498614958448
2021-05-10,530,7.6,3.9,0.4,0.0,23.7,0,0,0,0,0,577.6,-11.664516129032256,0.917590027700831
2021-05-03,553,23.0,14.3,5.4,0.0,26.3,0,0,0,0,0,577.6,3.7354838709677445,0.9574099722991689
2021-05-24,662,30.4,13.1,0.2,0.0,27.4,0,0,1,0,0,577.6,11.135483870967743,1.1461218836565097
2021-05-31,544,21.5,12.1,0.5,0.0,21.9,0,0,0,0,0,577.6,2.2354838709677445,0.9418282548476454
2021-05-25,639,30.0,20.9,2.0,0.0,34.9,0,0,1,0,0,553.0,10.735483870967744,1.1555153707052441
2021-05-11,537,8.9,3.1,0.2,0.0,20.6,0,0,0,0,0,553.0,-10.364516129032255,0.9710669077757685
2021-05-04,478,15.9,9.3,0.7,0.0,26.2,0,0,0,0,0,553.0,-3.364516129032255,0.864376130198915
2021-05-18,558,23.4,13.3,4.4,0.0,25.5,0,0,0,0,0,553.0,4.135483870967743,1.0090415913200723
2021-05-05,584,11.0,6.3,0.0,0.0,24.2,0,0,0,0,0,558.5,-8.264516129032256,1.0456580125335722
2021-05-26,569,27.5,15.0,2.6,0.0,26.5,0,0,0,0,0,558.5,8.235483870967744,1.018800358102059
2021-05-19,588,23.6,17.2,6.4,0.0,30.3,0,0,0,0,0,558.5,4.335483870967746,1.052820053715309
2021-05-12,493,13.2,3.7,0.0,0.0,15.5,0,0,0,0,0,558.5,-6.064516129032256,0.88272157564906
2021-05-06,505,10.0,6.9,6.8,0.0,25.8,0,0,0,0,0,534.0,-9.264516129032256,0.9456928838951311
2021-05-20,575,28.4,18.4,0.0,0.0,28.0,0,0,0,0,0,534.0,9.135483870967743,1.0767790262172285
2021-05-27,510,14.2,11.4,16.2,0.0,36.6,1,0,0,0,0,534.0,-5.064516129032256,0.9550561797752809
2021-05-13,546,17.8,2.4,0.0,0.0,20.5,0,0,0,0,0,534.0,-1.4645161290322548,1.0224719101123596
2021-05-21,625,29.7,18.0,0.0,0.0,27.6,0,0,0,0,0,566.0,10.435483870967744,1.1042402826855124
2021-05-07,518,12.7,5.1,0.4,0.0,24.9,0,0,0,0,0,566.0,-6.564516129032256,0.9151943462897526
2021-05-28,504,10.7,7.6,9.1,0.0,42.0,0,0,0,0,0,566.0,-8.564516129032256,0.8904593639575972
2021-05-14,617,19.5,6.5,0.0,0.0,18.4,0,0,0,0,0,566.0,0.23548387096774448,1.0901060070671378
2021-05-22,674,30.6,17.6,0.2,0.0,24.3,0,0,1,0,0,621.4,11.335483870967746,1.0846475700032185
2021-05-15,615,16.9,9.8,1.6,0.0,19.9,0,0,0,0,0,621.4,-2.364516129032257,0.9897006758931446
2021-05-01,703,26.0,4.4,0.0,0.0,45.6,0,0,0,0,1,621.4,6.7354838709677445,1.1313163823624075
2021-05-29,569,13.5,7.3,0.0,0.0,31.5,0,0,0,0,0,621.4,-5.7645161290322555,0.9156742838751207
2021-05-08,546,9.1,2.7,4.3,0.28,20.6,0,0,0,0,0,621.4,-10.164516129032256,0.8786610878661089
2021-06-20,707,28.7,17.4,12.5,0.0,18.9,1,0,0,0,0,696.25,1.769999999999996,1.015439856373429
2021-06-27,689,28.0,20.2,1.7,0.0,32.4,0,0,0,0,0,696.25,1.0699999999999967,0.9895870736086176
2021-06-13,672,26.1,18.5,0.0,0.0,17.7,0,0,0,0,0,696.25,-0.8300000000000018,0.9651705565529622
2021-06-06,717,31.7,21.4,0.1,0.0,31.7,0,0,1,0,0,696.25,4.769999999999996,1.029802513464991
2021-06-21,601,22.6,14.6,2.5,0.0,33.0,0,0,0,0,0,638.25,-4.330000000000002,0.9416372894633764
2021-06-28,647,26.0,20.1,11.4,0.0,15.7,1,0,0,0,0,638.25,-0.9300000000000033,1.0137093615354484
2021-06-07,652,26.2,21.3,24.2,0.0,22.0,1,0,0,0,0,638.25,-0.730000000000004,1.0215432824128476
2021-06-14,653,23.2,18.5,0.0,0.0,28.9,0,0,0,0,0,638.25,-3.730000000000004,1.0231100665883275
2021-06-22,635,22.5,12.6,0.0,0.0,25.4,0,0,0,0,0,632.4,-4.430000000000003,1.0041113219481341
2021-06-15,615,22.2,16.5,0.0,0.0,22.2,0,0,0,0,0,632.4,-4.730000000000004,0.9724857685009488
2021-06-01,693,22.1,9.1,0.0,0.0,16.7,0,0,0,0,0,632.4,-4.830000000000002,1.0958254269449716
2021-06-29,541,28.1,22.2,23.1,0.0,22.5,1,0,0,0,0,632.4,1.1699999999999982,0.8554712207463631
2021-06-08,678,27.3,19.8,3.7,0.0,19.4,0,0,0,0,0,632.4,0.36999999999999744,1.0721062618595827
2021-06-23,587,25.8,16.3,0.7,0.0,29.1,0,0,0,0,0,594.0,-1.1300000000000026,0.9882154882154882
2021-06-30,581,26.5,21.7,12.3,0.0,12.9,1,0,0,0,0,594.0,-0.43000000000000327,0.9781144781144782
2021-06-16,593,21.8,15.1,0.0,0.0,20.9,0,0,0,0,0,594.0,-5.130000000000003,0.9983164983164983
2021-06-02,601,21.2,12.7,0.0,0.0,20.2,0,0,0,0,0,594.0,-5.730000000000004,1.0117845117845117
2021-06-09,608,24.6,17.1,1.0,0.0,16.8,0,0,0,0,0,594.0,-2.330000000000002,1.0235690235690236
2021-06-24,583,25.4,19.1,2.6,0.0,39.4,0,0,0,0,0,599.5,-1.5300000000000047,0.9724770642201835
2021-06-03,626,29.2,11.5,0.0,0.0,20.2,0,0,0,0,0,599.5,2.269999999999996,1.0442035029190992
2021-06-17,562,33.3,14.5,0.0,0.0,29.5,0,0,1,0,0,599.5,6.369999999999994,0.9374478732276897
2021-06-10,627,24.7,16.6,0.0,0.0,15.0,0,0,0,0,0,599.5,-2.230000000000004,1.0458715596330275
2021-06-11,664,28.3,18.8,0.0,0.0,15.5,0,0,0,0,0,613.75,1.3699999999999974,1.0818737270875765
2021-06-18,642,32.4,20.8,0.3,0.0,29.5,0,0,1,0,0,613.75,5.469999999999995,1.0460285132382892
2021-06-04,603,33.3,20.7,0.1,0.0,31.6,0,0,1,0,0,613.75,6.369999999999994,0.9824847250509166
2021-06-25,546,26.5,21.1,45.6,0.0,31.8,1,0,0,0,0,613.75,-0.43000000000000327,0.889613034623218
2021-06-26,565,27.3,22.2,41.8,0.0,34.5,1,0,0,0,0,624.0,0.36999999999999744,0.905448717948718
2021-06-05,612,33.2,19.9,0.0,0.0,30.8,0,0,1,0,0,624.0,6.27,0.9807692307692307
2021-06-12,602,26.3,18.2,0.8,0.0,17.8,0,0,0,0,0,624.0,-0.6300000000000026,0.9647435897435898
2021-06-19,717,33.4,18.2,0.2,0.0,31.4,0,0,1,0,0,624.0,6.469999999999995,1.1490384615384615
2021-07-04,690,31.8,20.2,0.0,0.0,19.8,0,0,1,0,0,614.75,5.190322580645155,1.1224074827165516
2021-07-25,642,31.5,21.7,0.0,0.0,16.4,0,0,1,0,0,614.75,4.8903225806451545,1.044326962179748
2021-07-11,535,20.4,18.0,23.2,0.0,28.2,1,0,0,0,0,614.75,-6.209677419354847,0.8702724684831232
2021-07-18,592,24.4,18.8,0.9,0.0,17.9,0,0,0,0,0,614.75,-2.209677419354847,0.9629930866205775
2021-07-26,640,31.9,20.0,0.0,0.0,15.3,0,0,1,0,0,614.75,5.290322580645153,1.041073607157381
2021-07-12,579,22.6,18.3,19.4,0.0,17.7,1,0,0,0,0,614.75,-4.009677419354844,0.9418462789751931
2021-07-19,566,25.3,18.1,0.0,0.0,16.2,0,0,0,0,0,614.75,-1.3096774193548448,0.9206994713298089
2021-07-05,674,32.5,21.7,0.0,0.0,30.5,0,0,1,0,0,614.75,5.8903225806451545,1.096380642537617
2021-07-20,580,29.6,18.8,0.0,0.0,26.4,0,0,0,0,0,595.5,2.990322580645156,0.9739714525608733
2021-07-13,616,25.2,19.6,18.8,0.0,16.5,1,0,0,0,0,595.5,-1.4096774193548463,1.0344248530646516
2021-07-06,562,32.4,23.0,2.5,0.0,22.5,0,0,1,0,0,595.5,5.790322580645153,0.943744752308984
2021-07-27,624,33.2,21.7,0.0,0.0,21.4,0,0,1,0,0,595.5,6.590322580645157,1.0478589420654911
2021-07-28,593,32.1,23.5,0.3,0.0,19.7,0,0,1,0,0,586.5,5.490322580645156,1.011082693947144
2021-07-07,608,29.6,20.9,3.1,0.0,20.0,0,0,0,0,0,586.5,2.990322580645156,1.0366581415174765
2021-07-21,573,21.4,18.2,0.2,0.0,21.4,0,0,0,0,0,586.5,-5.209677419354847,0.9769820971867008
2021-07-14,572,29.5,19.8,0.2,0.0,27.6,0,0,0,0,0,586.5,2.8903225806451545,0.9752770673486786
2021-07-01,707,21.7,14.8,0.8,0.0,31.0,0,0,0,0,0,627.4,-4.909677419354846,1.1268728084156838
2021-07-08,581,20.5,16.5,9.0,0.0,27.2,0,0,0,0,0,627.4,-6.1096774193548455,0.9260439910742748
2021-07-22,604,27.3,17.5,0.4,0.0,16.6,0,0,0,0,0,627.4,0.6903225806451552,0.9627032196365956
2021-07-15,530,25.7,20.4,12.7,0.0,31.2,1,0,0,0,0,627.4,-0.9096774193548463,0.8447561364360855
2021-07-29,715,31.1,20.0,0.0,0.0,30.9,0,0,1,0,0,627.4,4.490322580645156,1.1396238444373605
2021-07-23,632,30.1,22.0,3.2,0.0,17.4,0,0,1,0,0,629.2,3.490322580645156,1.0044500953591862
2021-07-09,610,21.9,15.1,0.0,0.0,15.8,0,0,0,0,0,629.2,-4.709677419354847,0.9694850603941513
2021-07-30,646,20.2,17.7,0.3,0.0,29.5,0,0,0,0,0,629.2,-6.409677419354846,1.0267005721551175
2021-07-02,648,19.1,14.5,0.0,0.0,22.4,0,0,0,0,0,629.2,-7.509677419354844,1.0298792116973934
2021-07-16,610,20.5,18.3,5.4,0.0,23.3,0,0,0,0,0,629.2,-6.1096774193548455,0.9694850603941513
2021-07-10,618,22.8,18.2,8.1,0.0,21.5,0,0,0,0,0,662.6,-3.809677419354845,0.9326894053727739
2021-07-17,627,21.2,18.0,0.2,0.0,22.9,0,0,0,0,0,662.6,-5.409677419354846,0.946272260790824
2021-07-03,666,29.7,13.7,0.0,0.0,20.3,0,0,0,0,0,662.6,3.0903225806451537,1.0051313009357077
2021-07-24,612,32.5,22.8,2.5,0.0,28.2,0,0,1,0,0,662.6,5.8903225806451545,0.9236341684274072
2021-07-31,790,27.2,15.3,0.0,0.0,16.5,0,0,0,0,0,662.6,0.5903225806451537,1.192272864473287
2021-08-01,755,22.2,18.4,1.1,0.0,25.3,0,0,0,0,0,647.2,-5.8870967741935445,1.1665636588380717
2021-08-29,650,30.5,23.7,2.4,0.0,30.8,0,0,1,0,0,647.2,2.412903225806456,1.0043263288009887
2021-08-08,622,30.7,23.9,2.2,0.0,30.6,0,0,1,0,0,647.2,2.6129032258064555,0.9610630407911
2021-08-15,599,24.4,16.8,0.0,0.0,16.8,0,0,0,0,0,647.2,-3.687096774193545,0.9255253399258343
2021-08-22,610,24.2,20.0,0.1,0.0,24.6,0,0,0,0,0,647.2,-3.8870967741935445,0.9425216316440049
2021-08-02,605,23.8,16.7,0.5,0.0,15.5,0,0,0,0,0,606.0,-4.287096774193543,0.9983498349834984
2021-08-16,606,24.3,17.0,0.0,0.0,17.4,0,0,0,0,0,606.0,-3.787096774193543,1.0
2021-08-30,618,26.7,19.3,0.0,0.0,15.9,0,0,0,0,0,606.0,-1.3870967741935445,1.0198019801980198
2021-08-23,634,31.8,18.8,1.8,0.0,15.2,0,0,1,0,0,606.0,3.712903225806457,1.046204620462046
2021-08-09,567,27.4,22.0,41.8,0.0,30.9,1,0,0,0,0,606.0,-0.6870967741935452,0.9356435643564357
2021-08-10,536,32.3,21.7,7.1,0.0,41.7,0,0,1,0,0,565.2,4.212903225806453,0.9483368719037508
2021-08-24,560,32.6,22.4,11.1,0.0,23.8,1,0,1,0,0,565.2,4.512903225806458,0.9907997169143665
2021-08-17,590,26.0,19.2,0.6,0.0,15.9,0,0,0,0,0,565.2,-2.087096774193544,1.0438782731776362
2021-08-03,543,25.9,16.0,0.5,0.0,12.9,0,0,0,0,0,565.2,-2.187096774193545,0.9607218683651804
2021-08-31,597,25.9,18.8,0.0,0.0,25.2,0,0,0,0,0,565.2,-2.187096774193545,1.0562632696390657
2021-08-18,517,26.2,21.7,6.7,0.0,14.4,0,0,0,0,0,557.75,-1.8870967741935445,0.9269385925593904
2021-08-25,569,32.5,22.9,16.4,0.0,29.7,1,0,1,0,0,557.75,4.412903225806456,1.0201703272075302
2021-08-04,594,27.4,17.3,0.0,0.0,12.8,0,0,0,0,0,557.75,-0.6870967741935452,1.0649932765575976
2021-08-11,551,31.0,22.9,12.0,0.0,42.4,1,0,1,0,0,557.75,2.912903225806456,0.9878978036754819
2021-08-05,580,30.1,17.6,0.0,0.0,22.3,0,0,1,0,0,564.5,2.0129032258064576,1.0274579273693534
2021-08-12,532,31.8,22.1,0.3,0.0,30.7,0,0,1,0,0,564.5,3.712903225806457,0.9424269264836138
2021-08-19,562,27.3,22.1,1.8,0.0,14.0,0,0,0,0,0,564.5,-0.7870967741935431,0.995571302037201
2021-08-26,584,28.4,23.0,4.7,0.0,20.1,0,0,0,0,0,564.5,0.3129032258064548,1.0345438441098318
2021-08-27,673,31.4,22.3,1.4,0.0,19.1,0,0,1,0,0,607.75,3.312903225806455,1.1073632250102838
2021-08-06,590,25.3,20.3,8.9,0.0,28.0,0,0,0,0,0,607.75,-2.787096774193543,0.9707939119703826
2021-08-13,565,25.2,20.4,0.6,0.0,17.7,0,0,0,0,0,607.75,-2.8870967741935445,0.9296585767174003
2021-08-20,603,28.4,22.1,0.5,0.0,15.9,0,0,0,0,0,607.75,0.3129032258064548,0.9921842863019333
2021-08-21,678,30.8,22.4,1.0,0.0,21.9,0,0,1,0,0,630.5,2.712903225806457,1.0753370340999207
2021-08-28,619,32.1,23.5,4.3,0.0,21.3,0,0,1,0,0,630.5,4.012903225806458,0.9817605075337034
2021-08-07,613,29.6,19.1,13.3,0.0,21.2,1,0,0,0,0,630.5,1.5129032258064576,0.972244250594766
2021-08-14,612,24.5,20.0,0.0,0.0,18.5,0,0,0,0,0,630.5,-3.587096774193544,0.9706582077716098
2021-09-26,617,26.1,13.4,0.0,0.0,31.4,0,0,0,0,0,667.5,0.870000000000001,0.9243445692883895
2021-09-19,710,28.6,18.3,0.3,0.0,19.8,0,0,0,0,0,667.5,3.370000000000001,1.0636704119850187
2021-09-12,674,31.7,20.2,0.0,0.0,25.2,0,0,1,0,0,667.5,6.469999999999999,1.0097378277153557
2021-09-05,669,27.3,16.0,0.0,0.0,23.2,0,0,0,0,0,667.5,2.0700000000000003,1.002247191011236
2021-09-27,631,29.7,18.5,0.2,0.0,29.6,0,0,0,0,0,650.25,4.469999999999999,0.9703960015378701
2021-09-13,687,31.2,20.6,0.0,0.0,19.4,0,0,1,0,0,650.25,5.969999999999999,1.0565167243367934
2021-09-20,655,26.8,21.4,11.6,0.0,30.6,1,0,0,0,0,650.25,1.5700000000000003,1.0073048827374087
2021-09-06,628,23.7,16.6,0.0,0.0,22.5,0,0,0,0,0,650.25,-1.5300000000000011,0.9657823913879278
2021-09-07,567,30.6,18.5,17.8,0.0,43.6,1,0,1,0,0,625.25,5.370000000000001,0.9068372650939625
2021-09-28,665,20.3,17.7,0.0,0.0,20.3,0,0,0,0,0,625.25,-4.93,1.0635745701719312
2021-09-21,626,22.6,16.9,16.8,0.0,31.0,1,0,0,0,0,625.25,-2.629999999999999,1.0011995201919233
2021-09-14,643,30.3,19.8,0.2,0.0,33.0,0,0,1,0,0,625.25,5.07,1.028388644542183
2021-09-08,576,24.8,15.4,0.0,0.0,27.0,0,0,0,0,0,648.0,-0.4299999999999997,0.8888888888888888
2021-09-29,644,24.2,14.0,0.0,0.0,16.6,0,0,0,0,0,648.0,-1.0300000000000011,0.9938271604938271
2021-09-01,734,23.0,19.4,0.3,0.0,29.3,0,0,0,0,0,648.0,-2.2300000000000004,1.132716049382716
2021-09-22,624,16.6,14.7,2.8,0.0,47.5,0,0,0,0,1,648.0,-8.629999999999999,0.9629629629629629
2021-09-15,662,23.0,16.4,0.0,0.0,18.4,0,0,0,0,0,648.0,-2.2300000000000004,1.021604938271605
2021-09-23,617,17.9,11.8,0.0,0.0,30.5,0,0,0,0,0,613.4,-7.330000000000002,1.005868927290512
2021-09-02,553,23.9,16.3,0.0,0.0,19.2,0,0,0,0,0,613.4,-1.3300000000000018,0.9015324421258559
2021-09-16,673,26.3,14.5,0.0,0.0,17.7,0,0,0,0,0,613.4,1.0700000000000003,1.097163351809586
2021-09-09,611,21.3,14.6,0.1,0.0,15.0,0,0,0,0,0,613.4,-3.9299999999999997,0.9960873818063254
2021-09-30,613,24.0,15.2,0.0,0.0,16.2,0,0,0,0,0,613.4,-1.2300000000000004,0.999347896967721
2021-09-03,645,24.9,16.9,1.3,0.0,19.1,0,0,0,0,0,632.5,-0.33000000000000185,1.0197628458498025
2021-09-10,673,25.5,14.8,0.0,0.0,19.2,0,0,0,0,0,632.5,0.2699999999999996,1.0640316205533598
2021-09-17,617,31.1,17.5,0.0,0.0,28.8,0,0,1,0,0,632.5,5.870000000000001,0.9754940711462451
2021-09-24,595,23.9,12.0,0.8,0.0,35.9,0,0,0,0,0,632.5,-1.3300000000000018,0.9407114624505929
2021-09-25,636,20.1,10.3,0.7,0.0,24.9,0,0,0,0,0,653.75,-5.129999999999999,0.972848948374761
2021-09-18,656,22.2,19.7,0.0,0.0,26.7,0,0,0,0,0,653.75,-3.030000000000001,1.0034416826003825
2021-09-11,656,30.3,18.5,0.0,0.0,27.2,0,0,1,0,0,653.75,5.07,1.0034416826003825
2021-09-04,667,25.0,19.7,4.1,0.0,21.2,0,0,0,0,0,653.75,-0.23000000000000043,1.0202676864244742
2021-10-31,656,11.9,5.0,0.0,0.0,27.8,0,0,0,0,0,618.2,-6.309677419354836,1.0611452604335165
2021-10-03,691,23.4,18.2,24.3,0.0,17.6,1,0,0,0,0,618.2,5.190322580645162,1.1177612423164023
2021-10-10,639,25.6,20.7,0.3,0.0,29.7,0,0,0,0,0,618.2,7.390322580645165,1.0336460692332579
2021-10-17,620,17.6,7.0,0.0,0.0,22.0,0,0,0,0,0,618.2,-0.6096774193548349,1.0029116790682626
2021-10-24,485,10.6,6.1,38.5,0.0,45.3,1,0,0,0,1,618.2,-7.609677419354837,0.7845357489485603
2021-10-18,636,20.5,6.7,0.0,0.0,15.4,0,0,0,0,0,599.5,2.2903225806451637,1.060884070058382
2021-10-11,563,23.9,18.1,25.3,0.0,30.9,1,0,0,0,0,599.5,5.690322580645162,0.939115929941618
2021-10-25,578,11.1,9.9,23.1,0.0,51.5,1,0,0,0,1,599.5,-7.109677419354837,0.9641367806505421
2021-10-04,621,19.3,16.0,11.7,0.0,26.8,1,0,0,0,0,599.5,1.0903225806451644,1.035863219349458
2021-10-19,558,19.9,11.2,0.0,0.0,19.8,0,0,0,0,0,614.25,1.6903225806451623,0.9084249084249084
2021-10-12,632,21.4,14.7,0.7,0.0,33.3,0,0,0,0,0,614.25,3.1903225806451623,1.028897028897029
2021-10-26,633,12.2,7.4,0.0,0.0,27.3,0,0,0,0,0,614.25,-6.009677419354837,1.0305250305250304
2021-10-05,634,18.5,15.9,0.6,0.0,22.4,0,0,0,0,0,614.25,0.2903225806451637,1.0321530321530321
2021-10-20,603,21.1,11.7,0.4,0.0,27.9,0,0,0,0,0,618.75,2.890322580645165,0.9745454545454545
2021-10-13,605,21.6,13.5,1.3,0.0,28.4,0,0,0,0,0,618.75,3.390322580645165,0.9777777777777777
2021-10-06,663,19.5,16.7,2.6,0.0,21.1,0,0,0,0,0,618.75,1.2903225806451637,1.0715151515151515
2021-10-27,604,11.6,5.8,0.0,0.0,23.3,0,0,0,0,0,618.75,-6.609677419354837,0.9761616161616161
2021-10-28,593,13.3,9.1,10.3,0.0,28.5,1,0,0,0,0,602.5,-4.909677419354836,0.9842323651452282
2021-10-21,631,16.9,9.8,2.8,0.0,31.7,0,0,0,0,0,602.5,-1.3096774193548377,1.0473029045643154
2021-10-14,607,21.0,14.7,14.7,0.0,27.5,1,0,0,0,0,602.5,2.7903225806451637,1.0074688796680498
2021-10-07,579,22.6,17.9,18.0,0.0,18.6,1,0,0,0,0,602.5,4.390322580645165,0.9609958506224067
2021-10-22,609,13.0,6.9,0.0,0.0,15.5,0,0,0,0,0,660.8,-5.209677419354836,0.9216101694915255
2021-10-29,610,13.0,12.2,24.0,0.0,34.6,1,0,0,0,0,660.8,-5.209677419354836,0.9231234866828087
2021-10-15,631,17.2,12.2,2.1,0.0,24.6,0,0,0,0,0,660.8,-1.009677419354837,0.9549031476997579
2021-10-01,817,28.4,16.3,0.0,0.0,18.7,0,0,0,0,0,660.8,10.190322580645162,1.2363801452784504
2021-10-08,637,22.2,16.3,12.2,0.0,15.3,1,0,0,0,0,660.8,3.990322580645163,0.9639830508474577
2021-10-30,617,13.1,9.5,1.4,0.0,33.6,0,0,0,0,0,643.0,-5.109677419354837,0.9595645412130638
2021-10-09,649,24.2,15.5,0.5,0.0,22.7,0,0,0,0,0,643.0,5.990322580645163,1.009331259720062
2021-10-16,604,14.4,7.8,0.0,0.0,29.9,0,0,0,0,0,643.0,-3.809677419354836,0.9393468118195957
2021-10-23,645,12.3,6.6,0.0,0.0,16.8,0,0,0,0,0,643.0,-5.909677419354836,1.0031104199066874
2021-10-02,700,23.2,19.2,18.1,0.0,23.3,1,0,0,0,0,643.0,4.990322580645163,1.088646967340591
2021-11-14,560,3.4,0.1,3.8,2.1,37.2,0,1,0,0,0,587.75,-4.683333333333334,0.9527860484900043
2021-11-21,585,11.5,0.1,0.3,0.0,32.4,0,0,0,0,0,587.75,3.416666666666666,0.9953211399404509
2021-11-07,640,17.0,5.8,0.0,0.0,25.5,0,0,0,0,0,587.75,8.916666666666666,1.0888983411314335
2021-11-28,566,2.5,-2.9,0.0,0.0,31.7,0,0,0,0,0,587.75,-5.583333333333334,0.9629944704381115
2021-11-15,595,1.9,-2.9,0.8,0.56,21.5,0,0,0,0,0,616.4,-6.183333333333334,0.9652822842310188
2021-11-22,539,1.3,-4.9,0.0,0.0,24.6,0,0,0,0,0,616.4,-6.783333333333334,0.8744321868916288
2021-11-08,659,17.2,8.8,0.0,0.0,24.7,0,0,0,0,0,616.4,9.116666666666665,1.0691109669046075
2021-11-01,690,8.9,2.3,0.0,0.0,27.4,0,0,0,0,0,616.4,0.8166666666666664,1.119402985074627
2021-11-29,599,3.7,-4.7,0.6,0.28,27.1,0,0,0,0,0,616.4,-4.383333333333334,0.9717715768981181
2021-11-23,503,5.3,-5.6,0.0,0.0,29.5,0,0,0,0,0,579.0,-2.783333333333334,0.8687392055267703
2021-11-09,626,12.6,8.6,0.0,0.0,22.1,0,0,0,0,0,579.0,4.516666666666666,1.081174438687392
2021-11-30,569,8.8,-0.3,0.0,0.0,24.3,0,0,0,0,0,579.0,0.7166666666666668,0.9827288428324698
2021-11-16,595,10.2,0.6,0.0,0.0,30.5,0,0,0,0,0,579.0,2.1166666666666654,1.0276338514680483
2021-11-02,602,7.4,0.6,0.0,0.0,25.7,0,0,0,0,0,579.0,-0.6833333333333336,1.0397236614853196
2021-11-03,593,6.6,-0.7,0.0,0.0,14.3,0,0,0,0,0,585.5,-1.4833333333333343,1.0128095644748079
2021-11-24,594,9.9,1.6,0.3,0.0,33.0,0,0,0,0,0,585.5,1.8166666666666664,1.0145175064047822
2021-11-10,626,12.7,7.3,0.1,0.0,24.9,0,0,0,0,0,585.5,4.616666666666665,1.0691716481639624
2021-11-17,529,15.7,6.3,8.6,0.0,31.6,0,0,0,0,0,585.5,7.616666666666665,0.9035012809564474
2021-11-04,575,7.8,-0.8,0.0,0.0,13.2,0,0,0,0,0,532.25,-0.2833333333333341,1.0803193987787694
2021-11-11,567,12.7,5.7,11.7,0.0,40.0,1,0,0,0,0,532.25,4.616666666666665,1.0652888680131518
2021-11-18,577,5.9,-0.3,0.0,0.0,39.7,0,0,0,0,0,532.25,-2.1833333333333336,1.0840770314701738
2021-11-25,410,8.8,-4.2,3.9,0.0,31.9,0,0,0,0,0,532.25,0.7166666666666668,0.7703147017379052
2021-11-05,573,10.1,0.5,0.0,0.0,22.4,0,0,0,0,0,559.5,2.0166666666666657,1.0241286863270778
2021-11-12,547,6.3,1.6,0.7,0.07,37.0,0,0,0,0,0,559.5,-1.783333333333334,0.9776586237712243
2021-11-26,544,-0.6,-7.2,0.0,0.0,24.3,0,0,0,0,0,559.5,-8.683333333333334,0.9722966934763181
2021-11-19,574,3.3,-3.6,0.0,0.0,21.0,0,0,0,0,0,559.5,-4.783333333333334,1.02591599642538
2021-11-20,608,8.8,1.4,0.0,0.0,23.2,0,0,0,0,0,593.0,0.7166666666666668,1.0252951096121417
2021-11-13,588,5.0,1.3,0.2,0.14,27.3,0,0,0,0,0,593.0,-3.083333333333334,0.9915682967959528
2021-11-06,629,13.4,2.7,0.0,0.0,24.0,0,0,0,0,0,593.0,5.316666666666666,1.06070826306914
2021-11-27,547,4.4,-2.0,0.7,0.0,22.4,0,0,0,0,0,593.0,-3.6833333333333336,0.9224283305227656
2021-12-19,507,2.2,-2.5,0.0,0.0,24.1,0,0,0,0,0,524.5,-5.016129032258062,0.9666348903717826
2021-12-05,554,8.6,1.4,5.4,0.0,27.5,0,0,0,0,0,524.5,1.3838709677419372,1.0562440419447092
2021-12-26,444,4.7,-0.9,0.0,0.0,32.8,0,0,0,0,0,524.5,-2.5161290322580623,0.8465204957102002
2021-12-12,593,8.5,-0.3,0.0,0.0,32.0,0,0,0,0,0,524.5,1.2838709677419375,1.1306005719733079
2021-12-27,512,9.9,-0.2,11.1,0.0,36.1,1,0,0,0,0,553.0,2.683870967741938,0.9258589511754068
2021-12-06,555,3.7,-8.3,0.0,0.0,40.5,0,0,0,0,0,553.0,-3.5161290322580623,1.003616636528029
2021-12-20,539,5.0,-1.8,0.0,0.0,27.1,0,0,0,0,0,553.0,-2.2161290322580625,0.9746835443037974
2021-12-13,606,9.1,1.1,0.0,0.0,29.0,0,0,0,0,0,553.0,1.8838709677419372,1.0958408679927667
2021-12-28,458,2.7,-1.5,10.5,5.6,33.8,1,1,0,0,0,512.75,-4.516129032258062,0.8932228181374939
2021-12-14,564,10.2,-0.4,4.2,0.0,24.1,0,0,0,0,0,512.75,2.983870967741937,1.0999512432959533
2021-12-07,524,-3.6,-9.9,0.0,0.0,23.1,0,0,0,0,0,512.75,-10.816129032258063,1.021940516821063
2021-12-21,505,4.9,-1.9,0.0,0.0,30.0,0,0,0,0,0,512.75,-2.316129032258062,0.98488542174549
2021-12-15,628,17.7,9.1,0.7,0.0,51.4,0,0,0,0,1,581.8,10.483870967741936,1.0794087315228602
2021-12-22,482,-0.8,-7.2,0.0,0.0,30.4,0,0,0,0,0,581.8,-8.016129032258062,0.8284633894809214
2021-12-08,602,0.7,-5.8,0.0,0.0,20.4,0,0,0,0,0,581.8,-6.516129032258062,1.0347198349948437
2021-12-01,697,9.4,1.7,0.4,0.0,27.8,0,0,0,0,0,581.8,2.183870967741938,1.1980061876933654
2021-12-29,500,2.3,0.0,1.4,0.98,18.9,0,0,0,0,0,581.8,-4.916129032258063,0.8594018563080097
2021-12-30,552,2.9,0.5,1.5,1.05,16.2,0,0,0,0,0,580.2,-4.316129032258063,0.951396070320579
2021-12-23,537,7.8,-3.3,0.2,0.14,25.0,0,0,0,0,0,580.2,0.5838709677419374,0.9255429162357807
2021-12-16,602,16.8,0.2,1.1,0.0,53.5,0,0,0,0,1,580.2,9.583870967741937,1.0375732506032402
2021-12-09,585,7.1,-3.1,0.0,0.0,31.4,0,0,0,0,0,580.2,-0.11612903225806281,1.0082730093071355
2021-12-02,625,13.2,3.0,0.8,0.0,33.8,0,0,0,0,0,580.2,5.983870967741937,1.0772147535332643
2021-12-24,483,13.8,-1.0,0.0,0.0,31.0,0,0,0,0,0,585.8,6.583870967741938,0.8245134858313418
2021-12-17,572,3.5,-3.5,0.0,0.0,21.5,0,0,0,0,0,585.8,-3.7161290322580625,0.9764424718333903
2021-12-03,675,8.0,4.0,0.5,0.07,15.5,0,0,0,0,0,585.8,0.7838709677419375,1.1522703994537387
2021-12-10,595,13.9,0.9,19.2,0.0,43.2,1,0,0,0,0,585.8,6.683870967741938,1.0157050187777399
2021-12-31,604,6.7,-0.5,0.0,0.0,20.9,0,0,0,0,0,585.8,-0.5161290322580623,1.0310686241037899
2021-12-25,468,11.6,0.5,4.8,0.0,23.9,0,0,0,0,0,548.0,4.383870967741937,0.8540145985401459
2021-12-11,548,14.4,0.4,3.0,0.0,48.3,0,0,0,0,1,548.0,7.183870967741938,1.0
2021-12-18,577,4.1,-1.1,7.2,1.75,26.6,0,0,0,0,0,548.0,-3.116129032258063,1.052919708029197
2021-12-04,599,4.7,-1.1,0.0,0.0,16.4,0,0,0,0,0,548.0,-2.5161290322580623,1.0930656934306568
2022-01-16,519,-3.1,-11.4,0.4,0.28,14.7,0,0,0,0,0,456.4,-0.661290322580645,1.1371603856266435
2022-01-02,406,-1.7,-11.7,3.4,2.38,38.0,0,1,0,0,0,456.4,0.7387096774193551,0.8895705521472393
2022-01-30,499,-1.7,-14.1,0.1,0.07,16.7,0,0,0,0,0,456.4,0.7387096774193551,1.093339176161262
2022-01-09,420,1.0,-12.5,0.6,0.0,31.1,0,0,0,0,0,456.4,3.438709677419355,0.9202453987730062
2022-01-23,438,-4.2,-17.2,6.9,4.83,31.2,0,1,0,0,0,456.4,-1.761290322580645,0.9596844872918493
2022-01-03,423,-6.3,-15.7,0.0,0.0,21.9,0,0,0,1,0,468.4,-3.8612903225806448,0.9030742954739539
2022-01-17,492,-1.4,-5.4,0.0,0.0,27.3,0,0,0,0,0,468.4,1.0387096774193552,1.0503842869342443
2022-01-31,509,-1.1,-7.5,0.0,0.0,25.8,0,0,0,0,0,468.4,1.338709677419355,1.0866780529462
2022-01-24,452,-2.8,-17.5,3.5,2.45,25.4,0,1,0,0,0,468.4,-0.36129032258064475,0.9649871904355253
2022-01-10,466,-8.4,-14.1,0.2,0.14,23.0,0,0,0,1,0,468.4,-5.961290322580645,0.9948761742100769
2022-01-25,494,-12.5,-19.1,0.0,0.0,22.3,0,0,0,1,0,511.25,-10.061290322580644,0.9662591687041565
2022-01-11,462,1.6,-15.0,0.0,0.0,38.0,0,0,0,0,0,511.25,4.038709677419355,0.9036674816625917
2022-01-04,473,0.8,-6.8,0.0,0.0,29.4,0,0,0,0,0,511.25,3.2387096774193553,0.9251833740831296
2022-01-18,616,5.8,-7.4,0.0,0.0,37.7,0,0,0,0,0,511.25,8.238709677419354,1.2048899755501223
2022-01-26,490,-12.7,-24.5,0.0,0.0,25.5,0,0,0,1,0,491.25,-10.261290322580644,0.9974554707379135
2022-01-19,531,4.3,-10.4,0.0,0.0,35.0,0,0,0,0,0,491.25,6.7387096774193544,1.080916030534351
2022-01-05,418,-0.5,-12.2,0.1,0.07,44.9,0,0,0,0,0,491.25,1.938709677419355,0.8508905852417303
2022-01-12,526,4.8,-1.8,0.2,0.0,26.3,0,0,0,0,0,491.25,7.2387096774193544,1.070737913486005
2022-01-27,577,-0.9,-12.4,0.4,0.28,28.4,0,0,0,0,0,527.25,1.5387096774193552,1.094357515410147
2022-01-06,477,-10.5,-15.5,0.0,0.0,29.3,0,0,0,1,0,527.25,-8.061290322580644,0.9046941678520626
2022-01-13,561,3.5,-3.3,0.0,0.0,16.6,0,0,0,0,0,527.25,5.9387096774193555,1.0640113798008535
2022-01-20,494,-7.8,-13.8,0.0,0.0,24.5,0,0,0,1,0,527.25,-5.361290322580645,0.9369369369369369
2022-01-14,608,1.2,-3.0,0.4,0.28,28.8,0,0,0,0,0,528.25,3.638709677419355,1.150970184571699
2022-01-28,458,-2.7,-14.9,4.1,2.87,25.3,0,1,0,0,0,528.25,-0.2612903225806451,0.8670137245622338
2022-01-21,563,-3.8,-10.3,0.0,0.0,21.2,0,0,0,0,0,528.25,-1.3612903225806448,1.0657832465688595
2022-01-07,484,-10.9,-19.5,0.0,0.0,23.8,0,0,0,1,0,528.25,-8.461290322580645,0.9162328442972077
2022-01-29,490,-7.9,-18.8,0.0,0.0,17.9,0,0,0,1,0,543.8,-5.461290322580645,0.901066568591394
2022-01-22,533,0.7,-7.8,0.4,0.28,30.3,0,0,0,0,0,543.8,3.138709677419355,0.9801397572637
2022-01-15,536,-3.2,-6.1,1.0,0.7,31.2,0,0,0,0,0,543.8,-0.7612903225806451,0.9856564913571166
2022-01-01,741,4.2,-1.3,9.1,6.3,42.7,0,1,0,0,0,543.8,6.638709677419355,1.3626333210739243
2022-01-08,419,0.6,-13.0,0.7,0.0,28.4,0,0,0,0,0,543.8,3.038709677419355,0.7705038617138654
2022-02-13,478,-8.0,-13.3,0.0,0.0,17.2,0,0,0,1,0,502.75,-9.557142857142857,0.9507707608155147
2022-02-20,493,10.3,-10.2,0.0,0.0,41.4,0,0,0,0,0,502.75,8.742857142857144,0.9806066633515664
2022-02-27,540,5.9,-3.9,0.0,0.0,27.5,0,0,0,0,0,502.75,4.342857142857143,1.0740924912978618
2022-02-06,500,-2.8,-9.8,0.0,0.0,29.9,0,0,0,0,0,502.75,-4.357142857142858,0.9945300845350572
2022-02-07,544,-3.3,-13.1,0.0,0.0,22.1,0,0,0,0,0,554.5,-4.857142857142858,0.9810640216411182
2022-02-21,542,11.3,-2.3,0.0,0.0,21.7,0,0,0,0,0,554.5,9.742857142857144,0.9774571686203787
2022-02-28,566,12.1,-4.0,0.0,0.0,32.4,0,0,0,0,0,554.5,10.542857142857143,1.0207394048692515
2022-02-14,566,-2.5,-11.0,0.0,0.0,14.1,0,0,0,0,0,554.5,-4.057142857142857,1.0207394048692515
2022-02-22,561,11.5,-4.5,12.8,0.0,29.4,1,0,0,0,0,598.0,9.942857142857143,0.9381270903010034
2022-02-15,589,3.1,-8.1,0.0,0.0,33.9,0,0,0,0,0,598.0,1.5428571428571427,0.9849498327759197
2022-02-08,593,2.2,-15.7,0.0,0.0,27.3,0,0,0,0,0,598.0,0.6428571428571428,0.9916387959866221
2022-02-01,649,6.1,-1.9,5.2,0.28,29.8,0,0,0,0,0,598.0,4.542857142857143,1.085284280936455
2022-02-09,557,3.9,-1.4,0.1,0.0,24.5,0,0,0,0,0,527.25,2.3428571428571425,1.0564248458985301
2022-02-02,396,0.6,-6.1,16.7,11.76,39.1,1,1,0,0,0,527.25,-0.9571428571428574,0.7510668563300142
2022-02-23,561,-3.9,-8.3,0.1,0.07,27.9,0,0,0,0,0,527.25,-5.457142857142857,1.0640113798008535
2022-02-16,595,13.1,4.6,14.6,0.0,42.7,1,0,0,0,0,527.25,11.542857142857143,1.1284969179706021
2022-02-17,510,6.1,-7.2,20.4,4.9,45.5,1,1,0,0,1,526.25,4.542857142857143,0.9691211401425178
2022-02-10,588,-0.1,-4.7,0.2,0.14,29.2,0,0,0,0,0,526.25,-1.6571428571428575,1.1173396674584324
2022-02-03,487,-3.6,-5.2,2.5,1.75,38.9,0,0,0,0,0,526.25,-5.1571428571428575,0.9254156769596199
2022-02-24,520,-2.3,-4.5,2.6,1.82,24.5,0,0,0,0,0,526.25,-3.857142857142857,0.9881235154394299
2022-02-11,580,6.0,-2.5,3.1,2.1,40.3,0,1,0,0,0,552.75,4.442857142857143,1.049298959746721
2022-02-18,516,-1.6,-17.5,0.1,0.07,44.3,0,0,0,0,0,552.75,-3.1571428571428575,0.9335142469470827
2022-02-04,545,-5.3,-10.4,0.3,0.21,24.6,0,0,0,1,0,552.75,-6.857142857142858,0.9859791949344188
2022-02-25,570,-2.8,-6.0,3.1,2.17,21.0,0,1,0,0,0,552.75,-4.357142857142858,1.0312075983717774
2022-02-26,527,1.4,-13.0,0.0,0.0,24.6,0,0,0,0,0,542.75,-0.15714285714285747,0.9709811146936895
2022-02-12,580,-2.7,-11.1,0.3,0.21,33.5,0,0,0,0,0,542.75,-4.257142857142858,1.0686319668355597
2022-02-05,503,-10.2,-17.3,0.0,0.0,31.7,0,0,0,1,0,542.75,-11.757142857142856,0.9267618608935975
2022-02-19,561,-0.9,-14.2,0.3,0.21,40.4,0,0,0,0,0,542.75,-2.4571428571428573,1.0336250575771533
2022-03-13,569,10.8,-7.6,0.1,0.07,26.4,0,0,0,0,0,570.5,2.5548387096774228,0.9973707274320771
2022-03-20,659,14.8,-1.2,0.0,0.0,16.7,0,0,0,0,0,570.5,6.554838709677423,1.1551270815074497
2022-03-06,533,14.6,1.8,3.5,0.0,42.8,0,0,0,0,0,570.5,6.354838709677422,0.9342681858019282
2022-03-27,521,0.7,-4.8,0.0,0.0,26.4,0,0,0,0,0,570.5,-7.545161290322578,0.9132340052585451
2022-03-14,597,15.3,-0.1,0.0,0.0,26.7,0,0,0,0,0,589.5,7.054838709677423,1.0127226463104326
2022-03-21,625,21.1,4.0,0.0,0.0,26.6,0,0,0,0,0,589.5,12.854838709677423,1.0602205258693809
2022-03-28,599,-1.6,-5.0,0.0,0.0,21.7,0,0,0,0,0,589.5,-9.845161290322578,1.0161153519932147
2022-03-07,537,2.1,-1.6,13.0,8.33,25.9,1,1,0,0,0,589.5,-6.145161290322578,0.910941475826972
2022-03-22,638,12.2,7.3,6.2,0.0,34.0,0,0,0,0,0,605.6,3.9548387096774213,1.0535006605019814
2022-03-29,556,4.7,-2.6,0.2,0.0,30.5,0,0,0,0,0,605.6,-3.5451612903225778,0.9180977542932628
2022-03-08,586,3.3,-7.3,0.0,0.0,18.8,0,0,0,0,0,605.6,-4.945161290322578,0.9676354029062086
2022-03-15,583,5.6,-1.0,0.0,0.0,16.9,0,0,0,0,0,605.6,-2.6451612903225783,0.9626816380449141
2022-03-01,665,7.6,0.4,0.0,0.0,19.9,0,0,0,0,0,605.6,-0.6451612903225783,1.0980845442536327
2022-03-30,579,16.2,4.1,34.9,0.0,49.8,1,0,0,0,1,578.0,7.954838709677421,1.0017301038062283
2022-03-09,525,5.9,-3.4,0.0,0.0,20.8,0,0,0,0,0,578.0,-2.3451612903225776,0.9083044982698962
2022-03-16,622,19.3,0.2,0.0,0.0,29.1,0,0,0,0,0,578.0,11.054838709677423,1.0761245674740485
2022-03-02,586,12.2,-1.9,0.5,0.0,26.0,0,0,0,0,0,578.0,3.9548387096774213,1.013840830449827
2022-03-23,578,15.7,7.8,19.8,0.0,32.8,1,0,0,0,0,578.0,7.454838709677421,1.0
2022-03-24,604,8.1,3.6,3.4,0.0,30.3,0,0,0,0,0,595.0,-0.1451612903225783,1.015126050420168
2022-03-10,583,-2.6,-5.5,1.2,0.84,20.8,0,0,0,0,0,595.0,-10.845161290322578,0.9798319327731092
2022-03-17,604,17.5,5.1,4.1,0.0,19.9,0,0,0,0,0,595.0,9.254838709677422,1.015126050420168
2022-03-03,607,0.9,-2.7,0.0,0.0,27.2,0,0,0,0,0,595.0,-7.345161290322578,1.0201680672268907
2022-03-31,577,11.2,1.2,16.9,0.35,27.3,1,0,0,0,0,595.0,2.9548387096774213,0.9697478991596639
2022-03-25,614,8.8,1.7,1.1,0.0,35.8,0,0,0,0,0,599.25,0.5548387096774228,1.0246141009595326
2022-03-18,581,4.8,3.1,18.5,0.0,30.2,1,0,0,0,0,599.25,-3.445161290322578,0.9695452649144765
2022-03-11,557,1.6,-8.1,2.2,1.54,34.6,0,0,0,0,0,599.25,-6.645161290322578,0.9294952023362536
2022-03-04,645,3.0,-4.0,0.0,0.0,22.6,0,0,0,0,0,599.25,-5.245161290322578,1.0763454317897372
2022-03-19,585,5.2,1.9,6.7,0.0,27.3,0,0,0,0,0,605.25,-3.0451612903225778,0.966542750929368
2022-03-12,633,-4.6,-12.3,0.0,0.0,25.7,0,0,0,0,0,605.25,-12.845161290322578,1.0458488228004956
2022-03-05,620,20.0,2.2,5.7,0.0,43.1,0,0,0,0,0,605.25,11.754838709677422,1.0243700950020653
2022-03-26,583,1.2,-2.4,0.0,0.0,32.5,0,0,0,0,0,605.25,-7.045161290322578,0.963238331268071
2022-04-03,586,6.4,-2.2,1.1,0.0,14.5,0,0,0,0,0,589.25,-5.203333333333333,0.9944845142129826
2022-04-17,528,3.7,-0.7,0.0,0.0,21.0,0,0,0,0,0,589.25,-7.903333333333333,0.8960543063215952
2022-04-10,623,14.0,-1.3,0.0,0.0,32.6,0,0,0,0,0,589.25,2.3966666666666665,1.0572761985574883
2022-04-24,620,22.0,13.8,5.0,0.0,41.7,0,0,0,0,0,589.25,10.396666666666667,1.0521849809079338
2022-04-04,600,12.4,3.8,9.7,0.0,28.5,0,0,0,0,0,581.25,0.7966666666666669,1.032258064516129
2022-04-18,582,6.6,1.3,6.6,1.96,34.7,0,0,0,0,0,581.25,-5.003333333333334,1.001290322580645
2022-04-11,575,14.8,5.7,2.5,0.0,33.1,0,0,0,0,0,581.25,3.196666666666667,0.989247311827957
2022-04-25,568,12.4,5.0,0.0,0.0,31.0,0,0,0,0,0,581.25,0.7966666666666669,0.9772043010752688
2022-04-12,597,18.3,3.0,0.6,0.0,36.7,0,0,0,0,0,585.75,6.696666666666667,1.0192061459667094
2022-04-19,546,6.8,0.9,0.0,0.0,26.3,0,0,0,0,0,585.75,-4.803333333333334,0.9321382842509603
2022-04-26,618,10.9,2.7,0.0,0.0,33.6,0,0,0,0,0,585.75,-0.7033333333333331,1.0550576184379001
2022-04-05,582,9.5,1.0,0.0,0.0,22.2,0,0,0,0,0,585.75,-2.1033333333333335,0.9935979513444302
2022-04-27,593,3.8,1.0,0.1,0.0,25.3,0,0,0,0,0,592.25,-7.803333333333334,1.0012663571127058
2022-04-20,614,10.5,3.6,5.1,0.0,38.4,0,0,0,0,0,592.25,-1.1033333333333335,1.0367243562684678
2022-04-13,553,21.7,6.9,18.7,0.0,42.1,1,0,0,0,0,592.25,10.096666666666666,0.9337273111017307
2022-04-06,609,13.7,7.0,15.2,0.0,41.4,1,0,0,0,0,592.25,2.096666666666666,1.0282819755170958
2022-04-07,591,8.0,4.1,2.0,0.0,36.1,0,0,0,0,0,582.0,-3.6033333333333335,1.0154639175257731
2022-04-28,558,8.6,2.2,1.2,0.0,23.5,0,0,0,0,0,582.0,-3.003333333333334,0.9587628865979382
2022-04-21,612,19.5,9.1,1.7,0.0,32.7,0,0,0,0,0,582.0,7.8966666666666665,1.0515463917525774
2022-04-14,567,10.0,1.7,0.0,0.0,53.5,0,0,0,0,1,582.0,-1.6033333333333335,0.9742268041237113
2022-04-01,769,4.4,-1.9,0.6,0.42,21.7,0,0,0,0,0,638.6,-7.203333333333333,1.2041966802380206
2022-04-15,638,12.0,3.0,1.1,0.35,28.0,0,0,0,0,0,638.6,0.3966666666666665,0.9990604447228312
2022-04-22,600,14.5,7.1,3.8,0.0,32.9,0,0,0,0,0,638.6,2.8966666666666665,0.9395552771688067
2022-04-29,616,14.3,7.6,1.5,0.0,27.7,0,0,0,0,0,638.6,2.696666666666667,0.9646100845599749
2022-04-08,570,4.1,1.1,5.1,0.98,25.9,0,0,0,0,0,638.6,-7.503333333333334,0.8925775133103664
2022-04-23,705,25.8,14.0,0.0,0.0,36.7,0,0,0,0,0,612.8,14.196666666666667,1.1504569190600522
2022-04-02,581,5.7,-1.2,5.3,0.07,20.8,0,0,0,0,0,612.8,-5.903333333333333,0.9481070496083551
2022-04-30,612,19.8,9.4,29.8,0.0,34.7,1,0,0,0,0,612.8,8.196666666666667,0.9986945169712794
2022-04-16,593,7.9,0.0,0.0,0.0,22.6,0,0,0,0,0,612.8,-3.703333333333333,0.9676892950391646
2022-04-09,573,6.0,-1.4,0.2,0.14,22.7,0,0,0,0,0,612.8,-5.6033333333333335,0.9350522193211489
2022-05-01,694,14.2,9.4,0.0,0.0,35.5,0,0,0,0,0,655.6,-5.767741935483869,1.0585723001830385
2022-05-22,599,16.1,10.1,0.1,0.0,22.4,0,0,0,0,0,655.6,-3.867741935483867,0.913666870042709
2022-05-15,690,20.9,14.9,0.8,0.0,19.1,0,0,0,0,0,655.6,0.9322580645161302,1.0524710189139719
2022-05-29,696,27.0,15.5,0.0,0.0,32.1,0,0,0,0,0,655.6,7.032258064516132,1.0616229408175717
2022-05-08,599,16.5,6.1,0.0,0.0,25.2,0,0,0,0,0,655.6,-3.4677419354838683,0.913666870042709
2022-05-30,724,29.1,19.7,0.0,0.0,33.8,0,0,0,0,0,659.6,9.132258064516133,1.097634930260764
2022-05-23,671,13.4,9.0,0.0,0.0,20.9,0,0,0,0,0,659.6,-6.567741935483868,1.01728320194057
2022-05-02,580,13.1,7.4,0.1,0.0,19.1,0,0,0,0,0,659.6,-6.867741935483869,0.8793208004851425
2022-05-09,654,23.6,11.2,0.0,0.0,38.0,0,0,0,0,0,659.6,3.632258064516133,0.9915100060642813
2022-05-16,669,24.6,12.3,0.1,0.0,30.0,0,0,0,0,0,659.6,4.632258064516133,1.014251061249242
2022-05-10,639,29.4,17.8,2.5,0.0,29.9,0,0,0,0,0,638.6,9.43225806451613,1.000626370184779
2022-05-24,658,15.4,8.8,0.0,0.0,26.2,0,0,0,0,0,638.6,-4.567741935483868,1.0303789539617914
2022-05-17,653,16.0,10.0,0.0,0.0,21.6,0,0,0,0,0,638.6,-3.9677419354838683,1.0225493266520513
2022-05-31,692,28.5,21.3,7.8,0.0,32.1,0,0,0,0,0,638.6,8.532258064516132,1.0836204196680237
2022-05-03,551,9.2,5.9,26.3,0.0,41.2,1,0,0,0,0,638.6,-10.767741935483869,0.8628249295333542
2022-05-18,657,15.9,11.2,7.2,0.0,22.1,0,0,0,0,0,657.75,-4.067741935483868,0.9988597491448119
2022-05-11,690,23.9,16.6,0.8,0.0,22.1,0,0,0,0,0,657.75,3.9322580645161302,1.0490307867730901
2022-05-25,670,23.7,12.3,9.0,0.0,26.6,0,0,0,0,0,657.75,3.732258064516131,1.0186240973014062
2022-05-04,614,8.9,4.2,0.0,0.0,35.4,0,0,0,0,0,657.75,-11.067741935483868,0.9334853667806917
2022-05-26,659,23.7,16.7,3.8,0.0,25.5,0,0,0,0,0,649.75,3.732258064516131,1.0142362447095037
2022-05-05,634,10.0,4.4,10.8,0.0,20.1,1,0,0,0,0,649.75,-9.967741935483868,0.9757599076567911
2022-05-12,619,29.7,19.5,0.0,0.0,24.6,0,0,0,0,0,649.75,9.732258064516131,0.9526741054251635
2022-05-19,687,28.5,11.2,0.2,0.0,30.2,0,0,0,0,0,649.75,8.532258064516132,1.0573297422085417
2022-05-20,707,30.5,14.0,17.8,0.0,46.7,1,0,1,0,1,672.25,10.532258064516132,1.0516920788397173
2022-05-27,664,15.9,10.8,30.6,0.0,42.3,1,0,0,0,0,672.25,-4.067741935483868,0.9877277798438081
2022-05-13,708,29.0,17.2,0.0,0.0,21.7,0,0,0,0,0,672.25,9.032258064516132,1.0531796206768316
2022-05-06,610,8.7,7.5,7.7,0.0,32.7,0,0,0,0,0,672.25,-11.267741935483869,0.9074005206396429
2022-05-28,626,20.6,9.2,0.0,0.0,22.3,0,0,0,0,0,606.5,0.6322580645161331,1.032151690024732
2022-05-21,587,16.4,12.9,22.2,0.0,17.5,1,0,0,0,0,606.5,-3.5677419354838698,0.9678483099752679
2022-05-07,568,12.3,6.0,0.0,0.0,26.1,0,0,0,0,0,606.5,-7.667741935483868,0.9365210222588624
2022-05-14,645,24.3,16.2,0.0,0.0,16.9,0,0,0,0,0,606.5,4.332258064516132,1.0634789777411378
2022-06-26,732,27.1,19.2,0.4,0.0,28.3,0,0,0,0,0,696.0,0.4299999999999997,1.0517241379310345
2022-06-12,692,18.3,12.3,2.2,0.0,24.8,0,0,0,0,0,696.0,-8.370000000000001,0.9942528735632183
2022-06-05,627,21.8,15.2,0.6,0.0,16.7,0,0,0,0,0,696.0,-4.870000000000001,0.9008620689655172
2022-06-19,733,29.8,13.0,0.0,0.0,22.3,0,0,0,0,0,696.0,3.129999999999999,1.0531609195402298
2022-06-27,708,22.4,15.5,0.0,0.0,21.0,0,0,0,0,0,690.75,-4.270000000000003,1.024972855591748
2022-06-06,650,25.9,13.7,24.1,0.0,23.3,1,0,0,0,0,690.75,-0.7700000000000031,0.9410061527325371
2022-06-20,760,35.0,18.5,0.0,0.0,25.3,0,0,1,0,0,690.75,8.329999999999998,1.1002533478103511
2022-06-13,645,29.5,12.6,7.7,0.0,29.8,0,0,0,0,0,690.75,2.8299999999999983,0.9337676438653637
2022-06-14,660,35.9,21.5,0.0,0.0,26.8,0,0,1,0,0,673.5,9.229999999999997,0.9799554565701559
2022-06-07,659,15.2,11.7,0.2,0.0,28.4,0,0,0,0,0,673.5,-11.470000000000002,0.9784706755753526
2022-06-21,652,37.4,22.4,0.0,0.0,30.1,0,0,1,0,0,673.5,10.729999999999997,0.9680772086117297
2022-06-28,723,28.7,14.2,0.0,0.0,22.5,0,0,0,0,0,673.5,2.0299999999999976,1.0734966592427617
2022-06-15,705,35.8,25.6,0.0,0.0,39.0,0,0,1,0,0,701.6,9.129999999999995,1.0048460661345495
2022-06-22,697,29.8,22.5,0.0,0.0,20.7,0,0,0,0,0,701.6,3.129999999999999,0.9934435575826681
2022-06-01,765,20.8,14.8,1.3,0.0,18.7,0,0,0,0,0,701.6,-5.870000000000001,1.09036488027366
2022-06-29,704,27.5,19.1,2.4,0.0,20.3,0,0,0,0,0,701.6,0.8299999999999983,1.0034207525655643
2022-06-08,637,19.2,12.8,6.4,0.0,23.3,0,0,0,0,0,701.6,-7.470000000000002,0.9079247434435576
2022-06-09,636,24.6,11.4,0.0,0.0,21.9,0,0,0,0,0,680.4,-2.0700000000000003,0.9347442680776015
2022-06-02,665,21.4,14.5,0.7,0.0,13.1,0,0,0,0,0,680.4,-5.270000000000003,0.977366255144033
2022-06-23,644,26.0,18.5,0.0,0.0,18.8,0,0,0,0,0,680.4,-0.6700000000000017,0.9465020576131687
2022-06-30,737,34.0,21.7,0.0,0.0,29.1,0,0,1,0,0,680.4,7.329999999999998,1.0831863609641388
2022-06-16,720,34.9,22.7,0.0,0.0,38.4,0,0,1,0,0,680.4,8.229999999999997,1.0582010582010581
2022-06-24,759,31.1,17.8,0.0,0.0,19.4,0,0,1,0,0,714.25,4.43,1.0626531326566329
2022-06-10,659,25.1,13.8,0.6,0.0,18.2,0,0,0,0,0,714.25,-1.5700000000000003,0.9226461323066153
2022-06-17,730,28.3,18.8,0.0,0.0,22.7,0,0,0,0,0,714.25,1.629999999999999,1.0220511025551278
2022-06-03,709,26.7,14.1,0.0,0.0,24.6,0,0,0,0,0,714.25,0.029999999999997584,0.9926496324816241
2022-06-18,726,19.0,13.5,0.0,0.0,23.8,0,0,0,0,0,679.5,-7.670000000000002,1.0684326710816776
2022-06-04,609,19.6,12.5,0.0,0.0,17.1,0,0,0,0,0,679.5,-7.07,0.8962472406181016
2022-06-25,677,26.1,20.2,18.4,0.0,25.8,1,0,0,0,0,679.5,-0.5700000000000003,0.9963208241353937
2022-06-11,706,23.2,13.1,0.0,0.0,16.6,0,0,0,0,0,679.5,-3.4700000000000024,1.0389992641648271
2022-07-10,683,27.8,16.1,0.0,0.0,18.6,0,0,0,0,0,727.0,0.6064516129032249,0.9394773039889959
2022-07-03,717,27.6,17.6,0.0,0.0,15.1,0,0,0,0,0,727.0,0.4064516129032256,0.9862448418156808
2022-07-24,719,30.2,23.2,10.4,0.0,32.7,1,0,1,0,0,727.0,3.0064516129032235,0.9889958734525447
2022-07-17,754,23.4,19.8,2.6,0.0,21.7,0,0,0,0,0,727.0,-3.793548387096777,1.0371389270976616
2022-07-31,762,28.6,17.6,0.0,0.0,21.7,0,0,0,0,0,727.0,1.4064516129032256,1.0481430536451168
2022-07-18,785,29.0,18.7,0.0,0.0,13.8,0,0,0,0,0,732.75,1.8064516129032242,1.0713067212555443
2022-07-11,708,30.1,20.3,0.0,0.0,29.2,0,0,1,0,0,732.75,2.9064516129032256,0.9662231320368475
2022-07-25,730,22.7,19.3,0.2,0.0,16.6,0,0,0,0,0,732.75,-4.4935483870967765,0.9962470146707608
2022-07-04,708,33.0,19.7,0.2,0.0,25.5,0,0,1,0,0,732.75,5.806451612903224,0.9662231320368475
2022-07-19,706,30.3,20.0,0.0,0.0,28.7,0,0,1,0,0,680.75,3.106451612903225,1.0370914432611091
2022-07-12,674,30.2,20.2,0.0,0.0,23.2,0,0,1,0,0,680.75,3.0064516129032235,0.9900844656628718
2022-07-26,712,25.0,16.8,0.0,0.0,18.9,0,0,0,0,0,680.75,-2.193548387096776,1.0459052515607785
2022-07-05,631,29.5,21.0,16.7,0.0,24.4,1,0,0,0,0,680.75,2.306451612903224,0.9269188395152406
2022-07-13,644,25.4,18.9,0.4,0.0,23.5,0,0,0,0,0,671.5,-1.7935483870967772,0.9590469099032017
2022-07-06,660,22.2,18.2,32.9,0.0,25.5,1,0,0,0,0,671.5,-4.9935483870967765,0.9828741623231572
2022-07-27,687,28.8,20.3,1.1,0.0,23.0,0,0,0,0,0,671.5,1.606451612903225,1.0230826507818318
2022-07-20,695,31.3,23.9,0.7,0.0,36.0,0,0,1,0,0,671.5,4.106451612903225,1.0349962769918093
2022-07-28,745,27.5,19.0,0.6,0.0,19.6,0,0,0,0,0,694.25,0.3064516129032242,1.0731004681310767
2022-07-21,651,30.5,20.2,3.0,0.0,29.9,0,0,1,0,0,694.25,3.306451612903224,0.9377025567158804
2022-07-14,688,23.3,16.6,0.0,0.0,22.8,0,0,0,0,0,694.25,-3.893548387096775,0.9909974792942023
2022-07-07,693,26.8,18.2,0.0,0.0,18.4,0,0,0,0,0,694.25,-0.3935483870967751,0.9981994958588405
2022-07-08,687,23.0,19.7,15.9,0.0,26.0,1,0,0,0,0,766.0,-4.193548387096776,0.8968668407310705
2022-07-15,628,24.6,18.4,23.9,0.0,22.3,1,0,0,0,0,766.0,-2.5935483870967744,0.8198433420365535
2022-07-01,918,27.4,19.6,0.3,0.0,24.8,0,0,0,0,0,766.0,0.20645161290322278,1.1984334203655354
2022-07-29,840,26.4,16.2,0.2,0.0,19.0,0,0,0,0,0,766.0,-0.7935483870967772,1.0966057441253263
2022-07-22,757,31.2,20.2,0.0,0.0,23.6,0,0,1,0,0,766.0,4.0064516129032235,0.9882506527415144
2022-07-09,647,22.0,18.3,0.0,0.0,27.6,0,0,0,0,0,729.2,-5.193548387096776,0.8872737246297312
2022-07-23,697,30.3,20.8,12.1,0.0,32.1,1,0,1,0,0,729.2,3.106451612903225,0.9558420186505759
2022-07-30,868,25.9,16.7,0.0,0.0,14.6,0,0,0,0,0,729.2,-1.2935483870967772,1.190345584201865
2022-07-02,749,26.2,17.7,0.0,0.0,15.1,0,0,0,0,0,729.2,-0.9935483870967765,1.0271530444322545
2022-07-16,685,22.8,19.3,2.7,0.0,25.7,0,0,0,0,0,729.2,-4.393548387096775,0.9393856280855731
2022-08-14,707,23.1,19.1,1.1,0.0,27.1,0,0,0,0,0,692.25,-3.4999999999999964,1.0213073311664862
2022-08-07,702,28.9,23.6,46.6,0.0,20.9,1,0,0,0,0,692.25,2.3000000000000007,1.0140845070422535
2022-08-21,672,22.4,18.6,15.2,0.0,23.1,1,0,0,0,0,692.25,-4.199999999999999,0.9707475622968581
2022-08-28,688,31.0,20.2,17.8,0.0,28.1,1,0,1,0,0,692.25,4.400000000000002,0.9938605994944023
2022-08-29,726,32.3,22.6,0.3,0.0,28.9,0,0,1,0,0,717.8,5.699999999999999,1.0114237949289497
2022-08-08,663,27.8,19.3,16.3,0.0,30.2,1,0,0,0,0,717.8,1.2000000000000028,0.923655614377264
2022-08-15,717,23.0,18.9,0.8,0.0,22.5,0,0,0,0,0,717.8,-3.599999999999998,0.9988854834215659
2022-08-22,715,23.8,17.5,0.1,0.0,14.8,0,0,0,0,0,717.8,-2.799999999999997,0.9960991919754807
2022-08-01,768,30.8,21.5,2.3,0.0,30.0,0,0,1,0,0,717.8,4.200000000000003,1.06993591529674
2022-08-02,719,30.8,18.6,0.0,0.0,24.3,0,0,1,0,0,696.6,4.200000000000003,1.032156187194947
2022-08-23,698,26.0,16.9,0.0,0.0,13.3,0,0,0,0,0,696.6,-0.5999999999999979,1.0020097616996841
2022-08-09,686,21.4,17.7,0.2,0.0,21.9,0,0,0,0,0,696.6,-5.199999999999999,0.9847832328452483
2022-08-30,724,26.9,18.8,0.0,0.0,24.3,0,0,0,0,0,696.6,0.3000000000000007,1.0393339075509618
2022-08-16,656,23.5,19.0,0.0,0.0,22.2,0,0,0,0,0,696.6,-3.099999999999998,0.9417169107091587
2022-08-31,734,29.4,16.5,0.0,0.0,21.9,0,0,0,0,0,721.6,2.8000000000000007,1.0171840354767183
2022-08-17,700,24.5,17.1,0.1,0.0,17.8,0,0,0,0,0,721.6,-2.099999999999998,0.9700665188470067
2022-08-10,733,26.1,14.8,0.0,0.0,14.0,0,0,0,0,0,721.6,-0.49999999999999645,1.0157982261640799
2022-08-03,735,29.8,23.5,6.6,0.0,31.9,0,0,0,0,0,721.6,3.200000000000003,1.018569844789357
2022-08-24,706,26.7,17.4,0.0,0.0,17.3,0,0,0,0,0,721.6,0.10000000000000142,0.9783813747228381
2022-08-25,695,28.1,18.1,9.0,0.0,22.7,0,0,0,0,0,705.25,1.5000000000000036,0.9854661467564694
2022-08-11,725,23.7,18.2,0.1,0.0,24.7,0,0,0,0,0,705.25,-2.8999999999999986,1.0280042538107055
2022-08-18,661,26.9,16.0,0.3,0.0,11.6,0,0,0,0,0,705.25,0.3000000000000007,0.9372562920950017
2022-08-04,740,26.1,20.8,2.3,0.0,23.5,0,0,0,0,0,705.25,-0.49999999999999645,1.0492733073378235
2022-08-19,722,29.8,18.8,0.0,0.0,21.7,0,0,0,0,0,761.75,3.200000000000003,0.947817525434854
2022-08-12,771,24.0,17.4,0.0,0.0,18.4,0,0,0,0,0,761.75,-2.599999999999998,1.0121430915654743
2022-08-05,788,27.2,20.0,0.0,0.0,19.5,0,0,0,0,0,761.75,0.6000000000000014,1.0344601247128322
2022-08-26,766,21.8,17.6,0.0,0.0,22.6,0,0,0,0,0,761.75,-4.799999999999997,1.0055792582868395
2022-08-20,685,26.0,19.5,19.5,0.0,21.9,1,0,0,0,0,727.5,-0.5999999999999979,0.9415807560137457
2022-08-06,749,32.4,22.1,3.8,0.0,20.3,0,0,1,0,0,727.5,5.800000000000001,1.029553264604811
2022-08-13,705,25.6,16.6,1.8,0.0,30.5,0,0,0,0,0,727.5,-0.9999999999999964,0.9690721649484536
2022-08-27,771,24.8,16.2,0.0,0.0,18.7,0,0,0,0,0,727.5,-1.7999999999999972,1.0597938144329897
2022-09-11,664,21.4,14.7,47.6,0.0,54.0,1,0,0,0,1,696.0,-1.7666666666666693,0.9540229885057471
2022-09-18,742,29.6,20.8,5.2,0.0,23.9,0,0,0,0,0,696.0,6.433333333333334,1.0660919540229885
2022-09-25,665,19.7,14.0,5.5,0.0,27.8,0,0,0,0,0,696.0,-3.4666666666666686,0.9554597701149425
2022-09-04,713,22.2,19.2,3.8,0.0,27.9,0,0,0,0,0,696.0,-0.9666666666666686,1.0244252873563218
2022-09-05,728,21.4,18.2,0.3,0.0,23.5,0,0,0,0,0,739.0,-1.7666666666666693,0.9851150202976996
2022-09-19,784,21.6,17.0,0.3,0.0,22.3,0,0,0,0,0,739.0,-1.5666666666666664,1.060893098782138
2022-09-12,729,17.1,12.6,1.3,0.0,28.8,0,0,0,0,0,739.0,-6.066666666666666,0.986468200270636
2022-09-26,715,16.5,10.9,0.1,0.0,30.1,0,0,0,0,0,739.0,-6.666666666666668,0.9675236806495264
2022-09-27,678,14.2,8.1,0.5,0.0,27.2,0,0,0,0,0,712.5,-8.966666666666669,0.9515789473684211
2022-09-13,674,22.9,14.0,0.5,0.0,20.5,0,0,0,0,0,712.5,-0.26666666666666927,0.9459649122807018
2022-09-06,758,24.0,19.3,1.1,0.0,16.8,0,0,0,0,0,712.5,0.8333333333333321,1.063859649122807
2022-09-20,740,30.9,16.3,9.2,0.0,25.5,0,0,1,0,0,712.5,7.733333333333331,1.03859649122807
2022-09-28,739,13.4,10.1,0.1,0.0,25.4,0,0,0,0,0,748.0,-9.766666666666667,0.9879679144385026
2022-09-07,744,23.8,18.9,1.0,0.0,17.5,0,0,0,0,0,748.0,0.6333333333333329,0.9946524064171123
2022-09-21,807,28.3,18.0,0.0,0.0,39.2,0,0,0,0,0,748.0,5.133333333333333,1.0788770053475936
2022-09-14,702,22.8,13.6,0.0,0.0,19.4,0,0,0,0,0,748.0,-0.36666666666666714,0.9385026737967914
2022-09-08,761,27.3,15.6,0.0,0.0,14.5,0,0,0,0,0,742.6,4.133333333333333,1.0247778077026664
2022-09-15,707,27.4,15.4,0.0,0.0,15.8,0,0,0,0,0,742.6,4.233333333333331,0.952060328575276
2022-09-01,779,30.8,19.4,0.0,0.0,16.9,0,0,1,0,0,742.6,7.633333333333333,1.0490169674117964
2022-09-22,729,17.1,13.1,0.0,0.0,29.1,0,0,0,0,0,742.6,-6.066666666666666,0.9816859682197684
2022-09-29,737,14.8,8.5,0.0,0.0,15.1,0,0,0,0,0,742.6,-8.366666666666667,0.9924589280904929
2022-09-23,729,17.4,11.5,0.0,0.0,19.2,0,0,0,0,0,771.4,-5.766666666666669,0.9450350012963443
2022-09-16,745,28.3,17.6,0.0,0.0,21.0,0,0,0,0,0,771.4,5.133333333333333,0.9657765102411201
2022-09-09,776,28.3,16.0,0.0,0.0,20.5,0,0,0,0,0,771.4,5.133333333333333,1.005963183821623
2022-09-02,827,30.1,20.9,0.0,0.0,23.3,0,0,1,0,0,771.4,6.933333333333334,1.0720767435830958
2022-09-30,780,16.1,8.3,0.0,0.0,17.2,0,0,0,0,0,771.4,-7.066666666666666,1.011148561057817
2022-09-17,739,30.3,19.7,0.4,0.0,31.2,0,0,1,0,0,772.75,7.133333333333333,0.9563248139760595
2022-09-10,793,28.0,16.4,0.0,0.0,12.7,0,0,0,0,0,772.75,4.833333333333332,1.0262051116143642
2022-09-24,751,22.6,13.0,5.8,0.0,23.6,0,0,0,0,0,772.75,-0.5666666666666664,0.9718537690067939
2022-09-03,808,26.7,19.5,0.5,0.0,26.7,0,0,0,0,0,772.75,3.5333333333333314,1.0456163054027823
2022-10-30,727,13.5,6.5,7.0,0.0,14.6,0,0,0,0,0,746.0,-2.725806451612904,0.9745308310991957
2022-10-02,713,16.3,13.5,0.0,0.0,25.5,0,0,0,0,0,746.0,0.0741935483870968,0.9557640750670241
2022-10-23,872,24.0,15.2,0.0,0.0,33.7,0,0,0,0,0,746.0,7.774193548387096,1.1689008042895441
2022-10-16,752,12.7,5.6,0.0,0.0,29.4,0,0,0,0,0,746.0,-3.5258064516129046,1.0080428954423593
2022-10-09,666,19.5,6.6,0.1,0.0,21.6,0,0,0,0,0,746.0,3.274193548387096,0.8927613941018767
2022-10-03,715,16.1,8.3,0.0,0.0,19.4,0,0,0,0,0,760.6,-0.1258064516129025,0.9400473310544307
2022-10-10,717,19.6,7.6,0.0,0.0,16.2,0,0,0,0,0,760.6,3.3741935483870975,0.9426768340783591
2022-10-31,781,13.6,9.8,5.8,0.0,12.3,0,0,0,0,0,760.6,-2.6258064516129043,1.0268209308440703
2022-10-24,859,22.8,16.4,2.3,0.0,33.6,0,0,0,0,0,760.6,6.574193548387097,1.129371548777281
2022-10-17,731,6.2,2.1,1.0,0.07,39.3,0,0,0,0,0,760.6,-10.025806451612905,0.9610833552458585
2022-10-25,706,20.1,10.2,30.5,0.0,33.4,1,0,0,0,0,694.5,3.8741935483870975,1.0165586753059754
2022-10-04,700,21.5,6.9,0.0,0.0,12.1,0,0,0,0,0,694.5,5.274193548387096,1.007919366450684
2022-10-11,685,22.2,11.1,11.9,0.0,37.9,1,0,0,0,0,694.5,5.974193548387095,0.986321094312455
2022-10-18,687,7.6,1.2,0.2,0.14,36.3,0,0,0,0,0,694.5,-8.625806451612904,0.9892008639308856
2022-10-12,748,20.8,10.8,6.4,0.0,42.5,0,0,0,0,0,738.0,4.574193548387097,1.013550135501355
2022-10-19,724,8.2,0.9,0.0,0.0,30.6,0,0,0,0,0,738.0,-8.025806451612905,0.981029810298103
2022-10-05,736,23.8,9.2,0.0,0.0,16.3,0,0,0,0,0,738.0,7.574193548387097,0.997289972899729
2022-10-26,744,12.1,6.3,12.3,0.0,34.3,1,0,0,0,0,738.0,-4.125806451612904,1.008130081300813
2022-10-06,754,23.8,12.4,2.1,0.0,39.1,0,0,0,0,0,724.5,7.574193548387097,1.0407177363699103
2022-10-13,679,12.2,4.0,0.5,0.0,42.3,0,0,0,0,0,724.5,-4.025806451612905,0.9371980676328503
2022-10-27,747,9.8,3.6,0.0,0.0,20.0,0,0,0,0,0,724.5,-6.425806451612903,1.031055900621118
2022-10-20,718,14.6,0.9,0.0,0.0,21.1,0,0,0,0,0,724.5,-1.6258064516129043,0.9910282953761215
2022-10-28,775,11.7,6.5,0.0,0.0,19.0,0,0,0,0,0,740.25,-4.525806451612905,1.0469436001350896
2022-10-07,711,11.9,7.6,2.9,0.0,37.2,0,0,0,0,0,740.25,-4.325806451612904,0.9604863221884499
2022-10-21,763,22.0,6.6,0.0,0.0,32.7,0,0,0,0,0,740.25,5.774193548387096,1.0307328605200945
2022-10-14,712,15.0,2.8,3.9,0.0,38.8,0,0,0,0,0,740.25,-1.225806451612904,0.961837217156366
2022-10-01,834,17.9,12.4,0.0,0.0,24.6,0,0,0,0,0,797.6,1.6741935483870947,1.0456369107321966
2022-10-08,740,13.9,3.1,0.0,0.0,27.2,0,0,0,0,0,797.6,-2.3258064516129036,0.9277833500501504
2022-10-15,783,11.4,2.5,0.0,0.0,27.3,0,0,0,0,0,797.6,-4.825806451612904,0.9816950852557673
2022-10-22,861,24.5,13.3,0.0,0.0,30.3,0,0,0,0,0,797.6,8.274193548387096,1.0794884653961885
2022-10-29,770,13.7,5.5,0.0,0.0,12.6,0,0,0,0,0,797.6,-2.5258064516129046,0.9653961885656971
2022-11-20,598,0.4,-9.8,0.0,0.0,32.5,0,0,0,0,0,669.75,-9.63,0.8928704740574841
2022-11-06,740,15.8,6.9,0.0,0.0,34.2,0,0,0,0,0,669.75,5.77,1.104889884285181
2022-11-13,678,2.8,-2.2,0.0,0.0,21.4,0,0,0,0,0,669.75,-7.230000000000001,1.0123180291153415
2022-11-27,663,7.0,3.7,7.3,0.0,36.1,0,0,0,0,0,669.75,-3.030000000000001,0.9899216125419933
2022-11-07,688,10.2,3.8,0.0,0.0,19.8,0,0,0,0,0,674.25,0.16999999999999815,1.0203930292918058
2022-11-14,624,4.4,-3.4,0.0,0.0,23.2,0,0,0,0,0,674.25,-5.630000000000001,0.9254727474972191
2022-11-21,673,7.4,-1.6,0.0,0.0,32.0,0,0,0,0,0,674.25,-2.630000000000001,0.9981460882461994
2022-11-28,712,8.0,-2.0,0.0,0.0,21.3,0,0,0,0,0,674.25,-2.030000000000001,1.0559881349647757
2022-11-29,704,13.9,3.2,5.7,0.0,36.8,0,0,0,0,0,695.6,3.869999999999999,1.012075905692927
2022-11-01,878,18.6,6.9,0.0,0.0,15.3,0,0,0,0,0,695.6,8.57,1.2622196664749856
2022-11-22,668,9.2,-2.8,0.0,0.0,16.8,0,0,0,0,0,695.6,-0.8300000000000018,0.9603220241518113
2022-11-15,594,2.8,1.2,6.0,2.52,26.8,0,1,0,0,0,695.6,-7.230000000000001,0.8539390454284072
2022-11-08,634,11.0,6.3,0.0,0.0,26.6,0,0,0,0,0,695.6,0.9699999999999989,0.9114433582518688
2022-11-16,642,2.0,-1.8,2.9,1.61,24.1,0,0,0,0,0,694.0,-8.030000000000001,0.9250720461095101
2022-11-02,771,19.9,7.3,0.0,0.0,20.9,0,0,0,0,0,694.0,9.869999999999997,1.1109510086455332
2022-11-30,658,4.1,-5.7,0.0,0.0,42.9,0,0,0,0,0,694.0,-5.9300000000000015,0.9481268011527377
2022-11-23,729,12.1,-1.0,0.0,0.0,19.7,0,0,0,0,0,694.0,2.0699999999999985,1.0504322766570606
2022-11-09,670,19.6,7.8,0.4,0.0,26.0,0,0,0,0,0,694.0,9.57,0.9654178674351584
2022-11-24,567,11.0,2.6,0.0,0.0,19.4,0,0,0,0,0,675.0,0.9699999999999989,0.84
2022-11-03,772,20.9,11.3,0.0,0.0,31.0,0,0,0,0,0,675.0,10.869999999999997,1.1437037037037037
2022-11-17,641,2.1,-2.2,0.2,0.14,38.3,0,0,0,0,0,675.0,-7.9300000000000015,0.9496296296296296
2022-11-10,720,21.6,15.0,0.0,0.0,28.7,0,0,0,0,0,675.0,11.57,1.0666666666666667
2022-11-11,779,14.9,0.4,0.0,0.0,23.8,0,0,0,0,0,728.75,4.869999999999999,1.0689536878216124
2022-11-25,655,10.0,0.1,0.0,0.0,20.4,0,0,0,0,0,728.75,-0.030000000000001137,0.8987993138936535
2022-11-04,782,20.3,16.0,1.8,0.0,39.6,0,0,0,0,0,728.75,10.27,1.0730703259005145
2022-11-18,699,-2.2,-6.1,0.2,0.14,32.3,0,0,0,0,0,728.75,-12.23,0.9591766723842196
2022-11-19,639,-1.2,-7.0,0.0,0.0,38.6,0,0,0,0,0,687.75,-11.23,0.9291166848418757
2022-11-26,698,11.5,1.0,0.0,0.0,25.3,0,0,0,0,0,687.75,1.4699999999999989,1.014903671392221
2022-11-12,721,3.3,-0.1,0.0,0.0,24.1,0,0,0,0,0,687.75,-6.730000000000001,1.0483460559796438
2022-11-05,693,19.5,7.2,14.1,0.0,54.6,1,0,0,0,1,687.75,9.469999999999999,1.0076335877862594
2022-12-04,689,3.4,-6.3,0.0,0.0,24.9,0,0,0,0,0,608.5,1.2870967741935484,1.132292522596549
2022-12-11,719,4.3,2.0,0.1,0.0,15.2,0,0,0,0,0,608.5,2.1870967741935483,1.181594083812654
2022-12-25,411,-9.6,-16.1,0.0,0.0,27.6,0,0,0,1,0,608.5,-11.712903225806452,0.6754313886606409
2022-12-18,615,-4.4,-9.8,0.0,0.0,25.6,0,0,0,0,0,608.5,-6.512903225806452,1.0106820049301561
2022-12-26,466,-5.1,-11.2,1.1,0.77,17.6,0,0,0,1,0,620.25,-7.212903225806452,0.751309955663039
2022-12-12,729,5.1,2.6,0.3,0.0,19.8,0,0,0,0,0,620.25,2.987096774193548,1.1753325272067714
2022-12-05,677,6.2,-1.7,0.1,0.0,23.4,0,0,0,0,0,620.25,4.087096774193549,1.0914953647722692
2022-12-19,609,-3.5,-11.9,0.0,0.0,15.9,0,0,0,0,0,620.25,-5.612903225806452,0.9818621523579202
2022-12-20,665,2.2,-4.5,0.0,0.0,16.6,0,0,0,0,0,665.75,0.08709677419354867,0.9988734509951183
2022-12-06,748,6.6,1.9,0.0,0.0,16.3,0,0,0,0,0,665.75,4.487096774193548,1.1235448742020278
2022-12-13,672,3.6,0.3,2.4,0.0,29.4,0,0,0,0,0,665.75,1.4870967741935486,1.0093879083740143
2022-12-27,578,-2.6,-12.4,0.0,0.0,31.5,0,0,0,0,0,665.75,-4.712903225806452,0.8681937664288396
2022-12-14,632,7.3,2.3,20.6,0.0,35.7,1,0,0,0,0,664.0,5.187096774193549,0.9518072289156626
2022-12-21,670,-0.3,-7.8,0.0,0.0,18.0,0,0,0,0,0,664.0,-2.4129032258064513,1.0090361445783131
2022-12-07,741,7.6,1.1,0.0,0.0,12.9,0,0,0,0,0,664.0,5.487096774193548,1.1159638554216869
2022-12-28,613,7.1,-4.3,0.0,0.0,42.7,0,0,0,0,0,664.0,4.987096774193548,0.9231927710843374
2022-12-15,591,4.7,-0.6,15.3,0.56,31.1,1,0,0,0,0,644.2,2.5870967741935487,0.9174169512573734
2022-12-01,732,1.8,-7.5,0.0,0.0,25.6,0,0,0,0,0,644.2,-0.31290322580645147,1.1362930766842594
2022-12-29,643,13.6,5.8,0.0,0.0,35.6,0,0,0,0,0,644.2,11.487096774193548,0.998137224464452
2022-12-22,542,1.2,-18.3,5.4,3.78,36.6,0,1,0,0,0,644.2,-0.9129032258064516,0.8413536168891648
2022-12-08,713,5.2,2.0,0.0,0.0,20.6,0,0,0,0,0,644.2,3.0870967741935487,1.10679913070475
2022-12-30,669,11.9,-1.1,0.3,0.0,34.6,0,0,0,0,0,629.2,9.787096774193548,1.0632549268912905
2022-12-23,410,-18.3,-23.3,0.5,0.35,48.3,0,0,0,1,1,629.2,-20.412903225806453,0.6516211061665607
2022-12-16,651,0.3,-3.0,0.5,0.35,32.4,0,0,0,0,0,629.2,-1.8129032258064515,1.0346471710108074
2022-12-02,770,10.1,0.7,0.0,0.0,37.4,0,0,0,0,0,629.2,7.987096774193548,1.2237762237762237
2022-12-09,646,3.1,1.5,12.1,1.82,30.3,1,0,0,0,0,629.2,0.9870967741935486,1.0267005721551175
2022-12-24,393,-9.5,-18.6,0.0,0.0,43.3,0,0,0,1,0,630.8,-11.612903225806452,0.6230183893468612
2022-12-17,643,-2.4,-5.7,0.0,0.0,31.9,0,0,0,0,0,630.8,-4.512903225806451,1.0193405199746355
2022-12-03,650,9.5,-5.4,0.3,0.0,41.1,0,0,0,0,0,630.8,7.387096774193548,1.0304375396322132
2022-12-31,722,2.3,-2.8,0.3,0.14,17.2,0,0,0,0,0,630.8,0.1870967741935483,1.144578313253012
2022-12-10,746,4.1,2.3,0.0,0.0,18.4,0,0,0,0,0,630.8,1.9870967741935481,1.1826252377932784
